Exp,MH,TF,DR,Family,Data
PSO_S1-STD,PSO,S1,STD,S,519919.0
PSO_S1-STD,PSO,S1,STD,S,525759.0
PSO_S1-STD,PSO,S1,STD,S,523487.0
PSO_S1-STD,PSO,S1,STD,S,523393.0
PSO_S1-STD,PSO,S1,STD,S,522015.0
PSO_S1-STD,PSO,S1,STD,S,522415.0
PSO_S1-STD,PSO,S1,STD,S,521971.0
PSO_S1-STD,PSO,S1,STD,S,526317.0
PSO_S1-STD,PSO,S1,STD,S,519794.0
PSO_S1-STD,PSO,S1,STD,S,521301.0
PSO_S1-STD,PSO,S1,STD,S,523418.0
PSO_S1-STD,PSO,S1,STD,S,523485.0
PSO_S1-STD,PSO,S1,STD,S,523027.0
PSO_S1-STD,PSO,S1,STD,S,522015.0
PSO_S1-STD,PSO,S1,STD,S,532491.0
PSO_S1-STD,PSO,S1,STD,S,524252.0
PSO_S1-STD,PSO,S1,STD,S,525985.0
PSO_S1-STD,PSO,S1,STD,S,521304.0
PSO_S1-STD,PSO,S1,STD,S,519437.0
PSO_S1-STD,PSO,S1,STD,S,521321.0
PSO_S1-STD,PSO,S1,STD,S,524980.0
PSO_S1-STD,PSO,S1,STD,S,523374.0
PSO_S1-STD,PSO,S1,STD,S,522701.0
PSO_S1-STD,PSO,S1,STD,S,524396.0
PSO_S1-STD,PSO,S1,STD,S,518190.0
PSO_S1-STD,PSO,S1,STD,S,520796.0
PSO_S1-STD,PSO,S1,STD,S,520250.0
PSO_S1-STD,PSO,S1,STD,S,525192.0
PSO_S1-STD,PSO,S1,STD,S,524749.0
PSO_S1-STD,PSO,S1,STD,S,524169.0
PSO_S1-STD,PSO,S1,STD,S,525981.0
PSO_S2-STD,PSO,S2,STD,S,484502.0
PSO_S2-STD,PSO,S2,STD,S,481892.0
PSO_S2-STD,PSO,S2,STD,S,487382.0
PSO_S2-STD,PSO,S2,STD,S,485000.0
PSO_S2-STD,PSO,S2,STD,S,480196.0
PSO_S2-STD,PSO,S2,STD,S,479585.0
PSO_S2-STD,PSO,S2,STD,S,486084.0
PSO_S2-STD,PSO,S2,STD,S,483145.0
PSO_S2-STD,PSO,S2,STD,S,479975.0
PSO_S2-STD,PSO,S2,STD,S,480843.0
PSO_S2-STD,PSO,S2,STD,S,480280.0
PSO_S2-STD,PSO,S2,STD,S,485558.0
PSO_S2-STD,PSO,S2,STD,S,483242.0
PSO_S2-STD,PSO,S2,STD,S,486455.0
PSO_S2-STD,PSO,S2,STD,S,484102.0
PSO_S2-STD,PSO,S2,STD,S,479205.0
PSO_S2-STD,PSO,S2,STD,S,485314.0
PSO_S2-STD,PSO,S2,STD,S,484728.0
PSO_S2-STD,PSO,S2,STD,S,481139.0
PSO_S2-STD,PSO,S2,STD,S,479795.0
PSO_S2-STD,PSO,S2,STD,S,485159.0
PSO_S2-STD,PSO,S2,STD,S,482062.0
PSO_S2-STD,PSO,S2,STD,S,484248.0
PSO_S2-STD,PSO,S2,STD,S,483240.0
PSO_S2-STD,PSO,S2,STD,S,479521.0
PSO_S2-STD,PSO,S2,STD,S,481441.0
PSO_S2-STD,PSO,S2,STD,S,486627.0
PSO_S2-STD,PSO,S2,STD,S,481197.0
PSO_S2-STD,PSO,S2,STD,S,486472.0
PSO_S2-STD,PSO,S2,STD,S,484444.0
PSO_S2-STD,PSO,S2,STD,S,481838.0
PSO_S3-STD,PSO,S3,STD,S,461119.0
PSO_S3-STD,PSO,S3,STD,S,464999.0
PSO_S3-STD,PSO,S3,STD,S,462503.0
PSO_S3-STD,PSO,S3,STD,S,462177.0
PSO_S3-STD,PSO,S3,STD,S,460458.0
PSO_S3-STD,PSO,S3,STD,S,463810.0
PSO_S3-STD,PSO,S3,STD,S,464441.0
PSO_S3-STD,PSO,S3,STD,S,464827.0
PSO_S3-STD,PSO,S3,STD,S,460144.0
PSO_S3-STD,PSO,S3,STD,S,459071.0
PSO_S3-STD,PSO,S3,STD,S,462034.0
PSO_S3-STD,PSO,S3,STD,S,460962.0
PSO_S3-STD,PSO,S3,STD,S,460669.0
PSO_S3-STD,PSO,S3,STD,S,465807.0
PSO_S3-STD,PSO,S3,STD,S,464514.0
PSO_S3-STD,PSO,S3,STD,S,461757.0
PSO_S3-STD,PSO,S3,STD,S,459775.0
PSO_S3-STD,PSO,S3,STD,S,464430.0
PSO_S3-STD,PSO,S3,STD,S,460389.0
PSO_S3-STD,PSO,S3,STD,S,463311.0
PSO_S3-STD,PSO,S3,STD,S,461240.0
PSO_S3-STD,PSO,S3,STD,S,466361.0
PSO_S3-STD,PSO,S3,STD,S,465573.0
PSO_S3-STD,PSO,S3,STD,S,460912.0
PSO_S3-STD,PSO,S3,STD,S,462208.0
PSO_S3-STD,PSO,S3,STD,S,466187.0
PSO_S3-STD,PSO,S3,STD,S,463106.0
PSO_S3-STD,PSO,S3,STD,S,458869.0
PSO_S3-STD,PSO,S3,STD,S,470235.0
PSO_S3-STD,PSO,S3,STD,S,459926.0
PSO_S3-STD,PSO,S3,STD,S,457629.0
PSO_S4-STD,PSO,S4,STD,S,456060.0
PSO_S4-STD,PSO,S4,STD,S,455968.0
PSO_S4-STD,PSO,S4,STD,S,456456.0
PSO_S4-STD,PSO,S4,STD,S,453203.0
PSO_S4-STD,PSO,S4,STD,S,454925.0
PSO_S4-STD,PSO,S4,STD,S,459908.0
PSO_S4-STD,PSO,S4,STD,S,457295.0
PSO_S4-STD,PSO,S4,STD,S,457318.0
PSO_S4-STD,PSO,S4,STD,S,457816.0
PSO_S4-STD,PSO,S4,STD,S,451867.0
PSO_S4-STD,PSO,S4,STD,S,455299.0
PSO_S4-STD,PSO,S4,STD,S,455581.0
PSO_S4-STD,PSO,S4,STD,S,455405.0
PSO_S4-STD,PSO,S4,STD,S,450563.0
PSO_S4-STD,PSO,S4,STD,S,452747.0
PSO_S4-STD,PSO,S4,STD,S,456515.0
PSO_S4-STD,PSO,S4,STD,S,452452.0
PSO_S4-STD,PSO,S4,STD,S,460530.0
PSO_S4-STD,PSO,S4,STD,S,453300.0
PSO_S4-STD,PSO,S4,STD,S,457014.0
PSO_S4-STD,PSO,S4,STD,S,456133.0
PSO_S4-STD,PSO,S4,STD,S,456461.0
PSO_S4-STD,PSO,S4,STD,S,457669.0
PSO_S4-STD,PSO,S4,STD,S,454505.0
PSO_S4-STD,PSO,S4,STD,S,457887.0
PSO_S4-STD,PSO,S4,STD,S,457395.0
PSO_S4-STD,PSO,S4,STD,S,453803.0
PSO_S4-STD,PSO,S4,STD,S,452295.0
PSO_S4-STD,PSO,S4,STD,S,453828.0
PSO_S4-STD,PSO,S4,STD,S,454154.0
PSO_S4-STD,PSO,S4,STD,S,454393.0
PSO_S1-COM,PSO,S1,COM,S,524595.0
PSO_S1-COM,PSO,S1,COM,S,536503.0
PSO_S1-COM,PSO,S1,COM,S,533403.0
PSO_S1-COM,PSO,S1,COM,S,531041.0
PSO_S1-COM,PSO,S1,COM,S,544701.0
PSO_S1-COM,PSO,S1,COM,S,549197.0
PSO_S1-COM,PSO,S1,COM,S,535605.0
PSO_S1-COM,PSO,S1,COM,S,531532.0
PSO_S1-COM,PSO,S1,COM,S,528526.0
PSO_S1-COM,PSO,S1,COM,S,536562.0
PSO_S1-COM,PSO,S1,COM,S,533826.0
PSO_S1-COM,PSO,S1,COM,S,510746.0
PSO_S1-COM,PSO,S1,COM,S,548254.0
PSO_S1-COM,PSO,S1,COM,S,522172.0
PSO_S1-COM,PSO,S1,COM,S,534281.0
PSO_S1-COM,PSO,S1,COM,S,526881.0
PSO_S1-COM,PSO,S1,COM,S,524394.0
PSO_S1-COM,PSO,S1,COM,S,534245.0
PSO_S1-COM,PSO,S1,COM,S,516156.0
PSO_S1-COM,PSO,S1,COM,S,538300.0
PSO_S1-COM,PSO,S1,COM,S,525786.0
PSO_S1-COM,PSO,S1,COM,S,539166.0
PSO_S1-COM,PSO,S1,COM,S,531456.0
PSO_S1-COM,PSO,S1,COM,S,525141.0
PSO_S1-COM,PSO,S1,COM,S,535411.0
PSO_S1-COM,PSO,S1,COM,S,536079.0
PSO_S1-COM,PSO,S1,COM,S,531279.0
PSO_S1-COM,PSO,S1,COM,S,505058.0
PSO_S1-COM,PSO,S1,COM,S,537815.0
PSO_S1-COM,PSO,S1,COM,S,531278.0
PSO_S1-COM,PSO,S1,COM,S,534859.0
PSO_S2-COM,PSO,S2,COM,S,489811.0
PSO_S2-COM,PSO,S2,COM,S,453002.0
PSO_S2-COM,PSO,S2,COM,S,484296.0
PSO_S2-COM,PSO,S2,COM,S,479536.0
PSO_S2-COM,PSO,S2,COM,S,427166.0
PSO_S2-COM,PSO,S2,COM,S,434314.0
PSO_S2-COM,PSO,S2,COM,S,486608.0
PSO_S2-COM,PSO,S2,COM,S,490436.0
PSO_S2-COM,PSO,S2,COM,S,447692.0
PSO_S2-COM,PSO,S2,COM,S,484627.0
PSO_S2-COM,PSO,S2,COM,S,487161.0
PSO_S2-COM,PSO,S2,COM,S,479796.0
PSO_S2-COM,PSO,S2,COM,S,492532.0
PSO_S2-COM,PSO,S2,COM,S,478601.0
PSO_S2-COM,PSO,S2,COM,S,459591.0
PSO_S2-COM,PSO,S2,COM,S,472950.0
PSO_S2-COM,PSO,S2,COM,S,464315.0
PSO_S2-COM,PSO,S2,COM,S,480053.0
PSO_S2-COM,PSO,S2,COM,S,490716.0
PSO_S2-COM,PSO,S2,COM,S,417963.0
PSO_S2-COM,PSO,S2,COM,S,478735.0
PSO_S2-COM,PSO,S2,COM,S,474206.0
PSO_S2-COM,PSO,S2,COM,S,485061.0
PSO_S2-COM,PSO,S2,COM,S,436228.0
PSO_S2-COM,PSO,S2,COM,S,468143.0
PSO_S2-COM,PSO,S2,COM,S,483178.0
PSO_S2-COM,PSO,S2,COM,S,502900.0
PSO_S2-COM,PSO,S2,COM,S,452326.0
PSO_S2-COM,PSO,S2,COM,S,466712.0
PSO_S2-COM,PSO,S2,COM,S,507116.0
PSO_S2-COM,PSO,S2,COM,S,509790.0
PSO_S3-COM,PSO,S3,COM,S,426777.0
PSO_S3-COM,PSO,S3,COM,S,424347.0
PSO_S3-COM,PSO,S3,COM,S,423128.0
PSO_S3-COM,PSO,S3,COM,S,422467.0
PSO_S3-COM,PSO,S3,COM,S,435514.0
PSO_S3-COM,PSO,S3,COM,S,425356.0
PSO_S3-COM,PSO,S3,COM,S,419700.0
PSO_S3-COM,PSO,S3,COM,S,420829.0
PSO_S3-COM,PSO,S3,COM,S,424795.0
PSO_S3-COM,PSO,S3,COM,S,423853.0
PSO_S3-COM,PSO,S3,COM,S,427166.0
PSO_S3-COM,PSO,S3,COM,S,420579.0
PSO_S3-COM,PSO,S3,COM,S,426172.0
PSO_S3-COM,PSO,S3,COM,S,430792.0
PSO_S3-COM,PSO,S3,COM,S,428571.0
PSO_S3-COM,PSO,S3,COM,S,419983.0
PSO_S3-COM,PSO,S3,COM,S,422560.0
PSO_S3-COM,PSO,S3,COM,S,426980.0
PSO_S3-COM,PSO,S3,COM,S,426710.0
PSO_S3-COM,PSO,S3,COM,S,418976.0
PSO_S3-COM,PSO,S3,COM,S,428807.0
PSO_S3-COM,PSO,S3,COM,S,428284.0
PSO_S3-COM,PSO,S3,COM,S,422285.0
PSO_S3-COM,PSO,S3,COM,S,431944.0
PSO_S3-COM,PSO,S3,COM,S,419512.0
PSO_S3-COM,PSO,S3,COM,S,427647.0
PSO_S3-COM,PSO,S3,COM,S,416576.0
PSO_S3-COM,PSO,S3,COM,S,424266.0
PSO_S3-COM,PSO,S3,COM,S,424836.0
PSO_S3-COM,PSO,S3,COM,S,416225.0
PSO_S3-COM,PSO,S3,COM,S,424567.0
PSO_S4-COM,PSO,S4,COM,S,424058.0
PSO_S4-COM,PSO,S4,COM,S,419629.0
PSO_S4-COM,PSO,S4,COM,S,426597.0
PSO_S4-COM,PSO,S4,COM,S,430224.0
PSO_S4-COM,PSO,S4,COM,S,424335.0
PSO_S4-COM,PSO,S4,COM,S,419405.0
PSO_S4-COM,PSO,S4,COM,S,423310.0
PSO_S4-COM,PSO,S4,COM,S,424818.0
PSO_S4-COM,PSO,S4,COM,S,423947.0
PSO_S4-COM,PSO,S4,COM,S,424184.0
PSO_S4-COM,PSO,S4,COM,S,424415.0
PSO_S4-COM,PSO,S4,COM,S,426067.0
PSO_S4-COM,PSO,S4,COM,S,417837.0
PSO_S4-COM,PSO,S4,COM,S,423596.0
PSO_S4-COM,PSO,S4,COM,S,420273.0
PSO_S4-COM,PSO,S4,COM,S,420025.0
PSO_S4-COM,PSO,S4,COM,S,421618.0
PSO_S4-COM,PSO,S4,COM,S,434129.0
PSO_S4-COM,PSO,S4,COM,S,421969.0
PSO_S4-COM,PSO,S4,COM,S,423167.0
PSO_S4-COM,PSO,S4,COM,S,426999.0
PSO_S4-COM,PSO,S4,COM,S,429518.0
PSO_S4-COM,PSO,S4,COM,S,426808.0
PSO_S4-COM,PSO,S4,COM,S,424865.0
PSO_S4-COM,PSO,S4,COM,S,418768.0
PSO_S4-COM,PSO,S4,COM,S,424700.0
PSO_S4-COM,PSO,S4,COM,S,424041.0
PSO_S4-COM,PSO,S4,COM,S,431610.0
PSO_S4-COM,PSO,S4,COM,S,417867.0
PSO_S4-COM,PSO,S4,COM,S,422144.0
PSO_S4-COM,PSO,S4,COM,S,426319.0
PSO_S1-ELIT,PSO,S1,ELIT,S,431969.0
PSO_S1-ELIT,PSO,S1,ELIT,S,423175.0
PSO_S1-ELIT,PSO,S1,ELIT,S,419952.0
PSO_S1-ELIT,PSO,S1,ELIT,S,430273.0
PSO_S1-ELIT,PSO,S1,ELIT,S,420419.0
PSO_S1-ELIT,PSO,S1,ELIT,S,420066.0
PSO_S1-ELIT,PSO,S1,ELIT,S,422853.0
PSO_S1-ELIT,PSO,S1,ELIT,S,419832.0
PSO_S1-ELIT,PSO,S1,ELIT,S,425962.0
PSO_S1-ELIT,PSO,S1,ELIT,S,429691.0
PSO_S1-ELIT,PSO,S1,ELIT,S,422662.0
PSO_S1-ELIT,PSO,S1,ELIT,S,430003.0
PSO_S1-ELIT,PSO,S1,ELIT,S,427603.0
PSO_S1-ELIT,PSO,S1,ELIT,S,431616.0
PSO_S1-ELIT,PSO,S1,ELIT,S,420411.0
PSO_S1-ELIT,PSO,S1,ELIT,S,431770.0
PSO_S1-ELIT,PSO,S1,ELIT,S,421021.0
PSO_S1-ELIT,PSO,S1,ELIT,S,422704.0
PSO_S1-ELIT,PSO,S1,ELIT,S,426547.0
PSO_S1-ELIT,PSO,S1,ELIT,S,425719.0
PSO_S1-ELIT,PSO,S1,ELIT,S,423674.0
PSO_S1-ELIT,PSO,S1,ELIT,S,422676.0
PSO_S1-ELIT,PSO,S1,ELIT,S,438761.0
PSO_S1-ELIT,PSO,S1,ELIT,S,420769.0
PSO_S1-ELIT,PSO,S1,ELIT,S,423265.0
PSO_S1-ELIT,PSO,S1,ELIT,S,425255.0
PSO_S1-ELIT,PSO,S1,ELIT,S,422925.0
PSO_S1-ELIT,PSO,S1,ELIT,S,428796.0
PSO_S1-ELIT,PSO,S1,ELIT,S,419111.0
PSO_S1-ELIT,PSO,S1,ELIT,S,421548.0
PSO_S1-ELIT,PSO,S1,ELIT,S,422934.0
PSO_S2-ELIT,PSO,S2,ELIT,S,420276.0
PSO_S2-ELIT,PSO,S2,ELIT,S,420250.0
PSO_S2-ELIT,PSO,S2,ELIT,S,427396.0
PSO_S2-ELIT,PSO,S2,ELIT,S,422114.0
PSO_S2-ELIT,PSO,S2,ELIT,S,432403.0
PSO_S2-ELIT,PSO,S2,ELIT,S,416672.0
PSO_S2-ELIT,PSO,S2,ELIT,S,420212.0
PSO_S2-ELIT,PSO,S2,ELIT,S,420356.0
PSO_S2-ELIT,PSO,S2,ELIT,S,424871.0
PSO_S2-ELIT,PSO,S2,ELIT,S,426630.0
PSO_S2-ELIT,PSO,S2,ELIT,S,420948.0
PSO_S2-ELIT,PSO,S2,ELIT,S,425781.0
PSO_S2-ELIT,PSO,S2,ELIT,S,423795.0
PSO_S2-ELIT,PSO,S2,ELIT,S,430848.0
PSO_S2-ELIT,PSO,S2,ELIT,S,416715.0
PSO_S2-ELIT,PSO,S2,ELIT,S,425667.0
PSO_S2-ELIT,PSO,S2,ELIT,S,425161.0
PSO_S2-ELIT,PSO,S2,ELIT,S,420001.0
PSO_S2-ELIT,PSO,S2,ELIT,S,420799.0
PSO_S2-ELIT,PSO,S2,ELIT,S,421963.0
PSO_S2-ELIT,PSO,S2,ELIT,S,428229.0
PSO_S2-ELIT,PSO,S2,ELIT,S,422403.0
PSO_S2-ELIT,PSO,S2,ELIT,S,421379.0
PSO_S2-ELIT,PSO,S2,ELIT,S,430910.0
PSO_S2-ELIT,PSO,S2,ELIT,S,420831.0
PSO_S2-ELIT,PSO,S2,ELIT,S,417570.0
PSO_S2-ELIT,PSO,S2,ELIT,S,423772.0
PSO_S2-ELIT,PSO,S2,ELIT,S,424065.0
PSO_S2-ELIT,PSO,S2,ELIT,S,425667.0
PSO_S2-ELIT,PSO,S2,ELIT,S,432229.0
PSO_S2-ELIT,PSO,S2,ELIT,S,421824.0
PSO_S3-ELIT,PSO,S3,ELIT,S,430570.0
PSO_S3-ELIT,PSO,S3,ELIT,S,426664.0
PSO_S3-ELIT,PSO,S3,ELIT,S,422239.0
PSO_S3-ELIT,PSO,S3,ELIT,S,426238.0
PSO_S3-ELIT,PSO,S3,ELIT,S,432588.0
PSO_S3-ELIT,PSO,S3,ELIT,S,422406.0
PSO_S3-ELIT,PSO,S3,ELIT,S,430032.0
PSO_S3-ELIT,PSO,S3,ELIT,S,429798.0
PSO_S3-ELIT,PSO,S3,ELIT,S,423177.0
PSO_S3-ELIT,PSO,S3,ELIT,S,425791.0
PSO_S3-ELIT,PSO,S3,ELIT,S,422445.0
PSO_S3-ELIT,PSO,S3,ELIT,S,419566.0
PSO_S3-ELIT,PSO,S3,ELIT,S,418534.0
PSO_S3-ELIT,PSO,S3,ELIT,S,425023.0
PSO_S3-ELIT,PSO,S3,ELIT,S,427040.0
PSO_S3-ELIT,PSO,S3,ELIT,S,427159.0
PSO_S3-ELIT,PSO,S3,ELIT,S,430874.0
PSO_S3-ELIT,PSO,S3,ELIT,S,421459.0
PSO_S3-ELIT,PSO,S3,ELIT,S,423660.0
PSO_S3-ELIT,PSO,S3,ELIT,S,425188.0
PSO_S3-ELIT,PSO,S3,ELIT,S,426435.0
PSO_S3-ELIT,PSO,S3,ELIT,S,433750.0
PSO_S3-ELIT,PSO,S3,ELIT,S,430275.0
PSO_S3-ELIT,PSO,S3,ELIT,S,422838.0
PSO_S3-ELIT,PSO,S3,ELIT,S,431932.0
PSO_S3-ELIT,PSO,S3,ELIT,S,421230.0
PSO_S3-ELIT,PSO,S3,ELIT,S,426409.0
PSO_S3-ELIT,PSO,S3,ELIT,S,432906.0
PSO_S3-ELIT,PSO,S3,ELIT,S,421102.0
PSO_S3-ELIT,PSO,S3,ELIT,S,429669.0
PSO_S3-ELIT,PSO,S3,ELIT,S,428886.0
PSO_S4-ELIT,PSO,S4,ELIT,S,420359.0
PSO_S4-ELIT,PSO,S4,ELIT,S,429170.0
PSO_S4-ELIT,PSO,S4,ELIT,S,424593.0
PSO_S4-ELIT,PSO,S4,ELIT,S,421844.0
PSO_S4-ELIT,PSO,S4,ELIT,S,419283.0
PSO_S4-ELIT,PSO,S4,ELIT,S,428390.0
PSO_S4-ELIT,PSO,S4,ELIT,S,424257.0
PSO_S4-ELIT,PSO,S4,ELIT,S,429319.0
PSO_S4-ELIT,PSO,S4,ELIT,S,429801.0
PSO_S4-ELIT,PSO,S4,ELIT,S,426013.0
PSO_S4-ELIT,PSO,S4,ELIT,S,422179.0
PSO_S4-ELIT,PSO,S4,ELIT,S,432794.0
PSO_S4-ELIT,PSO,S4,ELIT,S,415342.0
PSO_S4-ELIT,PSO,S4,ELIT,S,431512.0
PSO_S4-ELIT,PSO,S4,ELIT,S,436597.0
PSO_S4-ELIT,PSO,S4,ELIT,S,420963.0
PSO_S4-ELIT,PSO,S4,ELIT,S,418236.0
PSO_S4-ELIT,PSO,S4,ELIT,S,425437.0
PSO_S4-ELIT,PSO,S4,ELIT,S,424515.0
PSO_S4-ELIT,PSO,S4,ELIT,S,433612.0
PSO_S4-ELIT,PSO,S4,ELIT,S,422416.0
PSO_S4-ELIT,PSO,S4,ELIT,S,422675.0
PSO_S4-ELIT,PSO,S4,ELIT,S,438592.0
PSO_S4-ELIT,PSO,S4,ELIT,S,418615.0
PSO_S4-ELIT,PSO,S4,ELIT,S,425289.0
PSO_S4-ELIT,PSO,S4,ELIT,S,422415.0
PSO_S4-ELIT,PSO,S4,ELIT,S,429079.0
PSO_S4-ELIT,PSO,S4,ELIT,S,428205.0
PSO_S4-ELIT,PSO,S4,ELIT,S,427351.0
PSO_S4-ELIT,PSO,S4,ELIT,S,420954.0
PSO_S4-ELIT,PSO,S4,ELIT,S,430617.0
PSO_V1-STD,PSO,V1,STD,V,429471.0
PSO_V1-STD,PSO,V1,STD,V,421998.0
PSO_V1-STD,PSO,V1,STD,V,427113.0
PSO_V1-STD,PSO,V1,STD,V,435662.0
PSO_V1-STD,PSO,V1,STD,V,427439.0
PSO_V1-STD,PSO,V1,STD,V,422435.0
PSO_V1-STD,PSO,V1,STD,V,423704.0
PSO_V1-STD,PSO,V1,STD,V,428561.0
PSO_V1-STD,PSO,V1,STD,V,417820.0
PSO_V1-STD,PSO,V1,STD,V,433640.0
PSO_V1-STD,PSO,V1,STD,V,423635.0
PSO_V1-STD,PSO,V1,STD,V,422152.0
PSO_V1-STD,PSO,V1,STD,V,425927.0
PSO_V1-STD,PSO,V1,STD,V,431222.0
PSO_V1-STD,PSO,V1,STD,V,425479.0
PSO_V1-STD,PSO,V1,STD,V,427581.0
PSO_V1-STD,PSO,V1,STD,V,428962.0
PSO_V1-STD,PSO,V1,STD,V,424982.0
PSO_V1-STD,PSO,V1,STD,V,423360.0
PSO_V1-STD,PSO,V1,STD,V,422318.0
PSO_V1-STD,PSO,V1,STD,V,421348.0
PSO_V1-STD,PSO,V1,STD,V,421086.0
PSO_V1-STD,PSO,V1,STD,V,412907.0
PSO_V1-STD,PSO,V1,STD,V,418228.0
PSO_V1-STD,PSO,V1,STD,V,419089.0
PSO_V1-STD,PSO,V1,STD,V,428337.0
PSO_V1-STD,PSO,V1,STD,V,426940.0
PSO_V1-STD,PSO,V1,STD,V,423365.0
PSO_V1-STD,PSO,V1,STD,V,430526.0
PSO_V1-STD,PSO,V1,STD,V,433644.0
PSO_V1-STD,PSO,V1,STD,V,423828.0
PSO_V2-STD,PSO,V2,STD,V,427632.0
PSO_V2-STD,PSO,V2,STD,V,423357.0
PSO_V2-STD,PSO,V2,STD,V,424240.0
PSO_V2-STD,PSO,V2,STD,V,426031.0
PSO_V2-STD,PSO,V2,STD,V,422969.0
PSO_V2-STD,PSO,V2,STD,V,428446.0
PSO_V2-STD,PSO,V2,STD,V,424066.0
PSO_V2-STD,PSO,V2,STD,V,425431.0
PSO_V2-STD,PSO,V2,STD,V,425256.0
PSO_V2-STD,PSO,V2,STD,V,421269.0
PSO_V2-STD,PSO,V2,STD,V,421115.0
PSO_V2-STD,PSO,V2,STD,V,429169.0
PSO_V2-STD,PSO,V2,STD,V,423920.0
PSO_V2-STD,PSO,V2,STD,V,420028.0
PSO_V2-STD,PSO,V2,STD,V,426582.0
PSO_V2-STD,PSO,V2,STD,V,427299.0
PSO_V2-STD,PSO,V2,STD,V,427454.0
PSO_V2-STD,PSO,V2,STD,V,419574.0
PSO_V2-STD,PSO,V2,STD,V,421562.0
PSO_V2-STD,PSO,V2,STD,V,426312.0
PSO_V2-STD,PSO,V2,STD,V,428358.0
PSO_V2-STD,PSO,V2,STD,V,423372.0
PSO_V2-STD,PSO,V2,STD,V,425198.0
PSO_V2-STD,PSO,V2,STD,V,432030.0
PSO_V2-STD,PSO,V2,STD,V,426626.0
PSO_V2-STD,PSO,V2,STD,V,424898.0
PSO_V2-STD,PSO,V2,STD,V,421053.0
PSO_V2-STD,PSO,V2,STD,V,424735.0
PSO_V2-STD,PSO,V2,STD,V,417044.0
PSO_V2-STD,PSO,V2,STD,V,431134.0
PSO_V2-STD,PSO,V2,STD,V,420403.0
PSO_V3-STD,PSO,V3,STD,V,424088.0
PSO_V3-STD,PSO,V3,STD,V,425529.0
PSO_V3-STD,PSO,V3,STD,V,435913.0
PSO_V3-STD,PSO,V3,STD,V,424523.0
PSO_V3-STD,PSO,V3,STD,V,419163.0
PSO_V3-STD,PSO,V3,STD,V,428000.0
PSO_V3-STD,PSO,V3,STD,V,421712.0
PSO_V3-STD,PSO,V3,STD,V,421033.0
PSO_V3-STD,PSO,V3,STD,V,424098.0
PSO_V3-STD,PSO,V3,STD,V,422415.0
PSO_V3-STD,PSO,V3,STD,V,420697.0
PSO_V3-STD,PSO,V3,STD,V,426577.0
PSO_V3-STD,PSO,V3,STD,V,419954.0
PSO_V3-STD,PSO,V3,STD,V,420229.0
PSO_V3-STD,PSO,V3,STD,V,418571.0
PSO_V3-STD,PSO,V3,STD,V,420216.0
PSO_V3-STD,PSO,V3,STD,V,429537.0
PSO_V3-STD,PSO,V3,STD,V,437312.0
PSO_V3-STD,PSO,V3,STD,V,425039.0
PSO_V3-STD,PSO,V3,STD,V,418371.0
PSO_V3-STD,PSO,V3,STD,V,422084.0
PSO_V3-STD,PSO,V3,STD,V,433136.0
PSO_V3-STD,PSO,V3,STD,V,423889.0
PSO_V3-STD,PSO,V3,STD,V,423666.0
PSO_V3-STD,PSO,V3,STD,V,421928.0
PSO_V3-STD,PSO,V3,STD,V,425528.0
PSO_V3-STD,PSO,V3,STD,V,427861.0
PSO_V3-STD,PSO,V3,STD,V,421712.0
PSO_V3-STD,PSO,V3,STD,V,425521.0
PSO_V3-STD,PSO,V3,STD,V,423906.0
PSO_V3-STD,PSO,V3,STD,V,421221.0
PSO_V4-STD,PSO,V4,STD,V,424928.0
PSO_V4-STD,PSO,V4,STD,V,431079.0
PSO_V4-STD,PSO,V4,STD,V,425550.0
PSO_V4-STD,PSO,V4,STD,V,432841.0
PSO_V4-STD,PSO,V4,STD,V,425533.0
PSO_V4-STD,PSO,V4,STD,V,430831.0
PSO_V4-STD,PSO,V4,STD,V,427415.0
PSO_V4-STD,PSO,V4,STD,V,418294.0
PSO_V4-STD,PSO,V4,STD,V,432151.0
PSO_V4-STD,PSO,V4,STD,V,409137.0
PSO_V4-STD,PSO,V4,STD,V,422494.0
PSO_V4-STD,PSO,V4,STD,V,417779.0
PSO_V4-STD,PSO,V4,STD,V,423565.0
PSO_V4-STD,PSO,V4,STD,V,421802.0
PSO_V4-STD,PSO,V4,STD,V,432952.0
PSO_V4-STD,PSO,V4,STD,V,427976.0
PSO_V4-STD,PSO,V4,STD,V,421487.0
PSO_V4-STD,PSO,V4,STD,V,430528.0
PSO_V4-STD,PSO,V4,STD,V,421259.0
PSO_V4-STD,PSO,V4,STD,V,426782.0
PSO_V4-STD,PSO,V4,STD,V,430617.0
PSO_V4-STD,PSO,V4,STD,V,421953.0
PSO_V4-STD,PSO,V4,STD,V,418128.0
PSO_V4-STD,PSO,V4,STD,V,420121.0
PSO_V4-STD,PSO,V4,STD,V,419272.0
PSO_V4-STD,PSO,V4,STD,V,419673.0
PSO_V4-STD,PSO,V4,STD,V,423492.0
PSO_V4-STD,PSO,V4,STD,V,422848.0
PSO_V4-STD,PSO,V4,STD,V,426290.0
PSO_V4-STD,PSO,V4,STD,V,427139.0
PSO_V4-STD,PSO,V4,STD,V,424661.0
PSO_V1-COM,PSO,V1,COM,V,424944.0
PSO_V1-COM,PSO,V1,COM,V,431650.0
PSO_V1-COM,PSO,V1,COM,V,424555.0
PSO_V1-COM,PSO,V1,COM,V,419367.0
PSO_V1-COM,PSO,V1,COM,V,430881.0
PSO_V1-COM,PSO,V1,COM,V,426925.0
PSO_V1-COM,PSO,V1,COM,V,419365.0
PSO_V1-COM,PSO,V1,COM,V,429048.0
PSO_V1-COM,PSO,V1,COM,V,426899.0
PSO_V1-COM,PSO,V1,COM,V,423909.0
PSO_V1-COM,PSO,V1,COM,V,418217.0
PSO_V1-COM,PSO,V1,COM,V,420320.0
PSO_V1-COM,PSO,V1,COM,V,420057.0
PSO_V1-COM,PSO,V1,COM,V,420459.0
PSO_V1-COM,PSO,V1,COM,V,421096.0
PSO_V1-COM,PSO,V1,COM,V,420063.0
PSO_V1-COM,PSO,V1,COM,V,424774.0
PSO_V1-COM,PSO,V1,COM,V,431970.0
PSO_V1-COM,PSO,V1,COM,V,419140.0
PSO_V1-COM,PSO,V1,COM,V,428159.0
PSO_V1-COM,PSO,V1,COM,V,422702.0
PSO_V1-COM,PSO,V1,COM,V,431645.0
PSO_V1-COM,PSO,V1,COM,V,424374.0
PSO_V1-COM,PSO,V1,COM,V,427557.0
PSO_V1-COM,PSO,V1,COM,V,416565.0
PSO_V1-COM,PSO,V1,COM,V,426357.0
PSO_V1-COM,PSO,V1,COM,V,421099.0
PSO_V1-COM,PSO,V1,COM,V,424752.0
PSO_V1-COM,PSO,V1,COM,V,428368.0
PSO_V1-COM,PSO,V1,COM,V,420272.0
PSO_V1-COM,PSO,V1,COM,V,421762.0
PSO_V2-COM,PSO,V2,COM,V,422405.0
PSO_V2-COM,PSO,V2,COM,V,427753.0
PSO_V2-COM,PSO,V2,COM,V,430378.0
PSO_V2-COM,PSO,V2,COM,V,418248.0
PSO_V2-COM,PSO,V2,COM,V,417737.0
PSO_V2-COM,PSO,V2,COM,V,427266.0
PSO_V2-COM,PSO,V2,COM,V,417420.0
PSO_V2-COM,PSO,V2,COM,V,428293.0
PSO_V2-COM,PSO,V2,COM,V,420949.0
PSO_V2-COM,PSO,V2,COM,V,418632.0
PSO_V2-COM,PSO,V2,COM,V,430198.0
PSO_V2-COM,PSO,V2,COM,V,420370.0
PSO_V2-COM,PSO,V2,COM,V,427715.0
PSO_V2-COM,PSO,V2,COM,V,427975.0
PSO_V2-COM,PSO,V2,COM,V,417753.0
PSO_V2-COM,PSO,V2,COM,V,429186.0
PSO_V2-COM,PSO,V2,COM,V,426458.0
PSO_V2-COM,PSO,V2,COM,V,423657.0
PSO_V2-COM,PSO,V2,COM,V,432104.0
PSO_V2-COM,PSO,V2,COM,V,423150.0
PSO_V2-COM,PSO,V2,COM,V,423542.0
PSO_V2-COM,PSO,V2,COM,V,429134.0
PSO_V2-COM,PSO,V2,COM,V,427917.0
PSO_V2-COM,PSO,V2,COM,V,422177.0
PSO_V2-COM,PSO,V2,COM,V,421887.0
PSO_V2-COM,PSO,V2,COM,V,425095.0
PSO_V2-COM,PSO,V2,COM,V,428920.0
PSO_V2-COM,PSO,V2,COM,V,420441.0
PSO_V2-COM,PSO,V2,COM,V,423158.0
PSO_V2-COM,PSO,V2,COM,V,419503.0
PSO_V2-COM,PSO,V2,COM,V,419249.0
PSO_V3-COM,PSO,V3,COM,V,429097.0
PSO_V3-COM,PSO,V3,COM,V,427552.0
PSO_V3-COM,PSO,V3,COM,V,428475.0
PSO_V3-COM,PSO,V3,COM,V,421554.0
PSO_V3-COM,PSO,V3,COM,V,415983.0
PSO_V3-COM,PSO,V3,COM,V,428378.0
PSO_V3-COM,PSO,V3,COM,V,418785.0
PSO_V3-COM,PSO,V3,COM,V,428341.0
PSO_V3-COM,PSO,V3,COM,V,432400.0
PSO_V3-COM,PSO,V3,COM,V,423743.0
PSO_V3-COM,PSO,V3,COM,V,422138.0
PSO_V3-COM,PSO,V3,COM,V,423374.0
PSO_V3-COM,PSO,V3,COM,V,437734.0
PSO_V3-COM,PSO,V3,COM,V,438272.0
PSO_V3-COM,PSO,V3,COM,V,421656.0
PSO_V3-COM,PSO,V3,COM,V,427995.0
PSO_V3-COM,PSO,V3,COM,V,426460.0
PSO_V3-COM,PSO,V3,COM,V,417997.0
PSO_V3-COM,PSO,V3,COM,V,426037.0
PSO_V3-COM,PSO,V3,COM,V,430499.0
PSO_V3-COM,PSO,V3,COM,V,417109.0
PSO_V3-COM,PSO,V3,COM,V,419762.0
PSO_V3-COM,PSO,V3,COM,V,416189.0
PSO_V3-COM,PSO,V3,COM,V,424759.0
PSO_V3-COM,PSO,V3,COM,V,424807.0
PSO_V3-COM,PSO,V3,COM,V,426491.0
PSO_V3-COM,PSO,V3,COM,V,425254.0
PSO_V3-COM,PSO,V3,COM,V,417673.0
PSO_V3-COM,PSO,V3,COM,V,435310.0
PSO_V3-COM,PSO,V3,COM,V,425545.0
PSO_V3-COM,PSO,V3,COM,V,428733.0
PSO_V4-COM,PSO,V4,COM,V,422747.0
PSO_V4-COM,PSO,V4,COM,V,425450.0
PSO_V4-COM,PSO,V4,COM,V,420415.0
PSO_V4-COM,PSO,V4,COM,V,422624.0
PSO_V4-COM,PSO,V4,COM,V,425993.0
PSO_V4-COM,PSO,V4,COM,V,427821.0
PSO_V4-COM,PSO,V4,COM,V,419255.0
PSO_V4-COM,PSO,V4,COM,V,425071.0
PSO_V4-COM,PSO,V4,COM,V,424128.0
PSO_V4-COM,PSO,V4,COM,V,431774.0
PSO_V4-COM,PSO,V4,COM,V,420808.0
PSO_V4-COM,PSO,V4,COM,V,423228.0
PSO_V4-COM,PSO,V4,COM,V,421479.0
PSO_V4-COM,PSO,V4,COM,V,425157.0
PSO_V4-COM,PSO,V4,COM,V,423134.0
PSO_V4-COM,PSO,V4,COM,V,424418.0
PSO_V4-COM,PSO,V4,COM,V,428953.0
PSO_V4-COM,PSO,V4,COM,V,417639.0
PSO_V4-COM,PSO,V4,COM,V,432640.0
PSO_V4-COM,PSO,V4,COM,V,423253.0
PSO_V4-COM,PSO,V4,COM,V,425804.0
PSO_V4-COM,PSO,V4,COM,V,431976.0
PSO_V4-COM,PSO,V4,COM,V,423752.0
PSO_V4-COM,PSO,V4,COM,V,432866.0
PSO_V4-COM,PSO,V4,COM,V,428536.0
PSO_V4-COM,PSO,V4,COM,V,425392.0
PSO_V4-COM,PSO,V4,COM,V,424220.0
PSO_V4-COM,PSO,V4,COM,V,421867.0
PSO_V4-COM,PSO,V4,COM,V,424137.0
PSO_V4-COM,PSO,V4,COM,V,419188.0
PSO_V4-COM,PSO,V4,COM,V,431266.0
PSO_V1-ELIT,PSO,V1,ELIT,V,417776.0
PSO_V1-ELIT,PSO,V1,ELIT,V,424803.0
PSO_V1-ELIT,PSO,V1,ELIT,V,421735.0
PSO_V1-ELIT,PSO,V1,ELIT,V,427607.0
PSO_V1-ELIT,PSO,V1,ELIT,V,428252.0
PSO_V1-ELIT,PSO,V1,ELIT,V,424156.0
PSO_V1-ELIT,PSO,V1,ELIT,V,417825.0
PSO_V1-ELIT,PSO,V1,ELIT,V,424657.0
PSO_V1-ELIT,PSO,V1,ELIT,V,422682.0
PSO_V1-ELIT,PSO,V1,ELIT,V,423438.0
PSO_V1-ELIT,PSO,V1,ELIT,V,420703.0
PSO_V1-ELIT,PSO,V1,ELIT,V,426755.0
PSO_V1-ELIT,PSO,V1,ELIT,V,423647.0
PSO_V1-ELIT,PSO,V1,ELIT,V,429547.0
PSO_V1-ELIT,PSO,V1,ELIT,V,419837.0
PSO_V1-ELIT,PSO,V1,ELIT,V,425954.0
PSO_V1-ELIT,PSO,V1,ELIT,V,432504.0
PSO_V1-ELIT,PSO,V1,ELIT,V,431446.0
PSO_V1-ELIT,PSO,V1,ELIT,V,424171.0
PSO_V1-ELIT,PSO,V1,ELIT,V,424603.0
PSO_V1-ELIT,PSO,V1,ELIT,V,423743.0
PSO_V1-ELIT,PSO,V1,ELIT,V,418752.0
PSO_V1-ELIT,PSO,V1,ELIT,V,417568.0
PSO_V1-ELIT,PSO,V1,ELIT,V,426730.0
PSO_V1-ELIT,PSO,V1,ELIT,V,425887.0
PSO_V1-ELIT,PSO,V1,ELIT,V,427484.0
PSO_V1-ELIT,PSO,V1,ELIT,V,419948.0
PSO_V1-ELIT,PSO,V1,ELIT,V,424918.0
PSO_V1-ELIT,PSO,V1,ELIT,V,420525.0
PSO_V1-ELIT,PSO,V1,ELIT,V,425435.0
PSO_V1-ELIT,PSO,V1,ELIT,V,425280.0
PSO_V2-ELIT,PSO,V2,ELIT,V,425599.0
PSO_V2-ELIT,PSO,V2,ELIT,V,423395.0
PSO_V2-ELIT,PSO,V2,ELIT,V,430016.0
PSO_V2-ELIT,PSO,V2,ELIT,V,428764.0
PSO_V2-ELIT,PSO,V2,ELIT,V,420147.0
PSO_V2-ELIT,PSO,V2,ELIT,V,422728.0
PSO_V2-ELIT,PSO,V2,ELIT,V,428617.0
PSO_V2-ELIT,PSO,V2,ELIT,V,421603.0
PSO_V2-ELIT,PSO,V2,ELIT,V,423060.0
PSO_V2-ELIT,PSO,V2,ELIT,V,417411.0
PSO_V2-ELIT,PSO,V2,ELIT,V,421352.0
PSO_V2-ELIT,PSO,V2,ELIT,V,423545.0
PSO_V2-ELIT,PSO,V2,ELIT,V,434732.0
PSO_V2-ELIT,PSO,V2,ELIT,V,427971.0
PSO_V2-ELIT,PSO,V2,ELIT,V,418750.0
PSO_V2-ELIT,PSO,V2,ELIT,V,424941.0
PSO_V2-ELIT,PSO,V2,ELIT,V,421367.0
PSO_V2-ELIT,PSO,V2,ELIT,V,430934.0
PSO_V2-ELIT,PSO,V2,ELIT,V,418739.0
PSO_V2-ELIT,PSO,V2,ELIT,V,423494.0
PSO_V2-ELIT,PSO,V2,ELIT,V,434211.0
PSO_V2-ELIT,PSO,V2,ELIT,V,426293.0
PSO_V2-ELIT,PSO,V2,ELIT,V,429361.0
PSO_V2-ELIT,PSO,V2,ELIT,V,428820.0
PSO_V2-ELIT,PSO,V2,ELIT,V,425448.0
PSO_V2-ELIT,PSO,V2,ELIT,V,416976.0
PSO_V2-ELIT,PSO,V2,ELIT,V,426988.0
PSO_V2-ELIT,PSO,V2,ELIT,V,412732.0
PSO_V2-ELIT,PSO,V2,ELIT,V,419250.0
PSO_V2-ELIT,PSO,V2,ELIT,V,423234.0
PSO_V2-ELIT,PSO,V2,ELIT,V,427037.0
PSO_V3-ELIT,PSO,V3,ELIT,V,425287.0
PSO_V3-ELIT,PSO,V3,ELIT,V,428809.0
PSO_V3-ELIT,PSO,V3,ELIT,V,424430.0
PSO_V3-ELIT,PSO,V3,ELIT,V,424799.0
PSO_V3-ELIT,PSO,V3,ELIT,V,423705.0
PSO_V3-ELIT,PSO,V3,ELIT,V,427365.0
PSO_V3-ELIT,PSO,V3,ELIT,V,431868.0
PSO_V3-ELIT,PSO,V3,ELIT,V,428400.0
PSO_V3-ELIT,PSO,V3,ELIT,V,421481.0
PSO_V3-ELIT,PSO,V3,ELIT,V,420842.0
PSO_V3-ELIT,PSO,V3,ELIT,V,432387.0
PSO_V3-ELIT,PSO,V3,ELIT,V,423141.0
PSO_V3-ELIT,PSO,V3,ELIT,V,427439.0
PSO_V3-ELIT,PSO,V3,ELIT,V,428258.0
PSO_V3-ELIT,PSO,V3,ELIT,V,417698.0
PSO_V3-ELIT,PSO,V3,ELIT,V,424151.0
PSO_V3-ELIT,PSO,V3,ELIT,V,424037.0
PSO_V3-ELIT,PSO,V3,ELIT,V,426597.0
PSO_V3-ELIT,PSO,V3,ELIT,V,427025.0
PSO_V3-ELIT,PSO,V3,ELIT,V,426363.0
PSO_V3-ELIT,PSO,V3,ELIT,V,417663.0
PSO_V3-ELIT,PSO,V3,ELIT,V,424923.0
PSO_V3-ELIT,PSO,V3,ELIT,V,425108.0
PSO_V3-ELIT,PSO,V3,ELIT,V,422687.0
PSO_V3-ELIT,PSO,V3,ELIT,V,415967.0
PSO_V3-ELIT,PSO,V3,ELIT,V,428392.0
PSO_V3-ELIT,PSO,V3,ELIT,V,420868.0
PSO_V3-ELIT,PSO,V3,ELIT,V,432269.0
PSO_V3-ELIT,PSO,V3,ELIT,V,423589.0
PSO_V3-ELIT,PSO,V3,ELIT,V,424907.0
PSO_V3-ELIT,PSO,V3,ELIT,V,416504.0
PSO_V4-ELIT,PSO,V4,ELIT,V,422946.0
PSO_V4-ELIT,PSO,V4,ELIT,V,428650.0
PSO_V4-ELIT,PSO,V4,ELIT,V,426802.0
PSO_V4-ELIT,PSO,V4,ELIT,V,431759.0
PSO_V4-ELIT,PSO,V4,ELIT,V,422145.0
PSO_V4-ELIT,PSO,V4,ELIT,V,422736.0
PSO_V4-ELIT,PSO,V4,ELIT,V,422186.0
PSO_V4-ELIT,PSO,V4,ELIT,V,424583.0
PSO_V4-ELIT,PSO,V4,ELIT,V,418482.0
PSO_V4-ELIT,PSO,V4,ELIT,V,424185.0
PSO_V4-ELIT,PSO,V4,ELIT,V,434492.0
PSO_V4-ELIT,PSO,V4,ELIT,V,421475.0
PSO_V4-ELIT,PSO,V4,ELIT,V,426752.0
PSO_V4-ELIT,PSO,V4,ELIT,V,413235.0
PSO_V4-ELIT,PSO,V4,ELIT,V,424848.0
PSO_V4-ELIT,PSO,V4,ELIT,V,428357.0
PSO_V4-ELIT,PSO,V4,ELIT,V,424649.0
PSO_V4-ELIT,PSO,V4,ELIT,V,423865.0
PSO_V4-ELIT,PSO,V4,ELIT,V,413717.0
PSO_V4-ELIT,PSO,V4,ELIT,V,423020.0
PSO_V4-ELIT,PSO,V4,ELIT,V,418973.0
PSO_V4-ELIT,PSO,V4,ELIT,V,431039.0
PSO_V4-ELIT,PSO,V4,ELIT,V,422208.0
PSO_V4-ELIT,PSO,V4,ELIT,V,424826.0
PSO_V4-ELIT,PSO,V4,ELIT,V,424561.0
PSO_V4-ELIT,PSO,V4,ELIT,V,425955.0
PSO_V4-ELIT,PSO,V4,ELIT,V,423287.0
PSO_V4-ELIT,PSO,V4,ELIT,V,422892.0
PSO_V4-ELIT,PSO,V4,ELIT,V,431001.0
PSO_V4-ELIT,PSO,V4,ELIT,V,428403.0
PSO_V4-ELIT,PSO,V4,ELIT,V,426717.0
PSO_X1-STD,PSO,X1,STD,X,421855.0
PSO_X1-STD,PSO,X1,STD,X,433192.0
PSO_X1-STD,PSO,X1,STD,X,427881.0
PSO_X1-STD,PSO,X1,STD,X,424483.0
PSO_X1-STD,PSO,X1,STD,X,423831.0
PSO_X1-STD,PSO,X1,STD,X,424462.0
PSO_X1-STD,PSO,X1,STD,X,422079.0
PSO_X1-STD,PSO,X1,STD,X,421209.0
PSO_X1-STD,PSO,X1,STD,X,422437.0
PSO_X1-STD,PSO,X1,STD,X,431841.0
PSO_X1-STD,PSO,X1,STD,X,424244.0
PSO_X1-STD,PSO,X1,STD,X,420975.0
PSO_X1-STD,PSO,X1,STD,X,429327.0
PSO_X1-STD,PSO,X1,STD,X,417898.0
PSO_X1-STD,PSO,X1,STD,X,421011.0
PSO_X1-STD,PSO,X1,STD,X,427259.0
PSO_X1-STD,PSO,X1,STD,X,425198.0
PSO_X1-STD,PSO,X1,STD,X,418513.0
PSO_X1-STD,PSO,X1,STD,X,416486.0
PSO_X1-STD,PSO,X1,STD,X,419119.0
PSO_X1-STD,PSO,X1,STD,X,427371.0
PSO_X1-STD,PSO,X1,STD,X,426952.0
PSO_X1-STD,PSO,X1,STD,X,416284.0
PSO_X1-STD,PSO,X1,STD,X,430371.0
PSO_X1-STD,PSO,X1,STD,X,428534.0
PSO_X1-STD,PSO,X1,STD,X,430410.0
PSO_X1-STD,PSO,X1,STD,X,433346.0
PSO_X1-STD,PSO,X1,STD,X,421340.0
PSO_X1-STD,PSO,X1,STD,X,422426.0
PSO_X1-STD,PSO,X1,STD,X,435310.0
PSO_X1-STD,PSO,X1,STD,X,425529.0
PSO_X2-STD,PSO,X2,STD,X,421162.0
PSO_X2-STD,PSO,X2,STD,X,425906.0
PSO_X2-STD,PSO,X2,STD,X,428936.0
PSO_X2-STD,PSO,X2,STD,X,421810.0
PSO_X2-STD,PSO,X2,STD,X,429844.0
PSO_X2-STD,PSO,X2,STD,X,419875.0
PSO_X2-STD,PSO,X2,STD,X,432717.0
PSO_X2-STD,PSO,X2,STD,X,425796.0
PSO_X2-STD,PSO,X2,STD,X,424986.0
PSO_X2-STD,PSO,X2,STD,X,427013.0
PSO_X2-STD,PSO,X2,STD,X,428458.0
PSO_X2-STD,PSO,X2,STD,X,431117.0
PSO_X2-STD,PSO,X2,STD,X,423406.0
PSO_X2-STD,PSO,X2,STD,X,426151.0
PSO_X2-STD,PSO,X2,STD,X,424533.0
PSO_X2-STD,PSO,X2,STD,X,433894.0
PSO_X2-STD,PSO,X2,STD,X,427133.0
PSO_X2-STD,PSO,X2,STD,X,422076.0
PSO_X2-STD,PSO,X2,STD,X,424871.0
PSO_X2-STD,PSO,X2,STD,X,423147.0
PSO_X2-STD,PSO,X2,STD,X,429141.0
PSO_X2-STD,PSO,X2,STD,X,427765.0
PSO_X2-STD,PSO,X2,STD,X,423734.0
PSO_X2-STD,PSO,X2,STD,X,427428.0
PSO_X2-STD,PSO,X2,STD,X,430180.0
PSO_X2-STD,PSO,X2,STD,X,436555.0
PSO_X2-STD,PSO,X2,STD,X,423682.0
PSO_X2-STD,PSO,X2,STD,X,429619.0
PSO_X2-STD,PSO,X2,STD,X,418754.0
PSO_X2-STD,PSO,X2,STD,X,426942.0
PSO_X2-STD,PSO,X2,STD,X,418787.0
PSO_X3-STD,PSO,X3,STD,X,424114.0
PSO_X3-STD,PSO,X3,STD,X,425823.0
PSO_X3-STD,PSO,X3,STD,X,430156.0
PSO_X3-STD,PSO,X3,STD,X,435166.0
PSO_X3-STD,PSO,X3,STD,X,420808.0
PSO_X3-STD,PSO,X3,STD,X,428610.0
PSO_X3-STD,PSO,X3,STD,X,422085.0
PSO_X3-STD,PSO,X3,STD,X,429859.0
PSO_X3-STD,PSO,X3,STD,X,422536.0
PSO_X3-STD,PSO,X3,STD,X,421441.0
PSO_X3-STD,PSO,X3,STD,X,423978.0
PSO_X3-STD,PSO,X3,STD,X,418972.0
PSO_X3-STD,PSO,X3,STD,X,422652.0
PSO_X3-STD,PSO,X3,STD,X,428365.0
PSO_X3-STD,PSO,X3,STD,X,423433.0
PSO_X3-STD,PSO,X3,STD,X,422395.0
PSO_X3-STD,PSO,X3,STD,X,421742.0
PSO_X3-STD,PSO,X3,STD,X,425004.0
PSO_X3-STD,PSO,X3,STD,X,417267.0
PSO_X3-STD,PSO,X3,STD,X,418187.0
PSO_X3-STD,PSO,X3,STD,X,422169.0
PSO_X3-STD,PSO,X3,STD,X,420889.0
PSO_X3-STD,PSO,X3,STD,X,426021.0
PSO_X3-STD,PSO,X3,STD,X,423654.0
PSO_X3-STD,PSO,X3,STD,X,423772.0
PSO_X3-STD,PSO,X3,STD,X,427294.0
PSO_X3-STD,PSO,X3,STD,X,421196.0
PSO_X3-STD,PSO,X3,STD,X,422079.0
PSO_X3-STD,PSO,X3,STD,X,424511.0
PSO_X3-STD,PSO,X3,STD,X,421755.0
PSO_X3-STD,PSO,X3,STD,X,424823.0
PSO_X4-STD,PSO,X4,STD,X,430479.0
PSO_X4-STD,PSO,X4,STD,X,423052.0
PSO_X4-STD,PSO,X4,STD,X,424878.0
PSO_X4-STD,PSO,X4,STD,X,424653.0
PSO_X4-STD,PSO,X4,STD,X,423125.0
PSO_X4-STD,PSO,X4,STD,X,422206.0
PSO_X4-STD,PSO,X4,STD,X,421542.0
PSO_X4-STD,PSO,X4,STD,X,433627.0
PSO_X4-STD,PSO,X4,STD,X,424259.0
PSO_X4-STD,PSO,X4,STD,X,426870.0
PSO_X4-STD,PSO,X4,STD,X,429599.0
PSO_X4-STD,PSO,X4,STD,X,429899.0
PSO_X4-STD,PSO,X4,STD,X,423683.0
PSO_X4-STD,PSO,X4,STD,X,431879.0
PSO_X4-STD,PSO,X4,STD,X,421454.0
PSO_X4-STD,PSO,X4,STD,X,421523.0
PSO_X4-STD,PSO,X4,STD,X,421846.0
PSO_X4-STD,PSO,X4,STD,X,429853.0
PSO_X4-STD,PSO,X4,STD,X,420544.0
PSO_X4-STD,PSO,X4,STD,X,430543.0
PSO_X4-STD,PSO,X4,STD,X,420851.0
PSO_X4-STD,PSO,X4,STD,X,421499.0
PSO_X4-STD,PSO,X4,STD,X,423780.0
PSO_X4-STD,PSO,X4,STD,X,431882.0
PSO_X4-STD,PSO,X4,STD,X,424417.0
PSO_X4-STD,PSO,X4,STD,X,426099.0
PSO_X4-STD,PSO,X4,STD,X,421281.0
PSO_X4-STD,PSO,X4,STD,X,422198.0
PSO_X4-STD,PSO,X4,STD,X,428939.0
PSO_X4-STD,PSO,X4,STD,X,421218.0
PSO_X4-STD,PSO,X4,STD,X,422707.0
PSO_X1-COM,PSO,X1,COM,X,425512.0
PSO_X1-COM,PSO,X1,COM,X,433341.0
PSO_X1-COM,PSO,X1,COM,X,424251.0
PSO_X1-COM,PSO,X1,COM,X,424038.0
PSO_X1-COM,PSO,X1,COM,X,417135.0
PSO_X1-COM,PSO,X1,COM,X,420936.0
PSO_X1-COM,PSO,X1,COM,X,432116.0
PSO_X1-COM,PSO,X1,COM,X,423503.0
PSO_X1-COM,PSO,X1,COM,X,416141.0
PSO_X1-COM,PSO,X1,COM,X,425209.0
PSO_X1-COM,PSO,X1,COM,X,419726.0
PSO_X1-COM,PSO,X1,COM,X,424049.0
PSO_X1-COM,PSO,X1,COM,X,424887.0
PSO_X1-COM,PSO,X1,COM,X,432579.0
PSO_X1-COM,PSO,X1,COM,X,421500.0
PSO_X1-COM,PSO,X1,COM,X,422119.0
PSO_X1-COM,PSO,X1,COM,X,437852.0
PSO_X1-COM,PSO,X1,COM,X,430039.0
PSO_X1-COM,PSO,X1,COM,X,431531.0
PSO_X1-COM,PSO,X1,COM,X,419111.0
PSO_X1-COM,PSO,X1,COM,X,421492.0
PSO_X1-COM,PSO,X1,COM,X,427792.0
PSO_X1-COM,PSO,X1,COM,X,426930.0
PSO_X1-COM,PSO,X1,COM,X,419627.0
PSO_X1-COM,PSO,X1,COM,X,420013.0
PSO_X1-COM,PSO,X1,COM,X,421883.0
PSO_X1-COM,PSO,X1,COM,X,421342.0
PSO_X1-COM,PSO,X1,COM,X,424333.0
PSO_X1-COM,PSO,X1,COM,X,428525.0
PSO_X1-COM,PSO,X1,COM,X,425439.0
PSO_X1-COM,PSO,X1,COM,X,424867.0
PSO_X2-COM,PSO,X2,COM,X,422246.0
PSO_X2-COM,PSO,X2,COM,X,424056.0
PSO_X2-COM,PSO,X2,COM,X,428820.0
PSO_X2-COM,PSO,X2,COM,X,429613.0
PSO_X2-COM,PSO,X2,COM,X,422336.0
PSO_X2-COM,PSO,X2,COM,X,418837.0
PSO_X2-COM,PSO,X2,COM,X,419604.0
PSO_X2-COM,PSO,X2,COM,X,426133.0
PSO_X2-COM,PSO,X2,COM,X,431123.0
PSO_X2-COM,PSO,X2,COM,X,426029.0
PSO_X2-COM,PSO,X2,COM,X,423468.0
PSO_X2-COM,PSO,X2,COM,X,422781.0
PSO_X2-COM,PSO,X2,COM,X,416806.0
PSO_X2-COM,PSO,X2,COM,X,429341.0
PSO_X2-COM,PSO,X2,COM,X,425505.0
PSO_X2-COM,PSO,X2,COM,X,417401.0
PSO_X2-COM,PSO,X2,COM,X,426778.0
PSO_X2-COM,PSO,X2,COM,X,421817.0
PSO_X2-COM,PSO,X2,COM,X,415953.0
PSO_X2-COM,PSO,X2,COM,X,417520.0
PSO_X2-COM,PSO,X2,COM,X,417560.0
PSO_X2-COM,PSO,X2,COM,X,427396.0
PSO_X2-COM,PSO,X2,COM,X,438013.0
PSO_X2-COM,PSO,X2,COM,X,428152.0
PSO_X2-COM,PSO,X2,COM,X,423875.0
PSO_X2-COM,PSO,X2,COM,X,420335.0
PSO_X2-COM,PSO,X2,COM,X,431454.0
PSO_X2-COM,PSO,X2,COM,X,424683.0
PSO_X2-COM,PSO,X2,COM,X,422590.0
PSO_X2-COM,PSO,X2,COM,X,420417.0
PSO_X2-COM,PSO,X2,COM,X,423323.0
PSO_X3-COM,PSO,X3,COM,X,422806.0
PSO_X3-COM,PSO,X3,COM,X,421581.0
PSO_X3-COM,PSO,X3,COM,X,418746.0
PSO_X3-COM,PSO,X3,COM,X,425720.0
PSO_X3-COM,PSO,X3,COM,X,426762.0
PSO_X3-COM,PSO,X3,COM,X,425412.0
PSO_X3-COM,PSO,X3,COM,X,419489.0
PSO_X3-COM,PSO,X3,COM,X,419538.0
PSO_X3-COM,PSO,X3,COM,X,431746.0
PSO_X3-COM,PSO,X3,COM,X,427997.0
PSO_X3-COM,PSO,X3,COM,X,427006.0
PSO_X3-COM,PSO,X3,COM,X,428368.0
PSO_X3-COM,PSO,X3,COM,X,422614.0
PSO_X3-COM,PSO,X3,COM,X,425180.0
PSO_X3-COM,PSO,X3,COM,X,423609.0
PSO_X3-COM,PSO,X3,COM,X,430399.0
PSO_X3-COM,PSO,X3,COM,X,421047.0
PSO_X3-COM,PSO,X3,COM,X,426743.0
PSO_X3-COM,PSO,X3,COM,X,424307.0
PSO_X3-COM,PSO,X3,COM,X,431762.0
PSO_X3-COM,PSO,X3,COM,X,424609.0
PSO_X3-COM,PSO,X3,COM,X,427705.0
PSO_X3-COM,PSO,X3,COM,X,432690.0
PSO_X3-COM,PSO,X3,COM,X,424789.0
PSO_X3-COM,PSO,X3,COM,X,422827.0
PSO_X3-COM,PSO,X3,COM,X,424077.0
PSO_X3-COM,PSO,X3,COM,X,415204.0
PSO_X3-COM,PSO,X3,COM,X,424876.0
PSO_X3-COM,PSO,X3,COM,X,421076.0
PSO_X3-COM,PSO,X3,COM,X,426124.0
PSO_X3-COM,PSO,X3,COM,X,425800.0
PSO_X4-COM,PSO,X4,COM,X,418562.0
PSO_X4-COM,PSO,X4,COM,X,417969.0
PSO_X4-COM,PSO,X4,COM,X,432725.0
PSO_X4-COM,PSO,X4,COM,X,428417.0
PSO_X4-COM,PSO,X4,COM,X,422252.0
PSO_X4-COM,PSO,X4,COM,X,427624.0
PSO_X4-COM,PSO,X4,COM,X,432175.0
PSO_X4-COM,PSO,X4,COM,X,428356.0
PSO_X4-COM,PSO,X4,COM,X,426797.0
PSO_X4-COM,PSO,X4,COM,X,422913.0
PSO_X4-COM,PSO,X4,COM,X,422240.0
PSO_X4-COM,PSO,X4,COM,X,418691.0
PSO_X4-COM,PSO,X4,COM,X,426725.0
PSO_X4-COM,PSO,X4,COM,X,418003.0
PSO_X4-COM,PSO,X4,COM,X,427149.0
PSO_X4-COM,PSO,X4,COM,X,415397.0
PSO_X4-COM,PSO,X4,COM,X,428189.0
PSO_X4-COM,PSO,X4,COM,X,420096.0
PSO_X4-COM,PSO,X4,COM,X,423569.0
PSO_X4-COM,PSO,X4,COM,X,423549.0
PSO_X4-COM,PSO,X4,COM,X,417767.0
PSO_X4-COM,PSO,X4,COM,X,432594.0
PSO_X4-COM,PSO,X4,COM,X,427088.0
PSO_X4-COM,PSO,X4,COM,X,414557.0
PSO_X4-COM,PSO,X4,COM,X,429258.0
PSO_X4-COM,PSO,X4,COM,X,428593.0
PSO_X4-COM,PSO,X4,COM,X,416907.0
PSO_X4-COM,PSO,X4,COM,X,427530.0
PSO_X4-COM,PSO,X4,COM,X,420472.0
PSO_X4-COM,PSO,X4,COM,X,425309.0
PSO_X4-COM,PSO,X4,COM,X,421969.0
PSO_X1-ELIT,PSO,X1,ELIT,X,430842.0
PSO_X1-ELIT,PSO,X1,ELIT,X,422679.0
PSO_X1-ELIT,PSO,X1,ELIT,X,419379.0
PSO_X1-ELIT,PSO,X1,ELIT,X,416172.0
PSO_X1-ELIT,PSO,X1,ELIT,X,423608.0
PSO_X1-ELIT,PSO,X1,ELIT,X,424872.0
PSO_X1-ELIT,PSO,X1,ELIT,X,424434.0
PSO_X1-ELIT,PSO,X1,ELIT,X,422413.0
PSO_X1-ELIT,PSO,X1,ELIT,X,427783.0
PSO_X1-ELIT,PSO,X1,ELIT,X,425849.0
PSO_X1-ELIT,PSO,X1,ELIT,X,432829.0
PSO_X1-ELIT,PSO,X1,ELIT,X,434168.0
PSO_X1-ELIT,PSO,X1,ELIT,X,421039.0
PSO_X1-ELIT,PSO,X1,ELIT,X,422151.0
PSO_X1-ELIT,PSO,X1,ELIT,X,424571.0
PSO_X1-ELIT,PSO,X1,ELIT,X,427544.0
PSO_X1-ELIT,PSO,X1,ELIT,X,428705.0
PSO_X1-ELIT,PSO,X1,ELIT,X,421178.0
PSO_X1-ELIT,PSO,X1,ELIT,X,419948.0
PSO_X1-ELIT,PSO,X1,ELIT,X,426327.0
PSO_X1-ELIT,PSO,X1,ELIT,X,430996.0
PSO_X1-ELIT,PSO,X1,ELIT,X,428830.0
PSO_X1-ELIT,PSO,X1,ELIT,X,416778.0
PSO_X1-ELIT,PSO,X1,ELIT,X,429009.0
PSO_X1-ELIT,PSO,X1,ELIT,X,415754.0
PSO_X1-ELIT,PSO,X1,ELIT,X,420502.0
PSO_X1-ELIT,PSO,X1,ELIT,X,418141.0
PSO_X1-ELIT,PSO,X1,ELIT,X,426833.0
PSO_X1-ELIT,PSO,X1,ELIT,X,425559.0
PSO_X1-ELIT,PSO,X1,ELIT,X,429382.0
PSO_X1-ELIT,PSO,X1,ELIT,X,422159.0
PSO_X2-ELIT,PSO,X2,ELIT,X,427427.0
PSO_X2-ELIT,PSO,X2,ELIT,X,418214.0
PSO_X2-ELIT,PSO,X2,ELIT,X,425316.0
PSO_X2-ELIT,PSO,X2,ELIT,X,425251.0
PSO_X2-ELIT,PSO,X2,ELIT,X,426868.0
PSO_X2-ELIT,PSO,X2,ELIT,X,423495.0
PSO_X2-ELIT,PSO,X2,ELIT,X,423110.0
PSO_X2-ELIT,PSO,X2,ELIT,X,434944.0
PSO_X2-ELIT,PSO,X2,ELIT,X,425759.0
PSO_X2-ELIT,PSO,X2,ELIT,X,420207.0
PSO_X2-ELIT,PSO,X2,ELIT,X,418545.0
PSO_X2-ELIT,PSO,X2,ELIT,X,424138.0
PSO_X2-ELIT,PSO,X2,ELIT,X,423878.0
PSO_X2-ELIT,PSO,X2,ELIT,X,417683.0
PSO_X2-ELIT,PSO,X2,ELIT,X,416548.0
PSO_X2-ELIT,PSO,X2,ELIT,X,424046.0
PSO_X2-ELIT,PSO,X2,ELIT,X,423231.0
PSO_X2-ELIT,PSO,X2,ELIT,X,417853.0
PSO_X2-ELIT,PSO,X2,ELIT,X,420509.0
PSO_X2-ELIT,PSO,X2,ELIT,X,435185.0
PSO_X2-ELIT,PSO,X2,ELIT,X,429099.0
PSO_X2-ELIT,PSO,X2,ELIT,X,424158.0
PSO_X2-ELIT,PSO,X2,ELIT,X,425890.0
PSO_X2-ELIT,PSO,X2,ELIT,X,430558.0
PSO_X2-ELIT,PSO,X2,ELIT,X,420652.0
PSO_X2-ELIT,PSO,X2,ELIT,X,424138.0
PSO_X2-ELIT,PSO,X2,ELIT,X,427991.0
PSO_X2-ELIT,PSO,X2,ELIT,X,421465.0
PSO_X2-ELIT,PSO,X2,ELIT,X,421471.0
PSO_X2-ELIT,PSO,X2,ELIT,X,423158.0
PSO_X2-ELIT,PSO,X2,ELIT,X,420513.0
PSO_X3-ELIT,PSO,X3,ELIT,X,425260.0
PSO_X3-ELIT,PSO,X3,ELIT,X,412692.0
PSO_X3-ELIT,PSO,X3,ELIT,X,426648.0
PSO_X3-ELIT,PSO,X3,ELIT,X,424720.0
PSO_X3-ELIT,PSO,X3,ELIT,X,430258.0
PSO_X3-ELIT,PSO,X3,ELIT,X,423497.0
PSO_X3-ELIT,PSO,X3,ELIT,X,425628.0
PSO_X3-ELIT,PSO,X3,ELIT,X,425769.0
PSO_X3-ELIT,PSO,X3,ELIT,X,421748.0
PSO_X3-ELIT,PSO,X3,ELIT,X,429290.0
PSO_X3-ELIT,PSO,X3,ELIT,X,424863.0
PSO_X3-ELIT,PSO,X3,ELIT,X,422876.0
PSO_X3-ELIT,PSO,X3,ELIT,X,425017.0
PSO_X3-ELIT,PSO,X3,ELIT,X,422780.0
PSO_X3-ELIT,PSO,X3,ELIT,X,424318.0
PSO_X3-ELIT,PSO,X3,ELIT,X,428338.0
PSO_X3-ELIT,PSO,X3,ELIT,X,418664.0
PSO_X3-ELIT,PSO,X3,ELIT,X,428876.0
PSO_X3-ELIT,PSO,X3,ELIT,X,423490.0
PSO_X3-ELIT,PSO,X3,ELIT,X,422790.0
PSO_X3-ELIT,PSO,X3,ELIT,X,427445.0
PSO_X3-ELIT,PSO,X3,ELIT,X,423057.0
PSO_X3-ELIT,PSO,X3,ELIT,X,416312.0
PSO_X3-ELIT,PSO,X3,ELIT,X,416065.0
PSO_X3-ELIT,PSO,X3,ELIT,X,427809.0
PSO_X3-ELIT,PSO,X3,ELIT,X,420804.0
PSO_X3-ELIT,PSO,X3,ELIT,X,422772.0
PSO_X3-ELIT,PSO,X3,ELIT,X,424584.0
PSO_X3-ELIT,PSO,X3,ELIT,X,423869.0
PSO_X3-ELIT,PSO,X3,ELIT,X,419549.0
PSO_X3-ELIT,PSO,X3,ELIT,X,423541.0
PSO_X4-ELIT,PSO,X4,ELIT,X,433482.0
PSO_X4-ELIT,PSO,X4,ELIT,X,426342.0
PSO_X4-ELIT,PSO,X4,ELIT,X,429492.0
PSO_X4-ELIT,PSO,X4,ELIT,X,429799.0
PSO_X4-ELIT,PSO,X4,ELIT,X,418666.0
PSO_X4-ELIT,PSO,X4,ELIT,X,425844.0
PSO_X4-ELIT,PSO,X4,ELIT,X,427256.0
PSO_X4-ELIT,PSO,X4,ELIT,X,421002.0
PSO_X4-ELIT,PSO,X4,ELIT,X,425807.0
PSO_X4-ELIT,PSO,X4,ELIT,X,426781.0
PSO_X4-ELIT,PSO,X4,ELIT,X,423183.0
PSO_X4-ELIT,PSO,X4,ELIT,X,422529.0
PSO_X4-ELIT,PSO,X4,ELIT,X,419446.0
PSO_X4-ELIT,PSO,X4,ELIT,X,422127.0
PSO_X4-ELIT,PSO,X4,ELIT,X,429961.0
PSO_X4-ELIT,PSO,X4,ELIT,X,429804.0
PSO_X4-ELIT,PSO,X4,ELIT,X,426584.0
PSO_X4-ELIT,PSO,X4,ELIT,X,429491.0
PSO_X4-ELIT,PSO,X4,ELIT,X,420664.0
PSO_X4-ELIT,PSO,X4,ELIT,X,420584.0
PSO_X4-ELIT,PSO,X4,ELIT,X,426458.0
PSO_X4-ELIT,PSO,X4,ELIT,X,427277.0
PSO_X4-ELIT,PSO,X4,ELIT,X,427140.0
PSO_X4-ELIT,PSO,X4,ELIT,X,421525.0
PSO_X4-ELIT,PSO,X4,ELIT,X,429118.0
PSO_X4-ELIT,PSO,X4,ELIT,X,426033.0
PSO_X4-ELIT,PSO,X4,ELIT,X,418623.0
PSO_X4-ELIT,PSO,X4,ELIT,X,432238.0
PSO_X4-ELIT,PSO,X4,ELIT,X,420790.0
PSO_X4-ELIT,PSO,X4,ELIT,X,422138.0
PSO_X4-ELIT,PSO,X4,ELIT,X,423053.0
PSO_Z1-STD,PSO,Z1,STD,Z,417915.0
PSO_Z1-STD,PSO,Z1,STD,Z,427076.0
PSO_Z1-STD,PSO,Z1,STD,Z,422877.0
PSO_Z1-STD,PSO,Z1,STD,Z,428328.0
PSO_Z1-STD,PSO,Z1,STD,Z,421880.0
PSO_Z1-STD,PSO,Z1,STD,Z,423118.0
PSO_Z1-STD,PSO,Z1,STD,Z,421690.0
PSO_Z1-STD,PSO,Z1,STD,Z,421283.0
PSO_Z1-STD,PSO,Z1,STD,Z,429200.0
PSO_Z1-STD,PSO,Z1,STD,Z,425229.0
PSO_Z1-STD,PSO,Z1,STD,Z,423228.0
PSO_Z1-STD,PSO,Z1,STD,Z,426190.0
PSO_Z1-STD,PSO,Z1,STD,Z,423153.0
PSO_Z1-STD,PSO,Z1,STD,Z,419296.0
PSO_Z1-STD,PSO,Z1,STD,Z,422271.0
PSO_Z1-STD,PSO,Z1,STD,Z,419640.0
PSO_Z1-STD,PSO,Z1,STD,Z,430814.0
PSO_Z1-STD,PSO,Z1,STD,Z,420020.0
PSO_Z1-STD,PSO,Z1,STD,Z,417100.0
PSO_Z1-STD,PSO,Z1,STD,Z,423339.0
PSO_Z1-STD,PSO,Z1,STD,Z,424422.0
PSO_Z1-STD,PSO,Z1,STD,Z,427459.0
PSO_Z1-STD,PSO,Z1,STD,Z,423348.0
PSO_Z1-STD,PSO,Z1,STD,Z,421616.0
PSO_Z1-STD,PSO,Z1,STD,Z,428715.0
PSO_Z1-STD,PSO,Z1,STD,Z,422529.0
PSO_Z1-STD,PSO,Z1,STD,Z,424804.0
PSO_Z1-STD,PSO,Z1,STD,Z,419200.0
PSO_Z1-STD,PSO,Z1,STD,Z,414435.0
PSO_Z1-STD,PSO,Z1,STD,Z,427491.0
PSO_Z1-STD,PSO,Z1,STD,Z,424884.0
PSO_Z2-STD,PSO,Z2,STD,Z,416715.0
PSO_Z2-STD,PSO,Z2,STD,Z,429791.0
PSO_Z2-STD,PSO,Z2,STD,Z,431651.0
PSO_Z2-STD,PSO,Z2,STD,Z,418381.0
PSO_Z2-STD,PSO,Z2,STD,Z,425857.0
PSO_Z2-STD,PSO,Z2,STD,Z,423958.0
PSO_Z2-STD,PSO,Z2,STD,Z,420087.0
PSO_Z2-STD,PSO,Z2,STD,Z,415756.0
PSO_Z2-STD,PSO,Z2,STD,Z,422878.0
PSO_Z2-STD,PSO,Z2,STD,Z,428235.0
PSO_Z2-STD,PSO,Z2,STD,Z,423633.0
PSO_Z2-STD,PSO,Z2,STD,Z,434709.0
PSO_Z2-STD,PSO,Z2,STD,Z,422244.0
PSO_Z2-STD,PSO,Z2,STD,Z,421587.0
PSO_Z2-STD,PSO,Z2,STD,Z,415447.0
PSO_Z2-STD,PSO,Z2,STD,Z,433423.0
PSO_Z2-STD,PSO,Z2,STD,Z,423390.0
PSO_Z2-STD,PSO,Z2,STD,Z,423390.0
PSO_Z2-STD,PSO,Z2,STD,Z,431276.0
PSO_Z2-STD,PSO,Z2,STD,Z,416986.0
PSO_Z2-STD,PSO,Z2,STD,Z,419577.0
PSO_Z2-STD,PSO,Z2,STD,Z,425504.0
PSO_Z2-STD,PSO,Z2,STD,Z,414896.0
PSO_Z2-STD,PSO,Z2,STD,Z,425310.0
PSO_Z2-STD,PSO,Z2,STD,Z,425881.0
PSO_Z2-STD,PSO,Z2,STD,Z,420300.0
PSO_Z2-STD,PSO,Z2,STD,Z,425976.0
PSO_Z2-STD,PSO,Z2,STD,Z,431777.0
PSO_Z2-STD,PSO,Z2,STD,Z,425293.0
PSO_Z2-STD,PSO,Z2,STD,Z,430835.0
PSO_Z2-STD,PSO,Z2,STD,Z,430923.0
PSO_Z3-STD,PSO,Z3,STD,Z,419693.0
PSO_Z3-STD,PSO,Z3,STD,Z,424063.0
PSO_Z3-STD,PSO,Z3,STD,Z,425283.0
PSO_Z3-STD,PSO,Z3,STD,Z,422806.0
PSO_Z3-STD,PSO,Z3,STD,Z,424243.0
PSO_Z3-STD,PSO,Z3,STD,Z,417847.0
PSO_Z3-STD,PSO,Z3,STD,Z,427243.0
PSO_Z3-STD,PSO,Z3,STD,Z,428390.0
PSO_Z3-STD,PSO,Z3,STD,Z,423180.0
PSO_Z3-STD,PSO,Z3,STD,Z,420152.0
PSO_Z3-STD,PSO,Z3,STD,Z,421673.0
PSO_Z3-STD,PSO,Z3,STD,Z,430958.0
PSO_Z3-STD,PSO,Z3,STD,Z,431627.0
PSO_Z3-STD,PSO,Z3,STD,Z,419281.0
PSO_Z3-STD,PSO,Z3,STD,Z,419367.0
PSO_Z3-STD,PSO,Z3,STD,Z,420895.0
PSO_Z3-STD,PSO,Z3,STD,Z,425278.0
PSO_Z3-STD,PSO,Z3,STD,Z,424891.0
PSO_Z3-STD,PSO,Z3,STD,Z,420985.0
PSO_Z3-STD,PSO,Z3,STD,Z,429675.0
PSO_Z3-STD,PSO,Z3,STD,Z,421423.0
PSO_Z3-STD,PSO,Z3,STD,Z,424973.0
PSO_Z3-STD,PSO,Z3,STD,Z,422443.0
PSO_Z3-STD,PSO,Z3,STD,Z,419976.0
PSO_Z3-STD,PSO,Z3,STD,Z,425071.0
PSO_Z3-STD,PSO,Z3,STD,Z,432771.0
PSO_Z3-STD,PSO,Z3,STD,Z,425602.0
PSO_Z3-STD,PSO,Z3,STD,Z,427888.0
PSO_Z3-STD,PSO,Z3,STD,Z,418667.0
PSO_Z3-STD,PSO,Z3,STD,Z,431512.0
PSO_Z3-STD,PSO,Z3,STD,Z,428994.0
PSO_Z4-STD,PSO,Z4,STD,Z,430635.0
PSO_Z4-STD,PSO,Z4,STD,Z,425013.0
PSO_Z4-STD,PSO,Z4,STD,Z,418046.0
PSO_Z4-STD,PSO,Z4,STD,Z,427100.0
PSO_Z4-STD,PSO,Z4,STD,Z,426950.0
PSO_Z4-STD,PSO,Z4,STD,Z,426962.0
PSO_Z4-STD,PSO,Z4,STD,Z,427747.0
PSO_Z4-STD,PSO,Z4,STD,Z,424051.0
PSO_Z4-STD,PSO,Z4,STD,Z,421770.0
PSO_Z4-STD,PSO,Z4,STD,Z,423487.0
PSO_Z4-STD,PSO,Z4,STD,Z,421022.0
PSO_Z4-STD,PSO,Z4,STD,Z,419115.0
PSO_Z4-STD,PSO,Z4,STD,Z,422403.0
PSO_Z4-STD,PSO,Z4,STD,Z,427335.0
PSO_Z4-STD,PSO,Z4,STD,Z,426748.0
PSO_Z4-STD,PSO,Z4,STD,Z,427403.0
PSO_Z4-STD,PSO,Z4,STD,Z,422541.0
PSO_Z4-STD,PSO,Z4,STD,Z,422198.0
PSO_Z4-STD,PSO,Z4,STD,Z,422331.0
PSO_Z4-STD,PSO,Z4,STD,Z,426090.0
PSO_Z4-STD,PSO,Z4,STD,Z,417223.0
PSO_Z4-STD,PSO,Z4,STD,Z,420639.0
PSO_Z4-STD,PSO,Z4,STD,Z,425263.0
PSO_Z4-STD,PSO,Z4,STD,Z,423151.0
PSO_Z4-STD,PSO,Z4,STD,Z,425118.0
PSO_Z4-STD,PSO,Z4,STD,Z,428716.0
PSO_Z4-STD,PSO,Z4,STD,Z,425094.0
PSO_Z4-STD,PSO,Z4,STD,Z,427181.0
PSO_Z4-STD,PSO,Z4,STD,Z,414788.0
PSO_Z4-STD,PSO,Z4,STD,Z,415399.0
PSO_Z4-STD,PSO,Z4,STD,Z,424441.0
PSO_Z1-COM,PSO,Z1,COM,Z,420182.0
PSO_Z1-COM,PSO,Z1,COM,Z,423531.0
PSO_Z1-COM,PSO,Z1,COM,Z,422897.0
PSO_Z1-COM,PSO,Z1,COM,Z,428878.0
PSO_Z1-COM,PSO,Z1,COM,Z,428301.0
PSO_Z1-COM,PSO,Z1,COM,Z,429966.0
PSO_Z1-COM,PSO,Z1,COM,Z,424548.0
PSO_Z1-COM,PSO,Z1,COM,Z,420086.0
PSO_Z1-COM,PSO,Z1,COM,Z,427619.0
PSO_Z1-COM,PSO,Z1,COM,Z,426582.0
PSO_Z1-COM,PSO,Z1,COM,Z,426895.0
PSO_Z1-COM,PSO,Z1,COM,Z,423132.0
PSO_Z1-COM,PSO,Z1,COM,Z,427109.0
PSO_Z1-COM,PSO,Z1,COM,Z,428332.0
PSO_Z1-COM,PSO,Z1,COM,Z,421745.0
PSO_Z1-COM,PSO,Z1,COM,Z,422860.0
PSO_Z1-COM,PSO,Z1,COM,Z,424241.0
PSO_Z1-COM,PSO,Z1,COM,Z,426158.0
PSO_Z1-COM,PSO,Z1,COM,Z,432042.0
PSO_Z1-COM,PSO,Z1,COM,Z,420823.0
PSO_Z1-COM,PSO,Z1,COM,Z,421112.0
PSO_Z1-COM,PSO,Z1,COM,Z,420971.0
PSO_Z1-COM,PSO,Z1,COM,Z,436012.0
PSO_Z1-COM,PSO,Z1,COM,Z,428033.0
PSO_Z1-COM,PSO,Z1,COM,Z,438293.0
PSO_Z1-COM,PSO,Z1,COM,Z,428473.0
PSO_Z1-COM,PSO,Z1,COM,Z,418037.0
PSO_Z1-COM,PSO,Z1,COM,Z,420689.0
PSO_Z1-COM,PSO,Z1,COM,Z,423314.0
PSO_Z1-COM,PSO,Z1,COM,Z,425667.0
PSO_Z1-COM,PSO,Z1,COM,Z,428017.0
PSO_Z2-COM,PSO,Z2,COM,Z,428648.0
PSO_Z2-COM,PSO,Z2,COM,Z,430565.0
PSO_Z2-COM,PSO,Z2,COM,Z,425906.0
PSO_Z2-COM,PSO,Z2,COM,Z,425947.0
PSO_Z2-COM,PSO,Z2,COM,Z,428568.0
PSO_Z2-COM,PSO,Z2,COM,Z,424185.0
PSO_Z2-COM,PSO,Z2,COM,Z,424950.0
PSO_Z2-COM,PSO,Z2,COM,Z,417945.0
PSO_Z2-COM,PSO,Z2,COM,Z,420584.0
PSO_Z2-COM,PSO,Z2,COM,Z,420599.0
PSO_Z2-COM,PSO,Z2,COM,Z,425990.0
PSO_Z2-COM,PSO,Z2,COM,Z,417266.0
PSO_Z2-COM,PSO,Z2,COM,Z,420061.0
PSO_Z2-COM,PSO,Z2,COM,Z,429910.0
PSO_Z2-COM,PSO,Z2,COM,Z,427356.0
PSO_Z2-COM,PSO,Z2,COM,Z,422133.0
PSO_Z2-COM,PSO,Z2,COM,Z,427835.0
PSO_Z2-COM,PSO,Z2,COM,Z,419694.0
PSO_Z2-COM,PSO,Z2,COM,Z,424133.0
PSO_Z2-COM,PSO,Z2,COM,Z,426289.0
PSO_Z2-COM,PSO,Z2,COM,Z,428675.0
PSO_Z2-COM,PSO,Z2,COM,Z,425632.0
PSO_Z2-COM,PSO,Z2,COM,Z,426126.0
PSO_Z2-COM,PSO,Z2,COM,Z,422593.0
PSO_Z2-COM,PSO,Z2,COM,Z,417643.0
PSO_Z2-COM,PSO,Z2,COM,Z,420808.0
PSO_Z2-COM,PSO,Z2,COM,Z,427757.0
PSO_Z2-COM,PSO,Z2,COM,Z,427543.0
PSO_Z2-COM,PSO,Z2,COM,Z,418667.0
PSO_Z2-COM,PSO,Z2,COM,Z,418814.0
PSO_Z2-COM,PSO,Z2,COM,Z,421855.0
PSO_Z3-COM,PSO,Z3,COM,Z,420786.0
PSO_Z3-COM,PSO,Z3,COM,Z,427923.0
PSO_Z3-COM,PSO,Z3,COM,Z,421705.0
PSO_Z3-COM,PSO,Z3,COM,Z,426422.0
PSO_Z3-COM,PSO,Z3,COM,Z,418360.0
PSO_Z3-COM,PSO,Z3,COM,Z,418327.0
PSO_Z3-COM,PSO,Z3,COM,Z,415975.0
PSO_Z3-COM,PSO,Z3,COM,Z,423883.0
PSO_Z3-COM,PSO,Z3,COM,Z,423456.0
PSO_Z3-COM,PSO,Z3,COM,Z,425869.0
PSO_Z3-COM,PSO,Z3,COM,Z,425456.0
PSO_Z3-COM,PSO,Z3,COM,Z,425649.0
PSO_Z3-COM,PSO,Z3,COM,Z,422719.0
PSO_Z3-COM,PSO,Z3,COM,Z,420993.0
PSO_Z3-COM,PSO,Z3,COM,Z,425358.0
PSO_Z3-COM,PSO,Z3,COM,Z,422627.0
PSO_Z3-COM,PSO,Z3,COM,Z,428975.0
PSO_Z3-COM,PSO,Z3,COM,Z,417092.0
PSO_Z3-COM,PSO,Z3,COM,Z,428978.0
PSO_Z3-COM,PSO,Z3,COM,Z,433834.0
PSO_Z3-COM,PSO,Z3,COM,Z,423356.0
PSO_Z3-COM,PSO,Z3,COM,Z,422443.0
PSO_Z3-COM,PSO,Z3,COM,Z,429027.0
PSO_Z3-COM,PSO,Z3,COM,Z,421740.0
PSO_Z3-COM,PSO,Z3,COM,Z,430411.0
PSO_Z3-COM,PSO,Z3,COM,Z,418800.0
PSO_Z3-COM,PSO,Z3,COM,Z,426004.0
PSO_Z3-COM,PSO,Z3,COM,Z,428406.0
PSO_Z3-COM,PSO,Z3,COM,Z,430315.0
PSO_Z3-COM,PSO,Z3,COM,Z,421696.0
PSO_Z3-COM,PSO,Z3,COM,Z,436008.0
PSO_Z4-COM,PSO,Z4,COM,Z,425318.0
PSO_Z4-COM,PSO,Z4,COM,Z,418613.0
PSO_Z4-COM,PSO,Z4,COM,Z,422499.0
PSO_Z4-COM,PSO,Z4,COM,Z,423105.0
PSO_Z4-COM,PSO,Z4,COM,Z,427062.0
PSO_Z4-COM,PSO,Z4,COM,Z,427999.0
PSO_Z4-COM,PSO,Z4,COM,Z,430780.0
PSO_Z4-COM,PSO,Z4,COM,Z,430323.0
PSO_Z4-COM,PSO,Z4,COM,Z,428725.0
PSO_Z4-COM,PSO,Z4,COM,Z,424247.0
PSO_Z4-COM,PSO,Z4,COM,Z,426736.0
PSO_Z4-COM,PSO,Z4,COM,Z,431314.0
PSO_Z4-COM,PSO,Z4,COM,Z,421768.0
PSO_Z4-COM,PSO,Z4,COM,Z,417970.0
PSO_Z4-COM,PSO,Z4,COM,Z,422814.0
PSO_Z4-COM,PSO,Z4,COM,Z,423623.0
PSO_Z4-COM,PSO,Z4,COM,Z,422759.0
PSO_Z4-COM,PSO,Z4,COM,Z,436041.0
PSO_Z4-COM,PSO,Z4,COM,Z,428946.0
PSO_Z4-COM,PSO,Z4,COM,Z,423529.0
PSO_Z4-COM,PSO,Z4,COM,Z,420639.0
PSO_Z4-COM,PSO,Z4,COM,Z,428431.0
PSO_Z4-COM,PSO,Z4,COM,Z,423211.0
PSO_Z4-COM,PSO,Z4,COM,Z,415409.0
PSO_Z4-COM,PSO,Z4,COM,Z,420182.0
PSO_Z4-COM,PSO,Z4,COM,Z,424552.0
PSO_Z4-COM,PSO,Z4,COM,Z,430557.0
PSO_Z4-COM,PSO,Z4,COM,Z,431570.0
PSO_Z4-COM,PSO,Z4,COM,Z,423271.0
PSO_Z4-COM,PSO,Z4,COM,Z,426552.0
PSO_Z4-COM,PSO,Z4,COM,Z,422717.0
PSO_Z1-ELIT,PSO,Z1,ELIT,Z,424698.0
PSO_Z1-ELIT,PSO,Z1,ELIT,Z,417230.0
PSO_Z1-ELIT,PSO,Z1,ELIT,Z,413533.0
PSO_Z1-ELIT,PSO,Z1,ELIT,Z,427483.0
PSO_Z1-ELIT,PSO,Z1,ELIT,Z,426163.0
PSO_Z1-ELIT,PSO,Z1,ELIT,Z,421798.0
PSO_Z1-ELIT,PSO,Z1,ELIT,Z,420711.0
PSO_Z1-ELIT,PSO,Z1,ELIT,Z,422579.0
PSO_Z1-ELIT,PSO,Z1,ELIT,Z,419118.0
PSO_Z1-ELIT,PSO,Z1,ELIT,Z,424091.0
PSO_Z1-ELIT,PSO,Z1,ELIT,Z,424666.0
PSO_Z1-ELIT,PSO,Z1,ELIT,Z,431852.0
PSO_Z1-ELIT,PSO,Z1,ELIT,Z,423895.0
PSO_Z1-ELIT,PSO,Z1,ELIT,Z,426017.0
PSO_Z1-ELIT,PSO,Z1,ELIT,Z,417818.0
PSO_Z1-ELIT,PSO,Z1,ELIT,Z,432189.0
PSO_Z1-ELIT,PSO,Z1,ELIT,Z,430551.0
PSO_Z1-ELIT,PSO,Z1,ELIT,Z,415102.0
PSO_Z1-ELIT,PSO,Z1,ELIT,Z,425885.0
PSO_Z1-ELIT,PSO,Z1,ELIT,Z,425742.0
PSO_Z1-ELIT,PSO,Z1,ELIT,Z,421037.0
PSO_Z1-ELIT,PSO,Z1,ELIT,Z,417550.0
PSO_Z1-ELIT,PSO,Z1,ELIT,Z,418591.0
PSO_Z1-ELIT,PSO,Z1,ELIT,Z,431154.0
PSO_Z1-ELIT,PSO,Z1,ELIT,Z,418394.0
PSO_Z1-ELIT,PSO,Z1,ELIT,Z,419951.0
PSO_Z1-ELIT,PSO,Z1,ELIT,Z,417420.0
PSO_Z1-ELIT,PSO,Z1,ELIT,Z,428638.0
PSO_Z1-ELIT,PSO,Z1,ELIT,Z,418565.0
PSO_Z1-ELIT,PSO,Z1,ELIT,Z,421844.0
PSO_Z1-ELIT,PSO,Z1,ELIT,Z,425191.0
PSO_Z2-ELIT,PSO,Z2,ELIT,Z,426790.0
PSO_Z2-ELIT,PSO,Z2,ELIT,Z,424775.0
PSO_Z2-ELIT,PSO,Z2,ELIT,Z,427542.0
PSO_Z2-ELIT,PSO,Z2,ELIT,Z,424933.0
PSO_Z2-ELIT,PSO,Z2,ELIT,Z,412974.0
PSO_Z2-ELIT,PSO,Z2,ELIT,Z,422254.0
PSO_Z2-ELIT,PSO,Z2,ELIT,Z,422893.0
PSO_Z2-ELIT,PSO,Z2,ELIT,Z,429581.0
PSO_Z2-ELIT,PSO,Z2,ELIT,Z,417105.0
PSO_Z2-ELIT,PSO,Z2,ELIT,Z,429143.0
PSO_Z2-ELIT,PSO,Z2,ELIT,Z,419298.0
PSO_Z2-ELIT,PSO,Z2,ELIT,Z,423183.0
PSO_Z2-ELIT,PSO,Z2,ELIT,Z,429277.0
PSO_Z2-ELIT,PSO,Z2,ELIT,Z,430987.0
PSO_Z2-ELIT,PSO,Z2,ELIT,Z,429423.0
PSO_Z2-ELIT,PSO,Z2,ELIT,Z,427595.0
PSO_Z2-ELIT,PSO,Z2,ELIT,Z,422734.0
PSO_Z2-ELIT,PSO,Z2,ELIT,Z,427080.0
PSO_Z2-ELIT,PSO,Z2,ELIT,Z,424349.0
PSO_Z2-ELIT,PSO,Z2,ELIT,Z,420082.0
PSO_Z2-ELIT,PSO,Z2,ELIT,Z,425034.0
PSO_Z2-ELIT,PSO,Z2,ELIT,Z,422735.0
PSO_Z2-ELIT,PSO,Z2,ELIT,Z,423926.0
PSO_Z2-ELIT,PSO,Z2,ELIT,Z,424168.0
PSO_Z2-ELIT,PSO,Z2,ELIT,Z,434694.0
PSO_Z2-ELIT,PSO,Z2,ELIT,Z,417376.0
PSO_Z2-ELIT,PSO,Z2,ELIT,Z,426678.0
PSO_Z2-ELIT,PSO,Z2,ELIT,Z,419734.0
PSO_Z2-ELIT,PSO,Z2,ELIT,Z,421876.0
PSO_Z2-ELIT,PSO,Z2,ELIT,Z,420378.0
PSO_Z2-ELIT,PSO,Z2,ELIT,Z,429036.0
PSO_Z3-ELIT,PSO,Z3,ELIT,Z,422643.0
PSO_Z3-ELIT,PSO,Z3,ELIT,Z,422508.0
PSO_Z3-ELIT,PSO,Z3,ELIT,Z,421202.0
PSO_Z3-ELIT,PSO,Z3,ELIT,Z,425571.0
PSO_Z3-ELIT,PSO,Z3,ELIT,Z,418380.0
PSO_Z3-ELIT,PSO,Z3,ELIT,Z,433780.0
PSO_Z3-ELIT,PSO,Z3,ELIT,Z,419451.0
PSO_Z3-ELIT,PSO,Z3,ELIT,Z,422162.0
PSO_Z3-ELIT,PSO,Z3,ELIT,Z,424707.0
PSO_Z3-ELIT,PSO,Z3,ELIT,Z,420212.0
PSO_Z3-ELIT,PSO,Z3,ELIT,Z,420678.0
PSO_Z3-ELIT,PSO,Z3,ELIT,Z,431561.0
PSO_Z3-ELIT,PSO,Z3,ELIT,Z,415708.0
PSO_Z3-ELIT,PSO,Z3,ELIT,Z,430907.0
PSO_Z3-ELIT,PSO,Z3,ELIT,Z,423126.0
PSO_Z3-ELIT,PSO,Z3,ELIT,Z,427198.0
PSO_Z3-ELIT,PSO,Z3,ELIT,Z,431439.0
PSO_Z3-ELIT,PSO,Z3,ELIT,Z,415342.0
PSO_Z3-ELIT,PSO,Z3,ELIT,Z,433489.0
PSO_Z3-ELIT,PSO,Z3,ELIT,Z,428614.0
PSO_Z3-ELIT,PSO,Z3,ELIT,Z,428341.0
PSO_Z3-ELIT,PSO,Z3,ELIT,Z,420093.0
PSO_Z3-ELIT,PSO,Z3,ELIT,Z,432381.0
PSO_Z3-ELIT,PSO,Z3,ELIT,Z,425060.0
PSO_Z3-ELIT,PSO,Z3,ELIT,Z,423122.0
PSO_Z3-ELIT,PSO,Z3,ELIT,Z,421486.0
PSO_Z3-ELIT,PSO,Z3,ELIT,Z,420454.0
PSO_Z3-ELIT,PSO,Z3,ELIT,Z,436206.0
PSO_Z3-ELIT,PSO,Z3,ELIT,Z,421868.0
PSO_Z3-ELIT,PSO,Z3,ELIT,Z,422387.0
PSO_Z3-ELIT,PSO,Z3,ELIT,Z,419834.0
PSO_Z4-ELIT,PSO,Z4,ELIT,Z,425006.0
PSO_Z4-ELIT,PSO,Z4,ELIT,Z,417859.0
PSO_Z4-ELIT,PSO,Z4,ELIT,Z,419523.0
PSO_Z4-ELIT,PSO,Z4,ELIT,Z,421042.0
PSO_Z4-ELIT,PSO,Z4,ELIT,Z,426970.0
PSO_Z4-ELIT,PSO,Z4,ELIT,Z,429113.0
PSO_Z4-ELIT,PSO,Z4,ELIT,Z,426810.0
PSO_Z4-ELIT,PSO,Z4,ELIT,Z,428203.0
PSO_Z4-ELIT,PSO,Z4,ELIT,Z,425799.0
PSO_Z4-ELIT,PSO,Z4,ELIT,Z,431758.0
PSO_Z4-ELIT,PSO,Z4,ELIT,Z,422863.0
PSO_Z4-ELIT,PSO,Z4,ELIT,Z,428681.0
PSO_Z4-ELIT,PSO,Z4,ELIT,Z,430409.0
PSO_Z4-ELIT,PSO,Z4,ELIT,Z,428488.0
PSO_Z4-ELIT,PSO,Z4,ELIT,Z,419796.0
PSO_Z4-ELIT,PSO,Z4,ELIT,Z,429874.0
PSO_Z4-ELIT,PSO,Z4,ELIT,Z,426484.0
PSO_Z4-ELIT,PSO,Z4,ELIT,Z,425977.0
PSO_Z4-ELIT,PSO,Z4,ELIT,Z,421160.0
PSO_Z4-ELIT,PSO,Z4,ELIT,Z,426463.0
PSO_Z4-ELIT,PSO,Z4,ELIT,Z,420662.0
PSO_Z4-ELIT,PSO,Z4,ELIT,Z,418785.0
PSO_Z4-ELIT,PSO,Z4,ELIT,Z,429280.0
PSO_Z4-ELIT,PSO,Z4,ELIT,Z,431418.0
PSO_Z4-ELIT,PSO,Z4,ELIT,Z,425688.0
PSO_Z4-ELIT,PSO,Z4,ELIT,Z,421582.0
PSO_Z4-ELIT,PSO,Z4,ELIT,Z,420112.0
PSO_Z4-ELIT,PSO,Z4,ELIT,Z,422122.0
PSO_Z4-ELIT,PSO,Z4,ELIT,Z,420571.0
PSO_Z4-ELIT,PSO,Z4,ELIT,Z,421421.0
PSO_Z4-ELIT,PSO,Z4,ELIT,Z,427952.0
GWO_S1-STD,GWO,S1,STD,S,527876.0
GWO_S1-STD,GWO,S1,STD,S,532370.0
GWO_S1-STD,GWO,S1,STD,S,529940.0
GWO_S1-STD,GWO,S1,STD,S,530797.0
GWO_S1-STD,GWO,S1,STD,S,530495.0
GWO_S1-STD,GWO,S1,STD,S,530609.0
GWO_S1-STD,GWO,S1,STD,S,531950.0
GWO_S1-STD,GWO,S1,STD,S,532653.0
GWO_S1-STD,GWO,S1,STD,S,531429.0
GWO_S1-STD,GWO,S1,STD,S,530792.0
GWO_S1-STD,GWO,S1,STD,S,531208.0
GWO_S1-STD,GWO,S1,STD,S,535008.0
GWO_S1-STD,GWO,S1,STD,S,531251.0
GWO_S1-STD,GWO,S1,STD,S,531259.0
GWO_S1-STD,GWO,S1,STD,S,532394.0
GWO_S1-STD,GWO,S1,STD,S,530578.0
GWO_S1-STD,GWO,S1,STD,S,530767.0
GWO_S1-STD,GWO,S1,STD,S,530623.0
GWO_S1-STD,GWO,S1,STD,S,531464.0
GWO_S1-STD,GWO,S1,STD,S,529189.0
GWO_S1-STD,GWO,S1,STD,S,531740.0
GWO_S1-STD,GWO,S1,STD,S,531635.0
GWO_S1-STD,GWO,S1,STD,S,531802.0
GWO_S1-STD,GWO,S1,STD,S,532051.0
GWO_S1-STD,GWO,S1,STD,S,532331.0
GWO_S1-STD,GWO,S1,STD,S,531637.0
GWO_S1-STD,GWO,S1,STD,S,529149.0
GWO_S1-STD,GWO,S1,STD,S,530346.0
GWO_S1-STD,GWO,S1,STD,S,534311.0
GWO_S1-STD,GWO,S1,STD,S,532581.0
GWO_S1-STD,GWO,S1,STD,S,530607.0
GWO_S2-STD,GWO,S2,STD,S,491379.0
GWO_S2-STD,GWO,S2,STD,S,489376.0
GWO_S2-STD,GWO,S2,STD,S,485995.0
GWO_S2-STD,GWO,S2,STD,S,487278.0
GWO_S2-STD,GWO,S2,STD,S,486878.0
GWO_S2-STD,GWO,S2,STD,S,484889.0
GWO_S2-STD,GWO,S2,STD,S,484432.0
GWO_S2-STD,GWO,S2,STD,S,484958.0
GWO_S2-STD,GWO,S2,STD,S,486309.0
GWO_S2-STD,GWO,S2,STD,S,486747.0
GWO_S2-STD,GWO,S2,STD,S,487359.0
GWO_S2-STD,GWO,S2,STD,S,484506.0
GWO_S2-STD,GWO,S2,STD,S,487426.0
GWO_S2-STD,GWO,S2,STD,S,485566.0
GWO_S2-STD,GWO,S2,STD,S,484659.0
GWO_S2-STD,GWO,S2,STD,S,484243.0
GWO_S2-STD,GWO,S2,STD,S,485852.0
GWO_S2-STD,GWO,S2,STD,S,486788.0
GWO_S2-STD,GWO,S2,STD,S,483837.0
GWO_S2-STD,GWO,S2,STD,S,487319.0
GWO_S2-STD,GWO,S2,STD,S,485462.0
GWO_S2-STD,GWO,S2,STD,S,484768.0
GWO_S2-STD,GWO,S2,STD,S,485705.0
GWO_S2-STD,GWO,S2,STD,S,486358.0
GWO_S2-STD,GWO,S2,STD,S,487524.0
GWO_S2-STD,GWO,S2,STD,S,484926.0
GWO_S2-STD,GWO,S2,STD,S,490810.0
GWO_S2-STD,GWO,S2,STD,S,487081.0
GWO_S2-STD,GWO,S2,STD,S,486978.0
GWO_S2-STD,GWO,S2,STD,S,482273.0
GWO_S2-STD,GWO,S2,STD,S,487745.0
GWO_S3-STD,GWO,S3,STD,S,461323.0
GWO_S3-STD,GWO,S3,STD,S,461408.0
GWO_S3-STD,GWO,S3,STD,S,459812.0
GWO_S3-STD,GWO,S3,STD,S,463370.0
GWO_S3-STD,GWO,S3,STD,S,460501.0
GWO_S3-STD,GWO,S3,STD,S,464397.0
GWO_S3-STD,GWO,S3,STD,S,463462.0
GWO_S3-STD,GWO,S3,STD,S,460883.0
GWO_S3-STD,GWO,S3,STD,S,460859.0
GWO_S3-STD,GWO,S3,STD,S,460295.0
GWO_S3-STD,GWO,S3,STD,S,463042.0
GWO_S3-STD,GWO,S3,STD,S,459641.0
GWO_S3-STD,GWO,S3,STD,S,460869.0
GWO_S3-STD,GWO,S3,STD,S,459255.0
GWO_S3-STD,GWO,S3,STD,S,459857.0
GWO_S3-STD,GWO,S3,STD,S,465317.0
GWO_S3-STD,GWO,S3,STD,S,457665.0
GWO_S3-STD,GWO,S3,STD,S,461672.0
GWO_S3-STD,GWO,S3,STD,S,467918.0
GWO_S3-STD,GWO,S3,STD,S,459362.0
GWO_S3-STD,GWO,S3,STD,S,460456.0
GWO_S3-STD,GWO,S3,STD,S,468190.0
GWO_S3-STD,GWO,S3,STD,S,460966.0
GWO_S3-STD,GWO,S3,STD,S,457769.0
GWO_S3-STD,GWO,S3,STD,S,458567.0
GWO_S3-STD,GWO,S3,STD,S,459090.0
GWO_S3-STD,GWO,S3,STD,S,459944.0
GWO_S3-STD,GWO,S3,STD,S,461101.0
GWO_S3-STD,GWO,S3,STD,S,461108.0
GWO_S3-STD,GWO,S3,STD,S,461877.0
GWO_S3-STD,GWO,S3,STD,S,460779.0
GWO_S4-STD,GWO,S4,STD,S,455608.0
GWO_S4-STD,GWO,S4,STD,S,452065.0
GWO_S4-STD,GWO,S4,STD,S,449440.0
GWO_S4-STD,GWO,S4,STD,S,449901.0
GWO_S4-STD,GWO,S4,STD,S,453709.0
GWO_S4-STD,GWO,S4,STD,S,457221.0
GWO_S4-STD,GWO,S4,STD,S,452290.0
GWO_S4-STD,GWO,S4,STD,S,452057.0
GWO_S4-STD,GWO,S4,STD,S,453008.0
GWO_S4-STD,GWO,S4,STD,S,454574.0
GWO_S4-STD,GWO,S4,STD,S,454495.0
GWO_S4-STD,GWO,S4,STD,S,458486.0
GWO_S4-STD,GWO,S4,STD,S,449397.0
GWO_S4-STD,GWO,S4,STD,S,454345.0
GWO_S4-STD,GWO,S4,STD,S,451356.0
GWO_S4-STD,GWO,S4,STD,S,452669.0
GWO_S4-STD,GWO,S4,STD,S,450850.0
GWO_S4-STD,GWO,S4,STD,S,450607.0
GWO_S4-STD,GWO,S4,STD,S,450978.0
GWO_S4-STD,GWO,S4,STD,S,448228.0
GWO_S4-STD,GWO,S4,STD,S,451249.0
GWO_S4-STD,GWO,S4,STD,S,452771.0
GWO_S4-STD,GWO,S4,STD,S,453776.0
GWO_S4-STD,GWO,S4,STD,S,454175.0
GWO_S4-STD,GWO,S4,STD,S,451190.0
GWO_S4-STD,GWO,S4,STD,S,454430.0
GWO_S4-STD,GWO,S4,STD,S,455272.0
GWO_S4-STD,GWO,S4,STD,S,451037.0
GWO_S4-STD,GWO,S4,STD,S,453540.0
GWO_S4-STD,GWO,S4,STD,S,453190.0
GWO_S4-STD,GWO,S4,STD,S,452312.0
GWO_S1-COM,GWO,S1,COM,S,426887.0
GWO_S1-COM,GWO,S1,COM,S,424787.0
GWO_S1-COM,GWO,S1,COM,S,422672.0
GWO_S1-COM,GWO,S1,COM,S,415537.0
GWO_S1-COM,GWO,S1,COM,S,420660.0
GWO_S1-COM,GWO,S1,COM,S,429606.0
GWO_S1-COM,GWO,S1,COM,S,422474.0
GWO_S1-COM,GWO,S1,COM,S,429332.0
GWO_S1-COM,GWO,S1,COM,S,426654.0
GWO_S1-COM,GWO,S1,COM,S,421242.0
GWO_S1-COM,GWO,S1,COM,S,420866.0
GWO_S1-COM,GWO,S1,COM,S,427926.0
GWO_S1-COM,GWO,S1,COM,S,416543.0
GWO_S1-COM,GWO,S1,COM,S,428588.0
GWO_S1-COM,GWO,S1,COM,S,420121.0
GWO_S1-COM,GWO,S1,COM,S,429734.0
GWO_S1-COM,GWO,S1,COM,S,420237.0
GWO_S1-COM,GWO,S1,COM,S,419098.0
GWO_S1-COM,GWO,S1,COM,S,416870.0
GWO_S1-COM,GWO,S1,COM,S,419914.0
GWO_S1-COM,GWO,S1,COM,S,422867.0
GWO_S1-COM,GWO,S1,COM,S,420358.0
GWO_S1-COM,GWO,S1,COM,S,420118.0
GWO_S1-COM,GWO,S1,COM,S,427198.0
GWO_S1-COM,GWO,S1,COM,S,424056.0
GWO_S1-COM,GWO,S1,COM,S,419116.0
GWO_S1-COM,GWO,S1,COM,S,418960.0
GWO_S1-COM,GWO,S1,COM,S,420720.0
GWO_S1-COM,GWO,S1,COM,S,427329.0
GWO_S1-COM,GWO,S1,COM,S,422140.0
GWO_S1-COM,GWO,S1,COM,S,447009.0
GWO_S2-COM,GWO,S2,COM,S,424851.0
GWO_S2-COM,GWO,S2,COM,S,426688.0
GWO_S2-COM,GWO,S2,COM,S,425678.0
GWO_S2-COM,GWO,S2,COM,S,427792.0
GWO_S2-COM,GWO,S2,COM,S,435835.0
GWO_S2-COM,GWO,S2,COM,S,420390.0
GWO_S2-COM,GWO,S2,COM,S,429383.0
GWO_S2-COM,GWO,S2,COM,S,425392.0
GWO_S2-COM,GWO,S2,COM,S,423662.0
GWO_S2-COM,GWO,S2,COM,S,420838.0
GWO_S2-COM,GWO,S2,COM,S,423646.0
GWO_S2-COM,GWO,S2,COM,S,420299.0
GWO_S2-COM,GWO,S2,COM,S,435451.0
GWO_S2-COM,GWO,S2,COM,S,426871.0
GWO_S2-COM,GWO,S2,COM,S,420332.0
GWO_S2-COM,GWO,S2,COM,S,425698.0
GWO_S2-COM,GWO,S2,COM,S,425024.0
GWO_S2-COM,GWO,S2,COM,S,425922.0
GWO_S2-COM,GWO,S2,COM,S,425947.0
GWO_S2-COM,GWO,S2,COM,S,430490.0
GWO_S2-COM,GWO,S2,COM,S,420720.0
GWO_S2-COM,GWO,S2,COM,S,427686.0
GWO_S2-COM,GWO,S2,COM,S,426956.0
GWO_S2-COM,GWO,S2,COM,S,424357.0
GWO_S2-COM,GWO,S2,COM,S,431906.0
GWO_S2-COM,GWO,S2,COM,S,427066.0
GWO_S2-COM,GWO,S2,COM,S,430375.0
GWO_S2-COM,GWO,S2,COM,S,430094.0
GWO_S2-COM,GWO,S2,COM,S,422171.0
GWO_S2-COM,GWO,S2,COM,S,430976.0
GWO_S2-COM,GWO,S2,COM,S,427133.0
GWO_S3-COM,GWO,S3,COM,S,422805.0
GWO_S3-COM,GWO,S3,COM,S,420164.0
GWO_S3-COM,GWO,S3,COM,S,420419.0
GWO_S3-COM,GWO,S3,COM,S,427864.0
GWO_S3-COM,GWO,S3,COM,S,422947.0
GWO_S3-COM,GWO,S3,COM,S,424648.0
GWO_S3-COM,GWO,S3,COM,S,423163.0
GWO_S3-COM,GWO,S3,COM,S,428904.0
GWO_S3-COM,GWO,S3,COM,S,431649.0
GWO_S3-COM,GWO,S3,COM,S,428757.0
GWO_S3-COM,GWO,S3,COM,S,423818.0
GWO_S3-COM,GWO,S3,COM,S,417296.0
GWO_S3-COM,GWO,S3,COM,S,430749.0
GWO_S3-COM,GWO,S3,COM,S,431092.0
GWO_S3-COM,GWO,S3,COM,S,421540.0
GWO_S3-COM,GWO,S3,COM,S,415011.0
GWO_S3-COM,GWO,S3,COM,S,420761.0
GWO_S3-COM,GWO,S3,COM,S,427703.0
GWO_S3-COM,GWO,S3,COM,S,422856.0
GWO_S3-COM,GWO,S3,COM,S,425135.0
GWO_S3-COM,GWO,S3,COM,S,425569.0
GWO_S3-COM,GWO,S3,COM,S,435126.0
GWO_S3-COM,GWO,S3,COM,S,426991.0
GWO_S3-COM,GWO,S3,COM,S,424967.0
GWO_S3-COM,GWO,S3,COM,S,432565.0
GWO_S3-COM,GWO,S3,COM,S,429381.0
GWO_S3-COM,GWO,S3,COM,S,418006.0
GWO_S3-COM,GWO,S3,COM,S,417900.0
GWO_S3-COM,GWO,S3,COM,S,432201.0
GWO_S3-COM,GWO,S3,COM,S,421327.0
GWO_S3-COM,GWO,S3,COM,S,424789.0
GWO_S4-COM,GWO,S4,COM,S,423317.0
GWO_S4-COM,GWO,S4,COM,S,421975.0
GWO_S4-COM,GWO,S4,COM,S,429523.0
GWO_S4-COM,GWO,S4,COM,S,423209.0
GWO_S4-COM,GWO,S4,COM,S,418033.0
GWO_S4-COM,GWO,S4,COM,S,429485.0
GWO_S4-COM,GWO,S4,COM,S,424793.0
GWO_S4-COM,GWO,S4,COM,S,430002.0
GWO_S4-COM,GWO,S4,COM,S,424906.0
GWO_S4-COM,GWO,S4,COM,S,432923.0
GWO_S4-COM,GWO,S4,COM,S,423488.0
GWO_S4-COM,GWO,S4,COM,S,430105.0
GWO_S4-COM,GWO,S4,COM,S,422846.0
GWO_S4-COM,GWO,S4,COM,S,429715.0
GWO_S4-COM,GWO,S4,COM,S,420931.0
GWO_S4-COM,GWO,S4,COM,S,427134.0
GWO_S4-COM,GWO,S4,COM,S,423573.0
GWO_S4-COM,GWO,S4,COM,S,433349.0
GWO_S4-COM,GWO,S4,COM,S,424868.0
GWO_S4-COM,GWO,S4,COM,S,424675.0
GWO_S4-COM,GWO,S4,COM,S,430704.0
GWO_S4-COM,GWO,S4,COM,S,426458.0
GWO_S4-COM,GWO,S4,COM,S,425627.0
GWO_S4-COM,GWO,S4,COM,S,413855.0
GWO_S4-COM,GWO,S4,COM,S,419450.0
GWO_S4-COM,GWO,S4,COM,S,427009.0
GWO_S4-COM,GWO,S4,COM,S,426146.0
GWO_S4-COM,GWO,S4,COM,S,422148.0
GWO_S4-COM,GWO,S4,COM,S,430529.0
GWO_S4-COM,GWO,S4,COM,S,423120.0
GWO_S4-COM,GWO,S4,COM,S,425346.0
GWO_S1-ELIT,GWO,S1,ELIT,S,416814.0
GWO_S1-ELIT,GWO,S1,ELIT,S,423639.0
GWO_S1-ELIT,GWO,S1,ELIT,S,421882.0
GWO_S1-ELIT,GWO,S1,ELIT,S,423437.0
GWO_S1-ELIT,GWO,S1,ELIT,S,419501.0
GWO_S1-ELIT,GWO,S1,ELIT,S,417888.0
GWO_S1-ELIT,GWO,S1,ELIT,S,425144.0
GWO_S1-ELIT,GWO,S1,ELIT,S,424677.0
GWO_S1-ELIT,GWO,S1,ELIT,S,422899.0
GWO_S1-ELIT,GWO,S1,ELIT,S,427979.0
GWO_S1-ELIT,GWO,S1,ELIT,S,425602.0
GWO_S1-ELIT,GWO,S1,ELIT,S,429111.0
GWO_S1-ELIT,GWO,S1,ELIT,S,424871.0
GWO_S1-ELIT,GWO,S1,ELIT,S,428287.0
GWO_S1-ELIT,GWO,S1,ELIT,S,425035.0
GWO_S1-ELIT,GWO,S1,ELIT,S,414866.0
GWO_S1-ELIT,GWO,S1,ELIT,S,426548.0
GWO_S1-ELIT,GWO,S1,ELIT,S,428304.0
GWO_S1-ELIT,GWO,S1,ELIT,S,418674.0
GWO_S1-ELIT,GWO,S1,ELIT,S,423418.0
GWO_S1-ELIT,GWO,S1,ELIT,S,428270.0
GWO_S1-ELIT,GWO,S1,ELIT,S,421482.0
GWO_S1-ELIT,GWO,S1,ELIT,S,426532.0
GWO_S1-ELIT,GWO,S1,ELIT,S,429425.0
GWO_S1-ELIT,GWO,S1,ELIT,S,424030.0
GWO_S1-ELIT,GWO,S1,ELIT,S,428713.0
GWO_S1-ELIT,GWO,S1,ELIT,S,421232.0
GWO_S1-ELIT,GWO,S1,ELIT,S,419835.0
GWO_S1-ELIT,GWO,S1,ELIT,S,425712.0
GWO_S1-ELIT,GWO,S1,ELIT,S,420087.0
GWO_S1-ELIT,GWO,S1,ELIT,S,420837.0
GWO_S2-ELIT,GWO,S2,ELIT,S,428735.0
GWO_S2-ELIT,GWO,S2,ELIT,S,427887.0
GWO_S2-ELIT,GWO,S2,ELIT,S,414800.0
GWO_S2-ELIT,GWO,S2,ELIT,S,423620.0
GWO_S2-ELIT,GWO,S2,ELIT,S,423071.0
GWO_S2-ELIT,GWO,S2,ELIT,S,424447.0
GWO_S2-ELIT,GWO,S2,ELIT,S,427721.0
GWO_S2-ELIT,GWO,S2,ELIT,S,424592.0
GWO_S2-ELIT,GWO,S2,ELIT,S,423049.0
GWO_S2-ELIT,GWO,S2,ELIT,S,420655.0
GWO_S2-ELIT,GWO,S2,ELIT,S,435628.0
GWO_S2-ELIT,GWO,S2,ELIT,S,417486.0
GWO_S2-ELIT,GWO,S2,ELIT,S,427869.0
GWO_S2-ELIT,GWO,S2,ELIT,S,424471.0
GWO_S2-ELIT,GWO,S2,ELIT,S,422310.0
GWO_S2-ELIT,GWO,S2,ELIT,S,413900.0
GWO_S2-ELIT,GWO,S2,ELIT,S,429954.0
GWO_S2-ELIT,GWO,S2,ELIT,S,426172.0
GWO_S2-ELIT,GWO,S2,ELIT,S,426530.0
GWO_S2-ELIT,GWO,S2,ELIT,S,423638.0
GWO_S2-ELIT,GWO,S2,ELIT,S,421296.0
GWO_S2-ELIT,GWO,S2,ELIT,S,421460.0
GWO_S2-ELIT,GWO,S2,ELIT,S,419629.0
GWO_S2-ELIT,GWO,S2,ELIT,S,420381.0
GWO_S2-ELIT,GWO,S2,ELIT,S,418016.0
GWO_S2-ELIT,GWO,S2,ELIT,S,424341.0
GWO_S2-ELIT,GWO,S2,ELIT,S,427997.0
GWO_S2-ELIT,GWO,S2,ELIT,S,424807.0
GWO_S2-ELIT,GWO,S2,ELIT,S,431580.0
GWO_S2-ELIT,GWO,S2,ELIT,S,422792.0
GWO_S2-ELIT,GWO,S2,ELIT,S,420413.0
GWO_S3-ELIT,GWO,S3,ELIT,S,422855.0
GWO_S3-ELIT,GWO,S3,ELIT,S,427598.0
GWO_S3-ELIT,GWO,S3,ELIT,S,427860.0
GWO_S3-ELIT,GWO,S3,ELIT,S,422391.0
GWO_S3-ELIT,GWO,S3,ELIT,S,425549.0
GWO_S3-ELIT,GWO,S3,ELIT,S,428688.0
GWO_S3-ELIT,GWO,S3,ELIT,S,416977.0
GWO_S3-ELIT,GWO,S3,ELIT,S,423872.0
GWO_S3-ELIT,GWO,S3,ELIT,S,420688.0
GWO_S3-ELIT,GWO,S3,ELIT,S,433143.0
GWO_S3-ELIT,GWO,S3,ELIT,S,425401.0
GWO_S3-ELIT,GWO,S3,ELIT,S,427260.0
GWO_S3-ELIT,GWO,S3,ELIT,S,432346.0
GWO_S3-ELIT,GWO,S3,ELIT,S,428544.0
GWO_S3-ELIT,GWO,S3,ELIT,S,417901.0
GWO_S3-ELIT,GWO,S3,ELIT,S,434454.0
GWO_S3-ELIT,GWO,S3,ELIT,S,427401.0
GWO_S3-ELIT,GWO,S3,ELIT,S,421306.0
GWO_S3-ELIT,GWO,S3,ELIT,S,426743.0
GWO_S3-ELIT,GWO,S3,ELIT,S,423526.0
GWO_S3-ELIT,GWO,S3,ELIT,S,417443.0
GWO_S3-ELIT,GWO,S3,ELIT,S,425819.0
GWO_S3-ELIT,GWO,S3,ELIT,S,430066.0
GWO_S3-ELIT,GWO,S3,ELIT,S,426763.0
GWO_S3-ELIT,GWO,S3,ELIT,S,427384.0
GWO_S3-ELIT,GWO,S3,ELIT,S,426279.0
GWO_S3-ELIT,GWO,S3,ELIT,S,425166.0
GWO_S3-ELIT,GWO,S3,ELIT,S,430420.0
GWO_S3-ELIT,GWO,S3,ELIT,S,421596.0
GWO_S3-ELIT,GWO,S3,ELIT,S,426332.0
GWO_S3-ELIT,GWO,S3,ELIT,S,425555.0
GWO_S4-ELIT,GWO,S4,ELIT,S,424047.0
GWO_S4-ELIT,GWO,S4,ELIT,S,421301.0
GWO_S4-ELIT,GWO,S4,ELIT,S,422984.0
GWO_S4-ELIT,GWO,S4,ELIT,S,418773.0
GWO_S4-ELIT,GWO,S4,ELIT,S,429139.0
GWO_S4-ELIT,GWO,S4,ELIT,S,422482.0
GWO_S4-ELIT,GWO,S4,ELIT,S,421595.0
GWO_S4-ELIT,GWO,S4,ELIT,S,427834.0
GWO_S4-ELIT,GWO,S4,ELIT,S,425404.0
GWO_S4-ELIT,GWO,S4,ELIT,S,422373.0
GWO_S4-ELIT,GWO,S4,ELIT,S,427518.0
GWO_S4-ELIT,GWO,S4,ELIT,S,420434.0
GWO_S4-ELIT,GWO,S4,ELIT,S,426735.0
GWO_S4-ELIT,GWO,S4,ELIT,S,435072.0
GWO_S4-ELIT,GWO,S4,ELIT,S,422908.0
GWO_S4-ELIT,GWO,S4,ELIT,S,426410.0
GWO_S4-ELIT,GWO,S4,ELIT,S,421612.0
GWO_S4-ELIT,GWO,S4,ELIT,S,424210.0
GWO_S4-ELIT,GWO,S4,ELIT,S,421680.0
GWO_S4-ELIT,GWO,S4,ELIT,S,420235.0
GWO_S4-ELIT,GWO,S4,ELIT,S,430562.0
GWO_S4-ELIT,GWO,S4,ELIT,S,430169.0
GWO_S4-ELIT,GWO,S4,ELIT,S,421916.0
GWO_S4-ELIT,GWO,S4,ELIT,S,419512.0
GWO_S4-ELIT,GWO,S4,ELIT,S,419443.0
GWO_S4-ELIT,GWO,S4,ELIT,S,420892.0
GWO_S4-ELIT,GWO,S4,ELIT,S,426718.0
GWO_S4-ELIT,GWO,S4,ELIT,S,426890.0
GWO_S4-ELIT,GWO,S4,ELIT,S,421511.0
GWO_S4-ELIT,GWO,S4,ELIT,S,421376.0
GWO_S4-ELIT,GWO,S4,ELIT,S,420135.0
GWO_V1-STD,GWO,V1,STD,V,431174.0
GWO_V1-STD,GWO,V1,STD,V,424641.0
GWO_V1-STD,GWO,V1,STD,V,420612.0
GWO_V1-STD,GWO,V1,STD,V,420620.0
GWO_V1-STD,GWO,V1,STD,V,420599.0
GWO_V1-STD,GWO,V1,STD,V,423492.0
GWO_V1-STD,GWO,V1,STD,V,424599.0
GWO_V1-STD,GWO,V1,STD,V,430724.0
GWO_V1-STD,GWO,V1,STD,V,430449.0
GWO_V1-STD,GWO,V1,STD,V,425252.0
GWO_V1-STD,GWO,V1,STD,V,431721.0
GWO_V1-STD,GWO,V1,STD,V,427174.0
GWO_V1-STD,GWO,V1,STD,V,426622.0
GWO_V1-STD,GWO,V1,STD,V,427880.0
GWO_V1-STD,GWO,V1,STD,V,429421.0
GWO_V1-STD,GWO,V1,STD,V,434065.0
GWO_V1-STD,GWO,V1,STD,V,424212.0
GWO_V1-STD,GWO,V1,STD,V,419772.0
GWO_V1-STD,GWO,V1,STD,V,427081.0
GWO_V1-STD,GWO,V1,STD,V,427460.0
GWO_V1-STD,GWO,V1,STD,V,421296.0
GWO_V1-STD,GWO,V1,STD,V,421260.0
GWO_V1-STD,GWO,V1,STD,V,431194.0
GWO_V1-STD,GWO,V1,STD,V,430052.0
GWO_V1-STD,GWO,V1,STD,V,425367.0
GWO_V1-STD,GWO,V1,STD,V,422312.0
GWO_V1-STD,GWO,V1,STD,V,427576.0
GWO_V1-STD,GWO,V1,STD,V,424490.0
GWO_V1-STD,GWO,V1,STD,V,421734.0
GWO_V1-STD,GWO,V1,STD,V,433744.0
GWO_V1-STD,GWO,V1,STD,V,429674.0
GWO_V2-STD,GWO,V2,STD,V,425302.0
GWO_V2-STD,GWO,V2,STD,V,422093.0
GWO_V2-STD,GWO,V2,STD,V,430538.0
GWO_V2-STD,GWO,V2,STD,V,425885.0
GWO_V2-STD,GWO,V2,STD,V,423205.0
GWO_V2-STD,GWO,V2,STD,V,419383.0
GWO_V2-STD,GWO,V2,STD,V,425977.0
GWO_V2-STD,GWO,V2,STD,V,420196.0
GWO_V2-STD,GWO,V2,STD,V,417855.0
GWO_V2-STD,GWO,V2,STD,V,430994.0
GWO_V2-STD,GWO,V2,STD,V,426139.0
GWO_V2-STD,GWO,V2,STD,V,426014.0
GWO_V2-STD,GWO,V2,STD,V,422209.0
GWO_V2-STD,GWO,V2,STD,V,422290.0
GWO_V2-STD,GWO,V2,STD,V,421593.0
GWO_V2-STD,GWO,V2,STD,V,427640.0
GWO_V2-STD,GWO,V2,STD,V,425292.0
GWO_V2-STD,GWO,V2,STD,V,423837.0
GWO_V2-STD,GWO,V2,STD,V,423415.0
GWO_V2-STD,GWO,V2,STD,V,426999.0
GWO_V2-STD,GWO,V2,STD,V,430473.0
GWO_V2-STD,GWO,V2,STD,V,429770.0
GWO_V2-STD,GWO,V2,STD,V,422865.0
GWO_V2-STD,GWO,V2,STD,V,425708.0
GWO_V2-STD,GWO,V2,STD,V,423561.0
GWO_V2-STD,GWO,V2,STD,V,424941.0
GWO_V2-STD,GWO,V2,STD,V,435440.0
GWO_V2-STD,GWO,V2,STD,V,421151.0
GWO_V2-STD,GWO,V2,STD,V,433537.0
GWO_V2-STD,GWO,V2,STD,V,428848.0
GWO_V2-STD,GWO,V2,STD,V,424290.0
GWO_V3-STD,GWO,V3,STD,V,425394.0
GWO_V3-STD,GWO,V3,STD,V,432790.0
GWO_V3-STD,GWO,V3,STD,V,425691.0
GWO_V3-STD,GWO,V3,STD,V,423310.0
GWO_V3-STD,GWO,V3,STD,V,418862.0
GWO_V3-STD,GWO,V3,STD,V,417731.0
GWO_V3-STD,GWO,V3,STD,V,416338.0
GWO_V3-STD,GWO,V3,STD,V,425701.0
GWO_V3-STD,GWO,V3,STD,V,417505.0
GWO_V3-STD,GWO,V3,STD,V,421183.0
GWO_V3-STD,GWO,V3,STD,V,430128.0
GWO_V3-STD,GWO,V3,STD,V,424481.0
GWO_V3-STD,GWO,V3,STD,V,424107.0
GWO_V3-STD,GWO,V3,STD,V,428009.0
GWO_V3-STD,GWO,V3,STD,V,422087.0
GWO_V3-STD,GWO,V3,STD,V,426368.0
GWO_V3-STD,GWO,V3,STD,V,423242.0
GWO_V3-STD,GWO,V3,STD,V,423119.0
GWO_V3-STD,GWO,V3,STD,V,424535.0
GWO_V3-STD,GWO,V3,STD,V,424698.0
GWO_V3-STD,GWO,V3,STD,V,431334.0
GWO_V3-STD,GWO,V3,STD,V,424284.0
GWO_V3-STD,GWO,V3,STD,V,435434.0
GWO_V3-STD,GWO,V3,STD,V,423195.0
GWO_V3-STD,GWO,V3,STD,V,426383.0
GWO_V3-STD,GWO,V3,STD,V,421731.0
GWO_V3-STD,GWO,V3,STD,V,419898.0
GWO_V3-STD,GWO,V3,STD,V,423173.0
GWO_V3-STD,GWO,V3,STD,V,427841.0
GWO_V3-STD,GWO,V3,STD,V,426896.0
GWO_V3-STD,GWO,V3,STD,V,424312.0
GWO_V4-STD,GWO,V4,STD,V,426618.0
GWO_V4-STD,GWO,V4,STD,V,412761.0
GWO_V4-STD,GWO,V4,STD,V,425950.0
GWO_V4-STD,GWO,V4,STD,V,430078.0
GWO_V4-STD,GWO,V4,STD,V,423390.0
GWO_V4-STD,GWO,V4,STD,V,431480.0
GWO_V4-STD,GWO,V4,STD,V,424843.0
GWO_V4-STD,GWO,V4,STD,V,417412.0
GWO_V4-STD,GWO,V4,STD,V,426821.0
GWO_V4-STD,GWO,V4,STD,V,427245.0
GWO_V4-STD,GWO,V4,STD,V,427881.0
GWO_V4-STD,GWO,V4,STD,V,424775.0
GWO_V4-STD,GWO,V4,STD,V,416435.0
GWO_V4-STD,GWO,V4,STD,V,416347.0
GWO_V4-STD,GWO,V4,STD,V,423513.0
GWO_V4-STD,GWO,V4,STD,V,425176.0
GWO_V4-STD,GWO,V4,STD,V,427164.0
GWO_V4-STD,GWO,V4,STD,V,422770.0
GWO_V4-STD,GWO,V4,STD,V,427038.0
GWO_V4-STD,GWO,V4,STD,V,426393.0
GWO_V4-STD,GWO,V4,STD,V,425212.0
GWO_V4-STD,GWO,V4,STD,V,424475.0
GWO_V4-STD,GWO,V4,STD,V,420359.0
GWO_V4-STD,GWO,V4,STD,V,434658.0
GWO_V4-STD,GWO,V4,STD,V,419545.0
GWO_V4-STD,GWO,V4,STD,V,425746.0
GWO_V4-STD,GWO,V4,STD,V,436485.0
GWO_V4-STD,GWO,V4,STD,V,424913.0
GWO_V4-STD,GWO,V4,STD,V,425493.0
GWO_V4-STD,GWO,V4,STD,V,421854.0
GWO_V4-STD,GWO,V4,STD,V,425855.0
GWO_V1-COM,GWO,V1,COM,V,417774.0
GWO_V1-COM,GWO,V1,COM,V,425907.0
GWO_V1-COM,GWO,V1,COM,V,418306.0
GWO_V1-COM,GWO,V1,COM,V,422678.0
GWO_V1-COM,GWO,V1,COM,V,424188.0
GWO_V1-COM,GWO,V1,COM,V,428398.0
GWO_V1-COM,GWO,V1,COM,V,418824.0
GWO_V1-COM,GWO,V1,COM,V,424384.0
GWO_V1-COM,GWO,V1,COM,V,417824.0
GWO_V1-COM,GWO,V1,COM,V,419300.0
GWO_V1-COM,GWO,V1,COM,V,418167.0
GWO_V1-COM,GWO,V1,COM,V,429004.0
GWO_V1-COM,GWO,V1,COM,V,417613.0
GWO_V1-COM,GWO,V1,COM,V,418364.0
GWO_V1-COM,GWO,V1,COM,V,425727.0
GWO_V1-COM,GWO,V1,COM,V,432119.0
GWO_V1-COM,GWO,V1,COM,V,426378.0
GWO_V1-COM,GWO,V1,COM,V,432186.0
GWO_V1-COM,GWO,V1,COM,V,433999.0
GWO_V1-COM,GWO,V1,COM,V,428191.0
GWO_V1-COM,GWO,V1,COM,V,423359.0
GWO_V1-COM,GWO,V1,COM,V,424346.0
GWO_V1-COM,GWO,V1,COM,V,430913.0
GWO_V1-COM,GWO,V1,COM,V,426002.0
GWO_V1-COM,GWO,V1,COM,V,419510.0
GWO_V1-COM,GWO,V1,COM,V,423103.0
GWO_V1-COM,GWO,V1,COM,V,418365.0
GWO_V1-COM,GWO,V1,COM,V,425166.0
GWO_V1-COM,GWO,V1,COM,V,428095.0
GWO_V1-COM,GWO,V1,COM,V,421033.0
GWO_V1-COM,GWO,V1,COM,V,421788.0
GWO_V2-COM,GWO,V2,COM,V,424955.0
GWO_V2-COM,GWO,V2,COM,V,431497.0
GWO_V2-COM,GWO,V2,COM,V,432712.0
GWO_V2-COM,GWO,V2,COM,V,418880.0
GWO_V2-COM,GWO,V2,COM,V,426252.0
GWO_V2-COM,GWO,V2,COM,V,423588.0
GWO_V2-COM,GWO,V2,COM,V,426217.0
GWO_V2-COM,GWO,V2,COM,V,421258.0
GWO_V2-COM,GWO,V2,COM,V,424406.0
GWO_V2-COM,GWO,V2,COM,V,420640.0
GWO_V2-COM,GWO,V2,COM,V,428798.0
GWO_V2-COM,GWO,V2,COM,V,424749.0
GWO_V2-COM,GWO,V2,COM,V,429147.0
GWO_V2-COM,GWO,V2,COM,V,433192.0
GWO_V2-COM,GWO,V2,COM,V,426624.0
GWO_V2-COM,GWO,V2,COM,V,425121.0
GWO_V2-COM,GWO,V2,COM,V,427109.0
GWO_V2-COM,GWO,V2,COM,V,426951.0
GWO_V2-COM,GWO,V2,COM,V,430806.0
GWO_V2-COM,GWO,V2,COM,V,422778.0
GWO_V2-COM,GWO,V2,COM,V,427520.0
GWO_V2-COM,GWO,V2,COM,V,436351.0
GWO_V2-COM,GWO,V2,COM,V,421920.0
GWO_V2-COM,GWO,V2,COM,V,431346.0
GWO_V2-COM,GWO,V2,COM,V,421027.0
GWO_V2-COM,GWO,V2,COM,V,429613.0
GWO_V2-COM,GWO,V2,COM,V,425053.0
GWO_V2-COM,GWO,V2,COM,V,429649.0
GWO_V2-COM,GWO,V2,COM,V,425762.0
GWO_V2-COM,GWO,V2,COM,V,425168.0
GWO_V2-COM,GWO,V2,COM,V,420541.0
GWO_V3-COM,GWO,V3,COM,V,422161.0
GWO_V3-COM,GWO,V3,COM,V,430263.0
GWO_V3-COM,GWO,V3,COM,V,425901.0
GWO_V3-COM,GWO,V3,COM,V,427470.0
GWO_V3-COM,GWO,V3,COM,V,432301.0
GWO_V3-COM,GWO,V3,COM,V,426139.0
GWO_V3-COM,GWO,V3,COM,V,430950.0
GWO_V3-COM,GWO,V3,COM,V,429575.0
GWO_V3-COM,GWO,V3,COM,V,424241.0
GWO_V3-COM,GWO,V3,COM,V,421148.0
GWO_V3-COM,GWO,V3,COM,V,421637.0
GWO_V3-COM,GWO,V3,COM,V,422142.0
GWO_V3-COM,GWO,V3,COM,V,428078.0
GWO_V3-COM,GWO,V3,COM,V,424761.0
GWO_V3-COM,GWO,V3,COM,V,426949.0
GWO_V3-COM,GWO,V3,COM,V,430819.0
GWO_V3-COM,GWO,V3,COM,V,427741.0
GWO_V3-COM,GWO,V3,COM,V,419333.0
GWO_V3-COM,GWO,V3,COM,V,433611.0
GWO_V3-COM,GWO,V3,COM,V,424649.0
GWO_V3-COM,GWO,V3,COM,V,429613.0
GWO_V3-COM,GWO,V3,COM,V,426777.0
GWO_V3-COM,GWO,V3,COM,V,424840.0
GWO_V3-COM,GWO,V3,COM,V,422151.0
GWO_V3-COM,GWO,V3,COM,V,424071.0
GWO_V3-COM,GWO,V3,COM,V,428545.0
GWO_V3-COM,GWO,V3,COM,V,425866.0
GWO_V3-COM,GWO,V3,COM,V,420817.0
GWO_V3-COM,GWO,V3,COM,V,424353.0
GWO_V3-COM,GWO,V3,COM,V,421585.0
GWO_V3-COM,GWO,V3,COM,V,420847.0
GWO_V4-COM,GWO,V4,COM,V,422553.0
GWO_V4-COM,GWO,V4,COM,V,418346.0
GWO_V4-COM,GWO,V4,COM,V,418874.0
GWO_V4-COM,GWO,V4,COM,V,426264.0
GWO_V4-COM,GWO,V4,COM,V,430675.0
GWO_V4-COM,GWO,V4,COM,V,420794.0
GWO_V4-COM,GWO,V4,COM,V,424394.0
GWO_V4-COM,GWO,V4,COM,V,429835.0
GWO_V4-COM,GWO,V4,COM,V,427106.0
GWO_V4-COM,GWO,V4,COM,V,432597.0
GWO_V4-COM,GWO,V4,COM,V,419428.0
GWO_V4-COM,GWO,V4,COM,V,426716.0
GWO_V4-COM,GWO,V4,COM,V,420559.0
GWO_V4-COM,GWO,V4,COM,V,420099.0
GWO_V4-COM,GWO,V4,COM,V,425317.0
GWO_V4-COM,GWO,V4,COM,V,432435.0
GWO_V4-COM,GWO,V4,COM,V,424756.0
GWO_V4-COM,GWO,V4,COM,V,428294.0
GWO_V4-COM,GWO,V4,COM,V,421770.0
GWO_V4-COM,GWO,V4,COM,V,432495.0
GWO_V4-COM,GWO,V4,COM,V,419942.0
GWO_V4-COM,GWO,V4,COM,V,429116.0
GWO_V4-COM,GWO,V4,COM,V,426097.0
GWO_V4-COM,GWO,V4,COM,V,424716.0
GWO_V4-COM,GWO,V4,COM,V,435293.0
GWO_V4-COM,GWO,V4,COM,V,426713.0
GWO_V4-COM,GWO,V4,COM,V,430545.0
GWO_V4-COM,GWO,V4,COM,V,421871.0
GWO_V4-COM,GWO,V4,COM,V,423165.0
GWO_V4-COM,GWO,V4,COM,V,427978.0
GWO_V4-COM,GWO,V4,COM,V,420779.0
GWO_V1-ELIT,GWO,V1,ELIT,V,421082.0
GWO_V1-ELIT,GWO,V1,ELIT,V,427354.0
GWO_V1-ELIT,GWO,V1,ELIT,V,421088.0
GWO_V1-ELIT,GWO,V1,ELIT,V,427528.0
GWO_V1-ELIT,GWO,V1,ELIT,V,429101.0
GWO_V1-ELIT,GWO,V1,ELIT,V,429394.0
GWO_V1-ELIT,GWO,V1,ELIT,V,426229.0
GWO_V1-ELIT,GWO,V1,ELIT,V,423979.0
GWO_V1-ELIT,GWO,V1,ELIT,V,428084.0
GWO_V1-ELIT,GWO,V1,ELIT,V,424849.0
GWO_V1-ELIT,GWO,V1,ELIT,V,420012.0
GWO_V1-ELIT,GWO,V1,ELIT,V,420330.0
GWO_V1-ELIT,GWO,V1,ELIT,V,417620.0
GWO_V1-ELIT,GWO,V1,ELIT,V,429517.0
GWO_V1-ELIT,GWO,V1,ELIT,V,420170.0
GWO_V1-ELIT,GWO,V1,ELIT,V,432031.0
GWO_V1-ELIT,GWO,V1,ELIT,V,434270.0
GWO_V1-ELIT,GWO,V1,ELIT,V,427321.0
GWO_V1-ELIT,GWO,V1,ELIT,V,430636.0
GWO_V1-ELIT,GWO,V1,ELIT,V,425460.0
GWO_V1-ELIT,GWO,V1,ELIT,V,423843.0
GWO_V1-ELIT,GWO,V1,ELIT,V,434072.0
GWO_V1-ELIT,GWO,V1,ELIT,V,427350.0
GWO_V1-ELIT,GWO,V1,ELIT,V,427615.0
GWO_V1-ELIT,GWO,V1,ELIT,V,423190.0
GWO_V1-ELIT,GWO,V1,ELIT,V,424077.0
GWO_V1-ELIT,GWO,V1,ELIT,V,422609.0
GWO_V1-ELIT,GWO,V1,ELIT,V,428347.0
GWO_V1-ELIT,GWO,V1,ELIT,V,429759.0
GWO_V1-ELIT,GWO,V1,ELIT,V,428076.0
GWO_V1-ELIT,GWO,V1,ELIT,V,430885.0
GWO_V2-ELIT,GWO,V2,ELIT,V,424556.0
GWO_V2-ELIT,GWO,V2,ELIT,V,429993.0
GWO_V2-ELIT,GWO,V2,ELIT,V,419318.0
GWO_V2-ELIT,GWO,V2,ELIT,V,434991.0
GWO_V2-ELIT,GWO,V2,ELIT,V,429074.0
GWO_V2-ELIT,GWO,V2,ELIT,V,420693.0
GWO_V2-ELIT,GWO,V2,ELIT,V,428366.0
GWO_V2-ELIT,GWO,V2,ELIT,V,422231.0
GWO_V2-ELIT,GWO,V2,ELIT,V,420053.0
GWO_V2-ELIT,GWO,V2,ELIT,V,426026.0
GWO_V2-ELIT,GWO,V2,ELIT,V,422684.0
GWO_V2-ELIT,GWO,V2,ELIT,V,425700.0
GWO_V2-ELIT,GWO,V2,ELIT,V,425570.0
GWO_V2-ELIT,GWO,V2,ELIT,V,424063.0
GWO_V2-ELIT,GWO,V2,ELIT,V,433356.0
GWO_V2-ELIT,GWO,V2,ELIT,V,422567.0
GWO_V2-ELIT,GWO,V2,ELIT,V,421454.0
GWO_V2-ELIT,GWO,V2,ELIT,V,420875.0
GWO_V2-ELIT,GWO,V2,ELIT,V,418055.0
GWO_V2-ELIT,GWO,V2,ELIT,V,421720.0
GWO_V2-ELIT,GWO,V2,ELIT,V,424502.0
GWO_V2-ELIT,GWO,V2,ELIT,V,428055.0
GWO_V2-ELIT,GWO,V2,ELIT,V,424005.0
GWO_V2-ELIT,GWO,V2,ELIT,V,425644.0
GWO_V2-ELIT,GWO,V2,ELIT,V,427891.0
GWO_V2-ELIT,GWO,V2,ELIT,V,430997.0
GWO_V2-ELIT,GWO,V2,ELIT,V,424820.0
GWO_V2-ELIT,GWO,V2,ELIT,V,424916.0
GWO_V2-ELIT,GWO,V2,ELIT,V,424288.0
GWO_V2-ELIT,GWO,V2,ELIT,V,426098.0
GWO_V2-ELIT,GWO,V2,ELIT,V,423824.0
GWO_V3-ELIT,GWO,V3,ELIT,V,424504.0
GWO_V3-ELIT,GWO,V3,ELIT,V,424982.0
GWO_V3-ELIT,GWO,V3,ELIT,V,428434.0
GWO_V3-ELIT,GWO,V3,ELIT,V,424159.0
GWO_V3-ELIT,GWO,V3,ELIT,V,429972.0
GWO_V3-ELIT,GWO,V3,ELIT,V,429563.0
GWO_V3-ELIT,GWO,V3,ELIT,V,425342.0
GWO_V3-ELIT,GWO,V3,ELIT,V,419819.0
GWO_V3-ELIT,GWO,V3,ELIT,V,431328.0
GWO_V3-ELIT,GWO,V3,ELIT,V,427402.0
GWO_V3-ELIT,GWO,V3,ELIT,V,422768.0
GWO_V3-ELIT,GWO,V3,ELIT,V,430478.0
GWO_V3-ELIT,GWO,V3,ELIT,V,421635.0
GWO_V3-ELIT,GWO,V3,ELIT,V,425701.0
GWO_V3-ELIT,GWO,V3,ELIT,V,420735.0
GWO_V3-ELIT,GWO,V3,ELIT,V,430777.0
GWO_V3-ELIT,GWO,V3,ELIT,V,429069.0
GWO_V3-ELIT,GWO,V3,ELIT,V,424087.0
GWO_V3-ELIT,GWO,V3,ELIT,V,422176.0
GWO_V3-ELIT,GWO,V3,ELIT,V,424301.0
GWO_V3-ELIT,GWO,V3,ELIT,V,432102.0
GWO_V3-ELIT,GWO,V3,ELIT,V,422482.0
GWO_V3-ELIT,GWO,V3,ELIT,V,429613.0
GWO_V3-ELIT,GWO,V3,ELIT,V,418790.0
GWO_V3-ELIT,GWO,V3,ELIT,V,421786.0
GWO_V3-ELIT,GWO,V3,ELIT,V,424112.0
GWO_V3-ELIT,GWO,V3,ELIT,V,422197.0
GWO_V3-ELIT,GWO,V3,ELIT,V,421748.0
GWO_V3-ELIT,GWO,V3,ELIT,V,426379.0
GWO_V3-ELIT,GWO,V3,ELIT,V,422354.0
GWO_V3-ELIT,GWO,V3,ELIT,V,432400.0
GWO_V4-ELIT,GWO,V4,ELIT,V,425187.0
GWO_V4-ELIT,GWO,V4,ELIT,V,422340.0
GWO_V4-ELIT,GWO,V4,ELIT,V,424235.0
GWO_V4-ELIT,GWO,V4,ELIT,V,421353.0
GWO_V4-ELIT,GWO,V4,ELIT,V,423327.0
GWO_V4-ELIT,GWO,V4,ELIT,V,433620.0
GWO_V4-ELIT,GWO,V4,ELIT,V,426309.0
GWO_V4-ELIT,GWO,V4,ELIT,V,420712.0
GWO_V4-ELIT,GWO,V4,ELIT,V,423092.0
GWO_V4-ELIT,GWO,V4,ELIT,V,427289.0
GWO_V4-ELIT,GWO,V4,ELIT,V,426024.0
GWO_V4-ELIT,GWO,V4,ELIT,V,425238.0
GWO_V4-ELIT,GWO,V4,ELIT,V,422447.0
GWO_V4-ELIT,GWO,V4,ELIT,V,417361.0
GWO_V4-ELIT,GWO,V4,ELIT,V,425273.0
GWO_V4-ELIT,GWO,V4,ELIT,V,429902.0
GWO_V4-ELIT,GWO,V4,ELIT,V,424217.0
GWO_V4-ELIT,GWO,V4,ELIT,V,427135.0
GWO_V4-ELIT,GWO,V4,ELIT,V,419803.0
GWO_V4-ELIT,GWO,V4,ELIT,V,430236.0
GWO_V4-ELIT,GWO,V4,ELIT,V,420154.0
GWO_V4-ELIT,GWO,V4,ELIT,V,431855.0
GWO_V4-ELIT,GWO,V4,ELIT,V,425739.0
GWO_V4-ELIT,GWO,V4,ELIT,V,423722.0
GWO_V4-ELIT,GWO,V4,ELIT,V,429415.0
GWO_V4-ELIT,GWO,V4,ELIT,V,423209.0
GWO_V4-ELIT,GWO,V4,ELIT,V,428892.0
GWO_V4-ELIT,GWO,V4,ELIT,V,425198.0
GWO_V4-ELIT,GWO,V4,ELIT,V,439189.0
GWO_V4-ELIT,GWO,V4,ELIT,V,418071.0
GWO_V4-ELIT,GWO,V4,ELIT,V,420725.0
GWO_X1-STD,GWO,X1,STD,X,426257.0
GWO_X1-STD,GWO,X1,STD,X,423475.0
GWO_X1-STD,GWO,X1,STD,X,417929.0
GWO_X1-STD,GWO,X1,STD,X,424910.0
GWO_X1-STD,GWO,X1,STD,X,419910.0
GWO_X1-STD,GWO,X1,STD,X,425196.0
GWO_X1-STD,GWO,X1,STD,X,417830.0
GWO_X1-STD,GWO,X1,STD,X,420605.0
GWO_X1-STD,GWO,X1,STD,X,419642.0
GWO_X1-STD,GWO,X1,STD,X,422587.0
GWO_X1-STD,GWO,X1,STD,X,423663.0
GWO_X1-STD,GWO,X1,STD,X,424354.0
GWO_X1-STD,GWO,X1,STD,X,427922.0
GWO_X1-STD,GWO,X1,STD,X,424168.0
GWO_X1-STD,GWO,X1,STD,X,429687.0
GWO_X1-STD,GWO,X1,STD,X,423951.0
GWO_X1-STD,GWO,X1,STD,X,420752.0
GWO_X1-STD,GWO,X1,STD,X,427545.0
GWO_X1-STD,GWO,X1,STD,X,423196.0
GWO_X1-STD,GWO,X1,STD,X,423856.0
GWO_X1-STD,GWO,X1,STD,X,421799.0
GWO_X1-STD,GWO,X1,STD,X,422105.0
GWO_X1-STD,GWO,X1,STD,X,423353.0
GWO_X1-STD,GWO,X1,STD,X,423177.0
GWO_X1-STD,GWO,X1,STD,X,413838.0
GWO_X1-STD,GWO,X1,STD,X,421266.0
GWO_X1-STD,GWO,X1,STD,X,418436.0
GWO_X1-STD,GWO,X1,STD,X,422310.0
GWO_X1-STD,GWO,X1,STD,X,424699.0
GWO_X1-STD,GWO,X1,STD,X,418883.0
GWO_X1-STD,GWO,X1,STD,X,422830.0
GWO_X2-STD,GWO,X2,STD,X,425602.0
GWO_X2-STD,GWO,X2,STD,X,425411.0
GWO_X2-STD,GWO,X2,STD,X,429875.0
GWO_X2-STD,GWO,X2,STD,X,420106.0
GWO_X2-STD,GWO,X2,STD,X,430116.0
GWO_X2-STD,GWO,X2,STD,X,424294.0
GWO_X2-STD,GWO,X2,STD,X,422867.0
GWO_X2-STD,GWO,X2,STD,X,421566.0
GWO_X2-STD,GWO,X2,STD,X,429595.0
GWO_X2-STD,GWO,X2,STD,X,426598.0
GWO_X2-STD,GWO,X2,STD,X,429273.0
GWO_X2-STD,GWO,X2,STD,X,428014.0
GWO_X2-STD,GWO,X2,STD,X,427356.0
GWO_X2-STD,GWO,X2,STD,X,428362.0
GWO_X2-STD,GWO,X2,STD,X,421770.0
GWO_X2-STD,GWO,X2,STD,X,423362.0
GWO_X2-STD,GWO,X2,STD,X,418274.0
GWO_X2-STD,GWO,X2,STD,X,426720.0
GWO_X2-STD,GWO,X2,STD,X,415405.0
GWO_X2-STD,GWO,X2,STD,X,432047.0
GWO_X2-STD,GWO,X2,STD,X,425036.0
GWO_X2-STD,GWO,X2,STD,X,424593.0
GWO_X2-STD,GWO,X2,STD,X,428177.0
GWO_X2-STD,GWO,X2,STD,X,426997.0
GWO_X2-STD,GWO,X2,STD,X,427156.0
GWO_X2-STD,GWO,X2,STD,X,427782.0
GWO_X2-STD,GWO,X2,STD,X,426776.0
GWO_X2-STD,GWO,X2,STD,X,418302.0
GWO_X2-STD,GWO,X2,STD,X,420228.0
GWO_X2-STD,GWO,X2,STD,X,418576.0
GWO_X2-STD,GWO,X2,STD,X,428646.0
GWO_X3-STD,GWO,X3,STD,X,421316.0
GWO_X3-STD,GWO,X3,STD,X,423884.0
GWO_X3-STD,GWO,X3,STD,X,430202.0
GWO_X3-STD,GWO,X3,STD,X,422866.0
GWO_X3-STD,GWO,X3,STD,X,427837.0
GWO_X3-STD,GWO,X3,STD,X,415834.0
GWO_X3-STD,GWO,X3,STD,X,431085.0
GWO_X3-STD,GWO,X3,STD,X,425148.0
GWO_X3-STD,GWO,X3,STD,X,417730.0
GWO_X3-STD,GWO,X3,STD,X,427304.0
GWO_X3-STD,GWO,X3,STD,X,418853.0
GWO_X3-STD,GWO,X3,STD,X,424304.0
GWO_X3-STD,GWO,X3,STD,X,428078.0
GWO_X3-STD,GWO,X3,STD,X,418976.0
GWO_X3-STD,GWO,X3,STD,X,423188.0
GWO_X3-STD,GWO,X3,STD,X,425667.0
GWO_X3-STD,GWO,X3,STD,X,426456.0
GWO_X3-STD,GWO,X3,STD,X,417552.0
GWO_X3-STD,GWO,X3,STD,X,421304.0
GWO_X3-STD,GWO,X3,STD,X,424968.0
GWO_X3-STD,GWO,X3,STD,X,422552.0
GWO_X3-STD,GWO,X3,STD,X,423390.0
GWO_X3-STD,GWO,X3,STD,X,427307.0
GWO_X3-STD,GWO,X3,STD,X,421006.0
GWO_X3-STD,GWO,X3,STD,X,432298.0
GWO_X3-STD,GWO,X3,STD,X,432272.0
GWO_X3-STD,GWO,X3,STD,X,435591.0
GWO_X3-STD,GWO,X3,STD,X,426440.0
GWO_X3-STD,GWO,X3,STD,X,434523.0
GWO_X3-STD,GWO,X3,STD,X,429067.0
GWO_X3-STD,GWO,X3,STD,X,425455.0
GWO_X4-STD,GWO,X4,STD,X,427782.0
GWO_X4-STD,GWO,X4,STD,X,424289.0
GWO_X4-STD,GWO,X4,STD,X,427341.0
GWO_X4-STD,GWO,X4,STD,X,429593.0
GWO_X4-STD,GWO,X4,STD,X,430447.0
GWO_X4-STD,GWO,X4,STD,X,423509.0
GWO_X4-STD,GWO,X4,STD,X,430345.0
GWO_X4-STD,GWO,X4,STD,X,420325.0
GWO_X4-STD,GWO,X4,STD,X,423123.0
GWO_X4-STD,GWO,X4,STD,X,424321.0
GWO_X4-STD,GWO,X4,STD,X,425817.0
GWO_X4-STD,GWO,X4,STD,X,428547.0
GWO_X4-STD,GWO,X4,STD,X,425162.0
GWO_X4-STD,GWO,X4,STD,X,427292.0
GWO_X4-STD,GWO,X4,STD,X,424232.0
GWO_X4-STD,GWO,X4,STD,X,429972.0
GWO_X4-STD,GWO,X4,STD,X,427518.0
GWO_X4-STD,GWO,X4,STD,X,434791.0
GWO_X4-STD,GWO,X4,STD,X,427031.0
GWO_X4-STD,GWO,X4,STD,X,420793.0
GWO_X4-STD,GWO,X4,STD,X,427567.0
GWO_X4-STD,GWO,X4,STD,X,427713.0
GWO_X4-STD,GWO,X4,STD,X,428636.0
GWO_X4-STD,GWO,X4,STD,X,430068.0
GWO_X4-STD,GWO,X4,STD,X,427661.0
GWO_X4-STD,GWO,X4,STD,X,434415.0
GWO_X4-STD,GWO,X4,STD,X,425736.0
GWO_X4-STD,GWO,X4,STD,X,427751.0
GWO_X4-STD,GWO,X4,STD,X,423898.0
GWO_X4-STD,GWO,X4,STD,X,427937.0
GWO_X4-STD,GWO,X4,STD,X,421429.0
GWO_X1-COM,GWO,X1,COM,X,429006.0
GWO_X1-COM,GWO,X1,COM,X,420221.0
GWO_X1-COM,GWO,X1,COM,X,421461.0
GWO_X1-COM,GWO,X1,COM,X,428741.0
GWO_X1-COM,GWO,X1,COM,X,422015.0
GWO_X1-COM,GWO,X1,COM,X,426590.0
GWO_X1-COM,GWO,X1,COM,X,419987.0
GWO_X1-COM,GWO,X1,COM,X,423293.0
GWO_X1-COM,GWO,X1,COM,X,423780.0
GWO_X1-COM,GWO,X1,COM,X,423757.0
GWO_X1-COM,GWO,X1,COM,X,426731.0
GWO_X1-COM,GWO,X1,COM,X,433262.0
GWO_X1-COM,GWO,X1,COM,X,423728.0
GWO_X1-COM,GWO,X1,COM,X,423684.0
GWO_X1-COM,GWO,X1,COM,X,425550.0
GWO_X1-COM,GWO,X1,COM,X,421814.0
GWO_X1-COM,GWO,X1,COM,X,427149.0
GWO_X1-COM,GWO,X1,COM,X,428798.0
GWO_X1-COM,GWO,X1,COM,X,422058.0
GWO_X1-COM,GWO,X1,COM,X,427183.0
GWO_X1-COM,GWO,X1,COM,X,417457.0
GWO_X1-COM,GWO,X1,COM,X,427079.0
GWO_X1-COM,GWO,X1,COM,X,422661.0
GWO_X1-COM,GWO,X1,COM,X,422703.0
GWO_X1-COM,GWO,X1,COM,X,432545.0
GWO_X1-COM,GWO,X1,COM,X,418601.0
GWO_X1-COM,GWO,X1,COM,X,419006.0
GWO_X1-COM,GWO,X1,COM,X,417529.0
GWO_X1-COM,GWO,X1,COM,X,427961.0
GWO_X1-COM,GWO,X1,COM,X,417474.0
GWO_X1-COM,GWO,X1,COM,X,430621.0
GWO_X2-COM,GWO,X2,COM,X,423936.0
GWO_X2-COM,GWO,X2,COM,X,417884.0
GWO_X2-COM,GWO,X2,COM,X,428934.0
GWO_X2-COM,GWO,X2,COM,X,422136.0
GWO_X2-COM,GWO,X2,COM,X,421000.0
GWO_X2-COM,GWO,X2,COM,X,419149.0
GWO_X2-COM,GWO,X2,COM,X,427656.0
GWO_X2-COM,GWO,X2,COM,X,417418.0
GWO_X2-COM,GWO,X2,COM,X,420649.0
GWO_X2-COM,GWO,X2,COM,X,429822.0
GWO_X2-COM,GWO,X2,COM,X,421861.0
GWO_X2-COM,GWO,X2,COM,X,431030.0
GWO_X2-COM,GWO,X2,COM,X,418380.0
GWO_X2-COM,GWO,X2,COM,X,424304.0
GWO_X2-COM,GWO,X2,COM,X,423585.0
GWO_X2-COM,GWO,X2,COM,X,414876.0
GWO_X2-COM,GWO,X2,COM,X,419047.0
GWO_X2-COM,GWO,X2,COM,X,422029.0
GWO_X2-COM,GWO,X2,COM,X,417719.0
GWO_X2-COM,GWO,X2,COM,X,420882.0
GWO_X2-COM,GWO,X2,COM,X,422149.0
GWO_X2-COM,GWO,X2,COM,X,412844.0
GWO_X2-COM,GWO,X2,COM,X,422443.0
GWO_X2-COM,GWO,X2,COM,X,429693.0
GWO_X2-COM,GWO,X2,COM,X,425475.0
GWO_X2-COM,GWO,X2,COM,X,423262.0
GWO_X2-COM,GWO,X2,COM,X,415915.0
GWO_X2-COM,GWO,X2,COM,X,428622.0
GWO_X2-COM,GWO,X2,COM,X,429926.0
GWO_X2-COM,GWO,X2,COM,X,426033.0
GWO_X2-COM,GWO,X2,COM,X,427274.0
GWO_X3-COM,GWO,X3,COM,X,438015.0
GWO_X3-COM,GWO,X3,COM,X,423540.0
GWO_X3-COM,GWO,X3,COM,X,420320.0
GWO_X3-COM,GWO,X3,COM,X,415250.0
GWO_X3-COM,GWO,X3,COM,X,435153.0
GWO_X3-COM,GWO,X3,COM,X,427885.0
GWO_X3-COM,GWO,X3,COM,X,425751.0
GWO_X3-COM,GWO,X3,COM,X,422093.0
GWO_X3-COM,GWO,X3,COM,X,429203.0
GWO_X3-COM,GWO,X3,COM,X,424217.0
GWO_X3-COM,GWO,X3,COM,X,421918.0
GWO_X3-COM,GWO,X3,COM,X,422987.0
GWO_X3-COM,GWO,X3,COM,X,431419.0
GWO_X3-COM,GWO,X3,COM,X,434432.0
GWO_X3-COM,GWO,X3,COM,X,421608.0
GWO_X3-COM,GWO,X3,COM,X,428704.0
GWO_X3-COM,GWO,X3,COM,X,427653.0
GWO_X3-COM,GWO,X3,COM,X,426700.0
GWO_X3-COM,GWO,X3,COM,X,423911.0
GWO_X3-COM,GWO,X3,COM,X,425102.0
GWO_X3-COM,GWO,X3,COM,X,417939.0
GWO_X3-COM,GWO,X3,COM,X,423635.0
GWO_X3-COM,GWO,X3,COM,X,430485.0
GWO_X3-COM,GWO,X3,COM,X,431058.0
GWO_X3-COM,GWO,X3,COM,X,426278.0
GWO_X3-COM,GWO,X3,COM,X,422210.0
GWO_X3-COM,GWO,X3,COM,X,429572.0
GWO_X3-COM,GWO,X3,COM,X,426028.0
GWO_X3-COM,GWO,X3,COM,X,430884.0
GWO_X3-COM,GWO,X3,COM,X,426581.0
GWO_X3-COM,GWO,X3,COM,X,423075.0
GWO_X4-COM,GWO,X4,COM,X,427261.0
GWO_X4-COM,GWO,X4,COM,X,425785.0
GWO_X4-COM,GWO,X4,COM,X,422993.0
GWO_X4-COM,GWO,X4,COM,X,426436.0
GWO_X4-COM,GWO,X4,COM,X,423075.0
GWO_X4-COM,GWO,X4,COM,X,431043.0
GWO_X4-COM,GWO,X4,COM,X,425889.0
GWO_X4-COM,GWO,X4,COM,X,426326.0
GWO_X4-COM,GWO,X4,COM,X,425279.0
GWO_X4-COM,GWO,X4,COM,X,430913.0
GWO_X4-COM,GWO,X4,COM,X,423198.0
GWO_X4-COM,GWO,X4,COM,X,438335.0
GWO_X4-COM,GWO,X4,COM,X,418698.0
GWO_X4-COM,GWO,X4,COM,X,430378.0
GWO_X4-COM,GWO,X4,COM,X,423673.0
GWO_X4-COM,GWO,X4,COM,X,424214.0
GWO_X4-COM,GWO,X4,COM,X,428477.0
GWO_X4-COM,GWO,X4,COM,X,428703.0
GWO_X4-COM,GWO,X4,COM,X,423937.0
GWO_X4-COM,GWO,X4,COM,X,426315.0
GWO_X4-COM,GWO,X4,COM,X,417373.0
GWO_X4-COM,GWO,X4,COM,X,421798.0
GWO_X4-COM,GWO,X4,COM,X,425859.0
GWO_X4-COM,GWO,X4,COM,X,428531.0
GWO_X4-COM,GWO,X4,COM,X,420105.0
GWO_X4-COM,GWO,X4,COM,X,425029.0
GWO_X4-COM,GWO,X4,COM,X,427095.0
GWO_X4-COM,GWO,X4,COM,X,424057.0
GWO_X4-COM,GWO,X4,COM,X,426989.0
GWO_X4-COM,GWO,X4,COM,X,435911.0
GWO_X4-COM,GWO,X4,COM,X,417018.0
GWO_X1-ELIT,GWO,X1,ELIT,X,414790.0
GWO_X1-ELIT,GWO,X1,ELIT,X,421110.0
GWO_X1-ELIT,GWO,X1,ELIT,X,422061.0
GWO_X1-ELIT,GWO,X1,ELIT,X,425074.0
GWO_X1-ELIT,GWO,X1,ELIT,X,426762.0
GWO_X1-ELIT,GWO,X1,ELIT,X,431400.0
GWO_X1-ELIT,GWO,X1,ELIT,X,427846.0
GWO_X1-ELIT,GWO,X1,ELIT,X,427429.0
GWO_X1-ELIT,GWO,X1,ELIT,X,438347.0
GWO_X1-ELIT,GWO,X1,ELIT,X,422522.0
GWO_X1-ELIT,GWO,X1,ELIT,X,432312.0
GWO_X1-ELIT,GWO,X1,ELIT,X,423910.0
GWO_X1-ELIT,GWO,X1,ELIT,X,421178.0
GWO_X1-ELIT,GWO,X1,ELIT,X,425655.0
GWO_X1-ELIT,GWO,X1,ELIT,X,426584.0
GWO_X1-ELIT,GWO,X1,ELIT,X,421137.0
GWO_X1-ELIT,GWO,X1,ELIT,X,426732.0
GWO_X1-ELIT,GWO,X1,ELIT,X,425661.0
GWO_X1-ELIT,GWO,X1,ELIT,X,425167.0
GWO_X1-ELIT,GWO,X1,ELIT,X,419649.0
GWO_X1-ELIT,GWO,X1,ELIT,X,422188.0
GWO_X1-ELIT,GWO,X1,ELIT,X,427665.0
GWO_X1-ELIT,GWO,X1,ELIT,X,425625.0
GWO_X1-ELIT,GWO,X1,ELIT,X,425248.0
GWO_X1-ELIT,GWO,X1,ELIT,X,430822.0
GWO_X1-ELIT,GWO,X1,ELIT,X,426088.0
GWO_X1-ELIT,GWO,X1,ELIT,X,420471.0
GWO_X1-ELIT,GWO,X1,ELIT,X,431295.0
GWO_X1-ELIT,GWO,X1,ELIT,X,431193.0
GWO_X1-ELIT,GWO,X1,ELIT,X,430003.0
GWO_X1-ELIT,GWO,X1,ELIT,X,427356.0
GWO_X2-ELIT,GWO,X2,ELIT,X,425909.0
GWO_X2-ELIT,GWO,X2,ELIT,X,427465.0
GWO_X2-ELIT,GWO,X2,ELIT,X,421447.0
GWO_X2-ELIT,GWO,X2,ELIT,X,419386.0
GWO_X2-ELIT,GWO,X2,ELIT,X,423547.0
GWO_X2-ELIT,GWO,X2,ELIT,X,423034.0
GWO_X2-ELIT,GWO,X2,ELIT,X,429929.0
GWO_X2-ELIT,GWO,X2,ELIT,X,425079.0
GWO_X2-ELIT,GWO,X2,ELIT,X,429207.0
GWO_X2-ELIT,GWO,X2,ELIT,X,420357.0
GWO_X2-ELIT,GWO,X2,ELIT,X,426583.0
GWO_X2-ELIT,GWO,X2,ELIT,X,421738.0
GWO_X2-ELIT,GWO,X2,ELIT,X,423799.0
GWO_X2-ELIT,GWO,X2,ELIT,X,416823.0
GWO_X2-ELIT,GWO,X2,ELIT,X,422212.0
GWO_X2-ELIT,GWO,X2,ELIT,X,413706.0
GWO_X2-ELIT,GWO,X2,ELIT,X,430501.0
GWO_X2-ELIT,GWO,X2,ELIT,X,423632.0
GWO_X2-ELIT,GWO,X2,ELIT,X,424567.0
GWO_X2-ELIT,GWO,X2,ELIT,X,424949.0
GWO_X2-ELIT,GWO,X2,ELIT,X,428819.0
GWO_X2-ELIT,GWO,X2,ELIT,X,422599.0
GWO_X2-ELIT,GWO,X2,ELIT,X,424802.0
GWO_X2-ELIT,GWO,X2,ELIT,X,433440.0
GWO_X2-ELIT,GWO,X2,ELIT,X,421530.0
GWO_X2-ELIT,GWO,X2,ELIT,X,422245.0
GWO_X2-ELIT,GWO,X2,ELIT,X,432837.0
GWO_X2-ELIT,GWO,X2,ELIT,X,425863.0
GWO_X2-ELIT,GWO,X2,ELIT,X,426869.0
GWO_X2-ELIT,GWO,X2,ELIT,X,426286.0
GWO_X2-ELIT,GWO,X2,ELIT,X,426429.0
GWO_X3-ELIT,GWO,X3,ELIT,X,430230.0
GWO_X3-ELIT,GWO,X3,ELIT,X,420702.0
GWO_X3-ELIT,GWO,X3,ELIT,X,420087.0
GWO_X3-ELIT,GWO,X3,ELIT,X,422376.0
GWO_X3-ELIT,GWO,X3,ELIT,X,430978.0
GWO_X3-ELIT,GWO,X3,ELIT,X,433158.0
GWO_X3-ELIT,GWO,X3,ELIT,X,424717.0
GWO_X3-ELIT,GWO,X3,ELIT,X,417604.0
GWO_X3-ELIT,GWO,X3,ELIT,X,418939.0
GWO_X3-ELIT,GWO,X3,ELIT,X,424390.0
GWO_X3-ELIT,GWO,X3,ELIT,X,425837.0
GWO_X3-ELIT,GWO,X3,ELIT,X,418863.0
GWO_X3-ELIT,GWO,X3,ELIT,X,425948.0
GWO_X3-ELIT,GWO,X3,ELIT,X,423363.0
GWO_X3-ELIT,GWO,X3,ELIT,X,426729.0
GWO_X3-ELIT,GWO,X3,ELIT,X,425941.0
GWO_X3-ELIT,GWO,X3,ELIT,X,425304.0
GWO_X3-ELIT,GWO,X3,ELIT,X,427439.0
GWO_X3-ELIT,GWO,X3,ELIT,X,427691.0
GWO_X3-ELIT,GWO,X3,ELIT,X,420349.0
GWO_X3-ELIT,GWO,X3,ELIT,X,432337.0
GWO_X3-ELIT,GWO,X3,ELIT,X,422338.0
GWO_X3-ELIT,GWO,X3,ELIT,X,421065.0
GWO_X3-ELIT,GWO,X3,ELIT,X,421478.0
GWO_X3-ELIT,GWO,X3,ELIT,X,424181.0
GWO_X3-ELIT,GWO,X3,ELIT,X,429452.0
GWO_X3-ELIT,GWO,X3,ELIT,X,432328.0
GWO_X3-ELIT,GWO,X3,ELIT,X,420625.0
GWO_X3-ELIT,GWO,X3,ELIT,X,431045.0
GWO_X3-ELIT,GWO,X3,ELIT,X,421851.0
GWO_X3-ELIT,GWO,X3,ELIT,X,422165.0
GWO_X4-ELIT,GWO,X4,ELIT,X,423678.0
GWO_X4-ELIT,GWO,X4,ELIT,X,431861.0
GWO_X4-ELIT,GWO,X4,ELIT,X,415200.0
GWO_X4-ELIT,GWO,X4,ELIT,X,425332.0
GWO_X4-ELIT,GWO,X4,ELIT,X,417679.0
GWO_X4-ELIT,GWO,X4,ELIT,X,424977.0
GWO_X4-ELIT,GWO,X4,ELIT,X,424440.0
GWO_X4-ELIT,GWO,X4,ELIT,X,431784.0
GWO_X4-ELIT,GWO,X4,ELIT,X,425999.0
GWO_X4-ELIT,GWO,X4,ELIT,X,428693.0
GWO_X4-ELIT,GWO,X4,ELIT,X,426852.0
GWO_X4-ELIT,GWO,X4,ELIT,X,424358.0
GWO_X4-ELIT,GWO,X4,ELIT,X,427446.0
GWO_X4-ELIT,GWO,X4,ELIT,X,424937.0
GWO_X4-ELIT,GWO,X4,ELIT,X,429653.0
GWO_X4-ELIT,GWO,X4,ELIT,X,422123.0
GWO_X4-ELIT,GWO,X4,ELIT,X,425052.0
GWO_X4-ELIT,GWO,X4,ELIT,X,424883.0
GWO_X4-ELIT,GWO,X4,ELIT,X,412702.0
GWO_X4-ELIT,GWO,X4,ELIT,X,417355.0
GWO_X4-ELIT,GWO,X4,ELIT,X,422683.0
GWO_X4-ELIT,GWO,X4,ELIT,X,415676.0
GWO_X4-ELIT,GWO,X4,ELIT,X,428716.0
GWO_X4-ELIT,GWO,X4,ELIT,X,427429.0
GWO_X4-ELIT,GWO,X4,ELIT,X,418251.0
GWO_X4-ELIT,GWO,X4,ELIT,X,426876.0
GWO_X4-ELIT,GWO,X4,ELIT,X,413074.0
GWO_X4-ELIT,GWO,X4,ELIT,X,424645.0
GWO_X4-ELIT,GWO,X4,ELIT,X,425687.0
GWO_X4-ELIT,GWO,X4,ELIT,X,424802.0
GWO_X4-ELIT,GWO,X4,ELIT,X,430764.0
GWO_Z1-STD,GWO,Z1,STD,Z,420086.0
GWO_Z1-STD,GWO,Z1,STD,Z,420545.0
GWO_Z1-STD,GWO,Z1,STD,Z,418528.0
GWO_Z1-STD,GWO,Z1,STD,Z,429597.0
GWO_Z1-STD,GWO,Z1,STD,Z,424254.0
GWO_Z1-STD,GWO,Z1,STD,Z,424450.0
GWO_Z1-STD,GWO,Z1,STD,Z,425988.0
GWO_Z1-STD,GWO,Z1,STD,Z,429339.0
GWO_Z1-STD,GWO,Z1,STD,Z,427631.0
GWO_Z1-STD,GWO,Z1,STD,Z,424218.0
GWO_Z1-STD,GWO,Z1,STD,Z,431683.0
GWO_Z1-STD,GWO,Z1,STD,Z,429256.0
GWO_Z1-STD,GWO,Z1,STD,Z,421865.0
GWO_Z1-STD,GWO,Z1,STD,Z,415920.0
GWO_Z1-STD,GWO,Z1,STD,Z,422872.0
GWO_Z1-STD,GWO,Z1,STD,Z,426171.0
GWO_Z1-STD,GWO,Z1,STD,Z,433220.0
GWO_Z1-STD,GWO,Z1,STD,Z,423157.0
GWO_Z1-STD,GWO,Z1,STD,Z,421097.0
GWO_Z1-STD,GWO,Z1,STD,Z,427683.0
GWO_Z1-STD,GWO,Z1,STD,Z,426456.0
GWO_Z1-STD,GWO,Z1,STD,Z,414185.0
GWO_Z1-STD,GWO,Z1,STD,Z,426972.0
GWO_Z1-STD,GWO,Z1,STD,Z,428150.0
GWO_Z1-STD,GWO,Z1,STD,Z,422307.0
GWO_Z1-STD,GWO,Z1,STD,Z,419476.0
GWO_Z1-STD,GWO,Z1,STD,Z,425378.0
GWO_Z1-STD,GWO,Z1,STD,Z,422809.0
GWO_Z1-STD,GWO,Z1,STD,Z,437655.0
GWO_Z1-STD,GWO,Z1,STD,Z,428103.0
GWO_Z1-STD,GWO,Z1,STD,Z,425770.0
GWO_Z2-STD,GWO,Z2,STD,Z,417944.0
GWO_Z2-STD,GWO,Z2,STD,Z,426008.0
GWO_Z2-STD,GWO,Z2,STD,Z,420924.0
GWO_Z2-STD,GWO,Z2,STD,Z,424218.0
GWO_Z2-STD,GWO,Z2,STD,Z,425673.0
GWO_Z2-STD,GWO,Z2,STD,Z,434999.0
GWO_Z2-STD,GWO,Z2,STD,Z,436118.0
GWO_Z2-STD,GWO,Z2,STD,Z,431892.0
GWO_Z2-STD,GWO,Z2,STD,Z,425649.0
GWO_Z2-STD,GWO,Z2,STD,Z,422553.0
GWO_Z2-STD,GWO,Z2,STD,Z,419887.0
GWO_Z2-STD,GWO,Z2,STD,Z,419080.0
GWO_Z2-STD,GWO,Z2,STD,Z,421739.0
GWO_Z2-STD,GWO,Z2,STD,Z,425489.0
GWO_Z2-STD,GWO,Z2,STD,Z,421214.0
GWO_Z2-STD,GWO,Z2,STD,Z,431345.0
GWO_Z2-STD,GWO,Z2,STD,Z,423442.0
GWO_Z2-STD,GWO,Z2,STD,Z,418973.0
GWO_Z2-STD,GWO,Z2,STD,Z,422842.0
GWO_Z2-STD,GWO,Z2,STD,Z,420216.0
GWO_Z2-STD,GWO,Z2,STD,Z,427381.0
GWO_Z2-STD,GWO,Z2,STD,Z,434335.0
GWO_Z2-STD,GWO,Z2,STD,Z,425091.0
GWO_Z2-STD,GWO,Z2,STD,Z,428594.0
GWO_Z2-STD,GWO,Z2,STD,Z,425125.0
GWO_Z2-STD,GWO,Z2,STD,Z,427908.0
GWO_Z2-STD,GWO,Z2,STD,Z,421541.0
GWO_Z2-STD,GWO,Z2,STD,Z,417199.0
GWO_Z2-STD,GWO,Z2,STD,Z,424741.0
GWO_Z2-STD,GWO,Z2,STD,Z,419757.0
GWO_Z2-STD,GWO,Z2,STD,Z,419041.0
GWO_Z3-STD,GWO,Z3,STD,Z,427774.0
GWO_Z3-STD,GWO,Z3,STD,Z,434485.0
GWO_Z3-STD,GWO,Z3,STD,Z,428586.0
GWO_Z3-STD,GWO,Z3,STD,Z,435609.0
GWO_Z3-STD,GWO,Z3,STD,Z,415702.0
GWO_Z3-STD,GWO,Z3,STD,Z,424839.0
GWO_Z3-STD,GWO,Z3,STD,Z,425217.0
GWO_Z3-STD,GWO,Z3,STD,Z,428839.0
GWO_Z3-STD,GWO,Z3,STD,Z,428635.0
GWO_Z3-STD,GWO,Z3,STD,Z,426586.0
GWO_Z3-STD,GWO,Z3,STD,Z,420781.0
GWO_Z3-STD,GWO,Z3,STD,Z,429713.0
GWO_Z3-STD,GWO,Z3,STD,Z,425171.0
GWO_Z3-STD,GWO,Z3,STD,Z,424604.0
GWO_Z3-STD,GWO,Z3,STD,Z,423650.0
GWO_Z3-STD,GWO,Z3,STD,Z,426805.0
GWO_Z3-STD,GWO,Z3,STD,Z,433852.0
GWO_Z3-STD,GWO,Z3,STD,Z,419172.0
GWO_Z3-STD,GWO,Z3,STD,Z,429102.0
GWO_Z3-STD,GWO,Z3,STD,Z,430155.0
GWO_Z3-STD,GWO,Z3,STD,Z,431203.0
GWO_Z3-STD,GWO,Z3,STD,Z,414339.0
GWO_Z3-STD,GWO,Z3,STD,Z,423113.0
GWO_Z3-STD,GWO,Z3,STD,Z,420415.0
GWO_Z3-STD,GWO,Z3,STD,Z,428114.0
GWO_Z3-STD,GWO,Z3,STD,Z,426373.0
GWO_Z3-STD,GWO,Z3,STD,Z,424250.0
GWO_Z3-STD,GWO,Z3,STD,Z,419331.0
GWO_Z3-STD,GWO,Z3,STD,Z,433728.0
GWO_Z3-STD,GWO,Z3,STD,Z,420680.0
GWO_Z3-STD,GWO,Z3,STD,Z,420246.0
GWO_Z4-STD,GWO,Z4,STD,Z,418847.0
GWO_Z4-STD,GWO,Z4,STD,Z,429662.0
GWO_Z4-STD,GWO,Z4,STD,Z,428660.0
GWO_Z4-STD,GWO,Z4,STD,Z,423970.0
GWO_Z4-STD,GWO,Z4,STD,Z,426690.0
GWO_Z4-STD,GWO,Z4,STD,Z,427908.0
GWO_Z4-STD,GWO,Z4,STD,Z,424663.0
GWO_Z4-STD,GWO,Z4,STD,Z,426117.0
GWO_Z4-STD,GWO,Z4,STD,Z,420037.0
GWO_Z4-STD,GWO,Z4,STD,Z,427062.0
GWO_Z4-STD,GWO,Z4,STD,Z,420709.0
GWO_Z4-STD,GWO,Z4,STD,Z,421351.0
GWO_Z4-STD,GWO,Z4,STD,Z,420390.0
GWO_Z4-STD,GWO,Z4,STD,Z,425785.0
GWO_Z4-STD,GWO,Z4,STD,Z,426844.0
GWO_Z4-STD,GWO,Z4,STD,Z,424339.0
GWO_Z4-STD,GWO,Z4,STD,Z,429134.0
GWO_Z4-STD,GWO,Z4,STD,Z,425491.0
GWO_Z4-STD,GWO,Z4,STD,Z,425616.0
GWO_Z4-STD,GWO,Z4,STD,Z,429966.0
GWO_Z4-STD,GWO,Z4,STD,Z,426529.0
GWO_Z4-STD,GWO,Z4,STD,Z,436487.0
GWO_Z4-STD,GWO,Z4,STD,Z,423462.0
GWO_Z4-STD,GWO,Z4,STD,Z,426487.0
GWO_Z4-STD,GWO,Z4,STD,Z,419550.0
GWO_Z4-STD,GWO,Z4,STD,Z,424666.0
GWO_Z4-STD,GWO,Z4,STD,Z,425210.0
GWO_Z4-STD,GWO,Z4,STD,Z,420029.0
GWO_Z4-STD,GWO,Z4,STD,Z,418648.0
GWO_Z4-STD,GWO,Z4,STD,Z,426631.0
GWO_Z4-STD,GWO,Z4,STD,Z,425346.0
GWO_Z1-COM,GWO,Z1,COM,Z,424828.0
GWO_Z1-COM,GWO,Z1,COM,Z,424462.0
GWO_Z1-COM,GWO,Z1,COM,Z,433509.0
GWO_Z1-COM,GWO,Z1,COM,Z,420380.0
GWO_Z1-COM,GWO,Z1,COM,Z,427857.0
GWO_Z1-COM,GWO,Z1,COM,Z,427107.0
GWO_Z1-COM,GWO,Z1,COM,Z,425070.0
GWO_Z1-COM,GWO,Z1,COM,Z,423138.0
GWO_Z1-COM,GWO,Z1,COM,Z,425587.0
GWO_Z1-COM,GWO,Z1,COM,Z,422671.0
GWO_Z1-COM,GWO,Z1,COM,Z,420194.0
GWO_Z1-COM,GWO,Z1,COM,Z,430701.0
GWO_Z1-COM,GWO,Z1,COM,Z,430690.0
GWO_Z1-COM,GWO,Z1,COM,Z,424829.0
GWO_Z1-COM,GWO,Z1,COM,Z,428607.0
GWO_Z1-COM,GWO,Z1,COM,Z,441686.0
GWO_Z1-COM,GWO,Z1,COM,Z,421446.0
GWO_Z1-COM,GWO,Z1,COM,Z,426492.0
GWO_Z1-COM,GWO,Z1,COM,Z,421673.0
GWO_Z1-COM,GWO,Z1,COM,Z,423908.0
GWO_Z1-COM,GWO,Z1,COM,Z,429636.0
GWO_Z1-COM,GWO,Z1,COM,Z,428980.0
GWO_Z1-COM,GWO,Z1,COM,Z,426494.0
GWO_Z1-COM,GWO,Z1,COM,Z,423187.0
GWO_Z1-COM,GWO,Z1,COM,Z,430595.0
GWO_Z1-COM,GWO,Z1,COM,Z,423648.0
GWO_Z1-COM,GWO,Z1,COM,Z,422170.0
GWO_Z1-COM,GWO,Z1,COM,Z,433803.0
GWO_Z1-COM,GWO,Z1,COM,Z,425282.0
GWO_Z1-COM,GWO,Z1,COM,Z,425372.0
GWO_Z1-COM,GWO,Z1,COM,Z,428967.0
GWO_Z2-COM,GWO,Z2,COM,Z,425415.0
GWO_Z2-COM,GWO,Z2,COM,Z,434323.0
GWO_Z2-COM,GWO,Z2,COM,Z,430224.0
GWO_Z2-COM,GWO,Z2,COM,Z,422101.0
GWO_Z2-COM,GWO,Z2,COM,Z,420441.0
GWO_Z2-COM,GWO,Z2,COM,Z,421755.0
GWO_Z2-COM,GWO,Z2,COM,Z,431507.0
GWO_Z2-COM,GWO,Z2,COM,Z,420829.0
GWO_Z2-COM,GWO,Z2,COM,Z,427303.0
GWO_Z2-COM,GWO,Z2,COM,Z,420564.0
GWO_Z2-COM,GWO,Z2,COM,Z,421999.0
GWO_Z2-COM,GWO,Z2,COM,Z,419081.0
GWO_Z2-COM,GWO,Z2,COM,Z,424056.0
GWO_Z2-COM,GWO,Z2,COM,Z,423145.0
GWO_Z2-COM,GWO,Z2,COM,Z,415269.0
GWO_Z2-COM,GWO,Z2,COM,Z,423610.0
GWO_Z2-COM,GWO,Z2,COM,Z,426697.0
GWO_Z2-COM,GWO,Z2,COM,Z,414523.0
GWO_Z2-COM,GWO,Z2,COM,Z,424622.0
GWO_Z2-COM,GWO,Z2,COM,Z,421351.0
GWO_Z2-COM,GWO,Z2,COM,Z,425166.0
GWO_Z2-COM,GWO,Z2,COM,Z,427937.0
GWO_Z2-COM,GWO,Z2,COM,Z,422693.0
GWO_Z2-COM,GWO,Z2,COM,Z,427841.0
GWO_Z2-COM,GWO,Z2,COM,Z,421658.0
GWO_Z2-COM,GWO,Z2,COM,Z,420090.0
GWO_Z2-COM,GWO,Z2,COM,Z,422088.0
GWO_Z2-COM,GWO,Z2,COM,Z,427387.0
GWO_Z2-COM,GWO,Z2,COM,Z,420171.0
GWO_Z2-COM,GWO,Z2,COM,Z,420323.0
GWO_Z2-COM,GWO,Z2,COM,Z,424780.0
GWO_Z3-COM,GWO,Z3,COM,Z,425219.0
GWO_Z3-COM,GWO,Z3,COM,Z,415673.0
GWO_Z3-COM,GWO,Z3,COM,Z,430452.0
GWO_Z3-COM,GWO,Z3,COM,Z,422732.0
GWO_Z3-COM,GWO,Z3,COM,Z,419935.0
GWO_Z3-COM,GWO,Z3,COM,Z,424884.0
GWO_Z3-COM,GWO,Z3,COM,Z,423258.0
GWO_Z3-COM,GWO,Z3,COM,Z,422725.0
GWO_Z3-COM,GWO,Z3,COM,Z,428633.0
GWO_Z3-COM,GWO,Z3,COM,Z,431955.0
GWO_Z3-COM,GWO,Z3,COM,Z,423458.0
GWO_Z3-COM,GWO,Z3,COM,Z,429230.0
GWO_Z3-COM,GWO,Z3,COM,Z,423094.0
GWO_Z3-COM,GWO,Z3,COM,Z,427088.0
GWO_Z3-COM,GWO,Z3,COM,Z,420302.0
GWO_Z3-COM,GWO,Z3,COM,Z,419726.0
GWO_Z3-COM,GWO,Z3,COM,Z,426639.0
GWO_Z3-COM,GWO,Z3,COM,Z,426066.0
GWO_Z3-COM,GWO,Z3,COM,Z,429254.0
GWO_Z3-COM,GWO,Z3,COM,Z,427253.0
GWO_Z3-COM,GWO,Z3,COM,Z,430619.0
GWO_Z3-COM,GWO,Z3,COM,Z,419579.0
GWO_Z3-COM,GWO,Z3,COM,Z,423070.0
GWO_Z3-COM,GWO,Z3,COM,Z,427942.0
GWO_Z3-COM,GWO,Z3,COM,Z,423001.0
GWO_Z3-COM,GWO,Z3,COM,Z,423658.0
GWO_Z3-COM,GWO,Z3,COM,Z,421923.0
GWO_Z3-COM,GWO,Z3,COM,Z,435039.0
GWO_Z3-COM,GWO,Z3,COM,Z,421812.0
GWO_Z3-COM,GWO,Z3,COM,Z,426024.0
GWO_Z3-COM,GWO,Z3,COM,Z,422193.0
GWO_Z4-COM,GWO,Z4,COM,Z,426477.0
GWO_Z4-COM,GWO,Z4,COM,Z,430931.0
GWO_Z4-COM,GWO,Z4,COM,Z,418897.0
GWO_Z4-COM,GWO,Z4,COM,Z,424578.0
GWO_Z4-COM,GWO,Z4,COM,Z,422598.0
GWO_Z4-COM,GWO,Z4,COM,Z,427284.0
GWO_Z4-COM,GWO,Z4,COM,Z,421367.0
GWO_Z4-COM,GWO,Z4,COM,Z,425109.0
GWO_Z4-COM,GWO,Z4,COM,Z,428059.0
GWO_Z4-COM,GWO,Z4,COM,Z,417665.0
GWO_Z4-COM,GWO,Z4,COM,Z,422681.0
GWO_Z4-COM,GWO,Z4,COM,Z,428355.0
GWO_Z4-COM,GWO,Z4,COM,Z,420483.0
GWO_Z4-COM,GWO,Z4,COM,Z,427582.0
GWO_Z4-COM,GWO,Z4,COM,Z,430496.0
GWO_Z4-COM,GWO,Z4,COM,Z,428011.0
GWO_Z4-COM,GWO,Z4,COM,Z,427952.0
GWO_Z4-COM,GWO,Z4,COM,Z,429153.0
GWO_Z4-COM,GWO,Z4,COM,Z,419487.0
GWO_Z4-COM,GWO,Z4,COM,Z,431097.0
GWO_Z4-COM,GWO,Z4,COM,Z,427065.0
GWO_Z4-COM,GWO,Z4,COM,Z,430022.0
GWO_Z4-COM,GWO,Z4,COM,Z,433533.0
GWO_Z4-COM,GWO,Z4,COM,Z,419843.0
GWO_Z4-COM,GWO,Z4,COM,Z,422825.0
GWO_Z4-COM,GWO,Z4,COM,Z,427166.0
GWO_Z4-COM,GWO,Z4,COM,Z,420804.0
GWO_Z4-COM,GWO,Z4,COM,Z,429926.0
GWO_Z4-COM,GWO,Z4,COM,Z,421219.0
GWO_Z4-COM,GWO,Z4,COM,Z,429212.0
GWO_Z4-COM,GWO,Z4,COM,Z,425719.0
GWO_Z1-ELIT,GWO,Z1,ELIT,Z,420561.0
GWO_Z1-ELIT,GWO,Z1,ELIT,Z,431456.0
GWO_Z1-ELIT,GWO,Z1,ELIT,Z,427902.0
GWO_Z1-ELIT,GWO,Z1,ELIT,Z,424153.0
GWO_Z1-ELIT,GWO,Z1,ELIT,Z,430163.0
GWO_Z1-ELIT,GWO,Z1,ELIT,Z,424146.0
GWO_Z1-ELIT,GWO,Z1,ELIT,Z,421826.0
GWO_Z1-ELIT,GWO,Z1,ELIT,Z,420861.0
GWO_Z1-ELIT,GWO,Z1,ELIT,Z,427205.0
GWO_Z1-ELIT,GWO,Z1,ELIT,Z,423314.0
GWO_Z1-ELIT,GWO,Z1,ELIT,Z,426336.0
GWO_Z1-ELIT,GWO,Z1,ELIT,Z,424175.0
GWO_Z1-ELIT,GWO,Z1,ELIT,Z,421490.0
GWO_Z1-ELIT,GWO,Z1,ELIT,Z,429983.0
GWO_Z1-ELIT,GWO,Z1,ELIT,Z,419231.0
GWO_Z1-ELIT,GWO,Z1,ELIT,Z,428420.0
GWO_Z1-ELIT,GWO,Z1,ELIT,Z,424320.0
GWO_Z1-ELIT,GWO,Z1,ELIT,Z,419127.0
GWO_Z1-ELIT,GWO,Z1,ELIT,Z,422766.0
GWO_Z1-ELIT,GWO,Z1,ELIT,Z,418219.0
GWO_Z1-ELIT,GWO,Z1,ELIT,Z,425721.0
GWO_Z1-ELIT,GWO,Z1,ELIT,Z,428406.0
GWO_Z1-ELIT,GWO,Z1,ELIT,Z,432433.0
GWO_Z1-ELIT,GWO,Z1,ELIT,Z,428840.0
GWO_Z1-ELIT,GWO,Z1,ELIT,Z,419917.0
GWO_Z1-ELIT,GWO,Z1,ELIT,Z,432766.0
GWO_Z1-ELIT,GWO,Z1,ELIT,Z,420588.0
GWO_Z1-ELIT,GWO,Z1,ELIT,Z,439363.0
GWO_Z1-ELIT,GWO,Z1,ELIT,Z,429650.0
GWO_Z1-ELIT,GWO,Z1,ELIT,Z,425925.0
GWO_Z1-ELIT,GWO,Z1,ELIT,Z,427209.0
GWO_Z2-ELIT,GWO,Z2,ELIT,Z,421620.0
GWO_Z2-ELIT,GWO,Z2,ELIT,Z,421556.0
GWO_Z2-ELIT,GWO,Z2,ELIT,Z,421572.0
GWO_Z2-ELIT,GWO,Z2,ELIT,Z,425311.0
GWO_Z2-ELIT,GWO,Z2,ELIT,Z,422757.0
GWO_Z2-ELIT,GWO,Z2,ELIT,Z,425712.0
GWO_Z2-ELIT,GWO,Z2,ELIT,Z,421479.0
GWO_Z2-ELIT,GWO,Z2,ELIT,Z,425479.0
GWO_Z2-ELIT,GWO,Z2,ELIT,Z,424237.0
GWO_Z2-ELIT,GWO,Z2,ELIT,Z,427387.0
GWO_Z2-ELIT,GWO,Z2,ELIT,Z,430133.0
GWO_Z2-ELIT,GWO,Z2,ELIT,Z,422233.0
GWO_Z2-ELIT,GWO,Z2,ELIT,Z,425145.0
GWO_Z2-ELIT,GWO,Z2,ELIT,Z,423838.0
GWO_Z2-ELIT,GWO,Z2,ELIT,Z,422558.0
GWO_Z2-ELIT,GWO,Z2,ELIT,Z,416466.0
GWO_Z2-ELIT,GWO,Z2,ELIT,Z,417156.0
GWO_Z2-ELIT,GWO,Z2,ELIT,Z,417078.0
GWO_Z2-ELIT,GWO,Z2,ELIT,Z,423067.0
GWO_Z2-ELIT,GWO,Z2,ELIT,Z,419031.0
GWO_Z2-ELIT,GWO,Z2,ELIT,Z,415897.0
GWO_Z2-ELIT,GWO,Z2,ELIT,Z,425857.0
GWO_Z2-ELIT,GWO,Z2,ELIT,Z,427031.0
GWO_Z2-ELIT,GWO,Z2,ELIT,Z,433599.0
GWO_Z2-ELIT,GWO,Z2,ELIT,Z,423672.0
GWO_Z2-ELIT,GWO,Z2,ELIT,Z,425594.0
GWO_Z2-ELIT,GWO,Z2,ELIT,Z,418015.0
GWO_Z2-ELIT,GWO,Z2,ELIT,Z,426929.0
GWO_Z2-ELIT,GWO,Z2,ELIT,Z,417798.0
GWO_Z2-ELIT,GWO,Z2,ELIT,Z,420990.0
GWO_Z2-ELIT,GWO,Z2,ELIT,Z,422382.0
GWO_Z3-ELIT,GWO,Z3,ELIT,Z,417317.0
GWO_Z3-ELIT,GWO,Z3,ELIT,Z,417336.0
GWO_Z3-ELIT,GWO,Z3,ELIT,Z,422542.0
GWO_Z3-ELIT,GWO,Z3,ELIT,Z,418483.0
GWO_Z3-ELIT,GWO,Z3,ELIT,Z,419788.0
GWO_Z3-ELIT,GWO,Z3,ELIT,Z,423274.0
GWO_Z3-ELIT,GWO,Z3,ELIT,Z,419481.0
GWO_Z3-ELIT,GWO,Z3,ELIT,Z,427440.0
GWO_Z3-ELIT,GWO,Z3,ELIT,Z,422479.0
GWO_Z3-ELIT,GWO,Z3,ELIT,Z,428799.0
GWO_Z3-ELIT,GWO,Z3,ELIT,Z,429913.0
GWO_Z3-ELIT,GWO,Z3,ELIT,Z,428035.0
GWO_Z3-ELIT,GWO,Z3,ELIT,Z,422483.0
GWO_Z3-ELIT,GWO,Z3,ELIT,Z,423622.0
GWO_Z3-ELIT,GWO,Z3,ELIT,Z,425450.0
GWO_Z3-ELIT,GWO,Z3,ELIT,Z,426581.0
GWO_Z3-ELIT,GWO,Z3,ELIT,Z,428232.0
GWO_Z3-ELIT,GWO,Z3,ELIT,Z,427910.0
GWO_Z3-ELIT,GWO,Z3,ELIT,Z,427212.0
GWO_Z3-ELIT,GWO,Z3,ELIT,Z,418640.0
GWO_Z3-ELIT,GWO,Z3,ELIT,Z,428269.0
GWO_Z3-ELIT,GWO,Z3,ELIT,Z,426863.0
GWO_Z3-ELIT,GWO,Z3,ELIT,Z,424029.0
GWO_Z3-ELIT,GWO,Z3,ELIT,Z,421965.0
GWO_Z3-ELIT,GWO,Z3,ELIT,Z,423310.0
GWO_Z3-ELIT,GWO,Z3,ELIT,Z,431590.0
GWO_Z3-ELIT,GWO,Z3,ELIT,Z,422306.0
GWO_Z3-ELIT,GWO,Z3,ELIT,Z,418838.0
GWO_Z3-ELIT,GWO,Z3,ELIT,Z,425958.0
GWO_Z3-ELIT,GWO,Z3,ELIT,Z,426250.0
GWO_Z3-ELIT,GWO,Z3,ELIT,Z,422051.0
GWO_Z4-ELIT,GWO,Z4,ELIT,Z,428045.0
GWO_Z4-ELIT,GWO,Z4,ELIT,Z,425323.0
GWO_Z4-ELIT,GWO,Z4,ELIT,Z,425658.0
GWO_Z4-ELIT,GWO,Z4,ELIT,Z,429945.0
GWO_Z4-ELIT,GWO,Z4,ELIT,Z,425054.0
GWO_Z4-ELIT,GWO,Z4,ELIT,Z,423242.0
GWO_Z4-ELIT,GWO,Z4,ELIT,Z,421900.0
GWO_Z4-ELIT,GWO,Z4,ELIT,Z,423424.0
GWO_Z4-ELIT,GWO,Z4,ELIT,Z,424180.0
GWO_Z4-ELIT,GWO,Z4,ELIT,Z,421977.0
GWO_Z4-ELIT,GWO,Z4,ELIT,Z,417806.0
GWO_Z4-ELIT,GWO,Z4,ELIT,Z,427843.0
GWO_Z4-ELIT,GWO,Z4,ELIT,Z,424046.0
GWO_Z4-ELIT,GWO,Z4,ELIT,Z,417620.0
GWO_Z4-ELIT,GWO,Z4,ELIT,Z,429764.0
GWO_Z4-ELIT,GWO,Z4,ELIT,Z,426926.0
GWO_Z4-ELIT,GWO,Z4,ELIT,Z,422303.0
GWO_Z4-ELIT,GWO,Z4,ELIT,Z,428477.0
GWO_Z4-ELIT,GWO,Z4,ELIT,Z,421971.0
GWO_Z4-ELIT,GWO,Z4,ELIT,Z,417812.0
GWO_Z4-ELIT,GWO,Z4,ELIT,Z,420858.0
GWO_Z4-ELIT,GWO,Z4,ELIT,Z,425570.0
GWO_Z4-ELIT,GWO,Z4,ELIT,Z,420749.0
GWO_Z4-ELIT,GWO,Z4,ELIT,Z,422351.0
GWO_Z4-ELIT,GWO,Z4,ELIT,Z,424778.0
GWO_Z4-ELIT,GWO,Z4,ELIT,Z,414585.0
GWO_Z4-ELIT,GWO,Z4,ELIT,Z,424752.0
GWO_Z4-ELIT,GWO,Z4,ELIT,Z,419862.0
GWO_Z4-ELIT,GWO,Z4,ELIT,Z,423455.0
GWO_Z4-ELIT,GWO,Z4,ELIT,Z,426160.0
GWO_Z4-ELIT,GWO,Z4,ELIT,Z,425146.0
