Exp,MH,TF,DR,Family,Data
PSO_S1-STD,PSO,S1,STD,S,139018.0
PSO_S1-STD,PSO,S1,STD,S,139705.0
PSO_S1-STD,PSO,S1,STD,S,139510.0
PSO_S1-STD,PSO,S1,STD,S,138809.0
PSO_S1-STD,PSO,S1,STD,S,139616.0
PSO_S1-STD,PSO,S1,STD,S,138819.0
PSO_S1-STD,PSO,S1,STD,S,139115.0
PSO_S1-STD,PSO,S1,STD,S,139515.0
PSO_S1-STD,PSO,S1,STD,S,139418.0
PSO_S1-STD,PSO,S1,STD,S,139814.0
PSO_S1-STD,PSO,S1,STD,S,139717.0
PSO_S1-STD,PSO,S1,STD,S,139019.0
PSO_S1-STD,PSO,S1,STD,S,139619.0
PSO_S1-STD,PSO,S1,STD,S,139206.0
PSO_S1-STD,PSO,S1,STD,S,139614.0
PSO_S1-STD,PSO,S1,STD,S,138917.0
PSO_S1-STD,PSO,S1,STD,S,139919.0
PSO_S1-STD,PSO,S1,STD,S,139214.0
PSO_S1-STD,PSO,S1,STD,S,138907.0
PSO_S1-STD,PSO,S1,STD,S,139711.0
PSO_S1-STD,PSO,S1,STD,S,138714.0
PSO_S1-STD,PSO,S1,STD,S,139905.0
PSO_S1-STD,PSO,S1,STD,S,139412.0
PSO_S1-STD,PSO,S1,STD,S,138416.0
PSO_S1-STD,PSO,S1,STD,S,139116.0
PSO_S1-STD,PSO,S1,STD,S,139416.0
PSO_S1-STD,PSO,S1,STD,S,138918.0
PSO_S1-STD,PSO,S1,STD,S,139609.0
PSO_S1-STD,PSO,S1,STD,S,139119.0
PSO_S1-STD,PSO,S1,STD,S,140215.0
PSO_S1-STD,PSO,S1,STD,S,139617.0
PSO_S2-STD,PSO,S2,STD,S,133017.0
PSO_S2-STD,PSO,S2,STD,S,132218.0
PSO_S2-STD,PSO,S2,STD,S,131813.0
PSO_S2-STD,PSO,S2,STD,S,132716.0
PSO_S2-STD,PSO,S2,STD,S,133013.0
PSO_S2-STD,PSO,S2,STD,S,132016.0
PSO_S2-STD,PSO,S2,STD,S,131816.0
PSO_S2-STD,PSO,S2,STD,S,132413.0
PSO_S2-STD,PSO,S2,STD,S,133214.0
PSO_S2-STD,PSO,S2,STD,S,132211.0
PSO_S2-STD,PSO,S2,STD,S,131818.0
PSO_S2-STD,PSO,S2,STD,S,132412.0
PSO_S2-STD,PSO,S2,STD,S,132119.0
PSO_S2-STD,PSO,S2,STD,S,132910.0
PSO_S2-STD,PSO,S2,STD,S,132619.0
PSO_S2-STD,PSO,S2,STD,S,132019.0
PSO_S2-STD,PSO,S2,STD,S,132609.0
PSO_S2-STD,PSO,S2,STD,S,132013.0
PSO_S2-STD,PSO,S2,STD,S,131810.0
PSO_S2-STD,PSO,S2,STD,S,132519.0
PSO_S2-STD,PSO,S2,STD,S,131919.0
PSO_S2-STD,PSO,S2,STD,S,132518.0
PSO_S2-STD,PSO,S2,STD,S,131919.0
PSO_S2-STD,PSO,S2,STD,S,132819.0
PSO_S2-STD,PSO,S2,STD,S,132115.0
PSO_S2-STD,PSO,S2,STD,S,132213.0
PSO_S2-STD,PSO,S2,STD,S,132512.0
PSO_S2-STD,PSO,S2,STD,S,132115.0
PSO_S2-STD,PSO,S2,STD,S,132617.0
PSO_S2-STD,PSO,S2,STD,S,132115.0
PSO_S2-STD,PSO,S2,STD,S,132210.0
PSO_S3-STD,PSO,S3,STD,S,128914.0
PSO_S3-STD,PSO,S3,STD,S,128513.0
PSO_S3-STD,PSO,S3,STD,S,128817.0
PSO_S3-STD,PSO,S3,STD,S,129215.0
PSO_S3-STD,PSO,S3,STD,S,129214.0
PSO_S3-STD,PSO,S3,STD,S,128819.0
PSO_S3-STD,PSO,S3,STD,S,129719.0
PSO_S3-STD,PSO,S3,STD,S,128413.0
PSO_S3-STD,PSO,S3,STD,S,128716.0
PSO_S3-STD,PSO,S3,STD,S,128915.0
PSO_S3-STD,PSO,S3,STD,S,128814.0
PSO_S3-STD,PSO,S3,STD,S,128719.0
PSO_S3-STD,PSO,S3,STD,S,128915.0
PSO_S3-STD,PSO,S3,STD,S,128319.0
PSO_S3-STD,PSO,S3,STD,S,128814.0
PSO_S3-STD,PSO,S3,STD,S,128718.0
PSO_S3-STD,PSO,S3,STD,S,129015.0
PSO_S3-STD,PSO,S3,STD,S,128816.0
PSO_S3-STD,PSO,S3,STD,S,128913.0
PSO_S3-STD,PSO,S3,STD,S,128816.0
PSO_S3-STD,PSO,S3,STD,S,128614.0
PSO_S3-STD,PSO,S3,STD,S,128618.0
PSO_S3-STD,PSO,S3,STD,S,128816.0
PSO_S3-STD,PSO,S3,STD,S,128417.0
PSO_S3-STD,PSO,S3,STD,S,128211.0
PSO_S3-STD,PSO,S3,STD,S,129312.0
PSO_S3-STD,PSO,S3,STD,S,128418.0
PSO_S3-STD,PSO,S3,STD,S,129018.0
PSO_S3-STD,PSO,S3,STD,S,129019.0
PSO_S3-STD,PSO,S3,STD,S,128519.0
PSO_S3-STD,PSO,S3,STD,S,129812.0
PSO_S4-STD,PSO,S4,STD,S,127116.0
PSO_S4-STD,PSO,S4,STD,S,127516.0
PSO_S4-STD,PSO,S4,STD,S,127715.0
PSO_S4-STD,PSO,S4,STD,S,128116.0
PSO_S4-STD,PSO,S4,STD,S,127516.0
PSO_S4-STD,PSO,S4,STD,S,127013.0
PSO_S4-STD,PSO,S4,STD,S,127413.0
PSO_S4-STD,PSO,S4,STD,S,127318.0
PSO_S4-STD,PSO,S4,STD,S,127819.0
PSO_S4-STD,PSO,S4,STD,S,128216.0
PSO_S4-STD,PSO,S4,STD,S,127414.0
PSO_S4-STD,PSO,S4,STD,S,128111.0
PSO_S4-STD,PSO,S4,STD,S,127415.0
PSO_S4-STD,PSO,S4,STD,S,127615.0
PSO_S4-STD,PSO,S4,STD,S,127715.0
PSO_S4-STD,PSO,S4,STD,S,127514.0
PSO_S4-STD,PSO,S4,STD,S,127417.0
PSO_S4-STD,PSO,S4,STD,S,127815.0
PSO_S4-STD,PSO,S4,STD,S,127419.0
PSO_S4-STD,PSO,S4,STD,S,127317.0
PSO_S4-STD,PSO,S4,STD,S,127616.0
PSO_S4-STD,PSO,S4,STD,S,127418.0
PSO_S4-STD,PSO,S4,STD,S,128019.0
PSO_S4-STD,PSO,S4,STD,S,127419.0
PSO_S4-STD,PSO,S4,STD,S,127719.0
PSO_S4-STD,PSO,S4,STD,S,127419.0
PSO_S4-STD,PSO,S4,STD,S,127617.0
PSO_S4-STD,PSO,S4,STD,S,127614.0
PSO_S4-STD,PSO,S4,STD,S,127413.0
PSO_S4-STD,PSO,S4,STD,S,127617.0
PSO_S4-STD,PSO,S4,STD,S,127318.0
PSO_S1-COM,PSO,S1,COM,S,142417.0
PSO_S1-COM,PSO,S1,COM,S,142316.0
PSO_S1-COM,PSO,S1,COM,S,140917.0
PSO_S1-COM,PSO,S1,COM,S,141317.0
PSO_S1-COM,PSO,S1,COM,S,139719.0
PSO_S1-COM,PSO,S1,COM,S,141013.0
PSO_S1-COM,PSO,S1,COM,S,140518.0
PSO_S1-COM,PSO,S1,COM,S,140417.0
PSO_S1-COM,PSO,S1,COM,S,143219.0
PSO_S1-COM,PSO,S1,COM,S,140016.0
PSO_S1-COM,PSO,S1,COM,S,140714.0
PSO_S1-COM,PSO,S1,COM,S,138715.0
PSO_S1-COM,PSO,S1,COM,S,142616.0
PSO_S1-COM,PSO,S1,COM,S,141618.0
PSO_S1-COM,PSO,S1,COM,S,141118.0
PSO_S1-COM,PSO,S1,COM,S,141417.0
PSO_S1-COM,PSO,S1,COM,S,140419.0
PSO_S1-COM,PSO,S1,COM,S,139613.0
PSO_S1-COM,PSO,S1,COM,S,142115.0
PSO_S1-COM,PSO,S1,COM,S,140114.0
PSO_S1-COM,PSO,S1,COM,S,143318.0
PSO_S1-COM,PSO,S1,COM,S,141315.0
PSO_S1-COM,PSO,S1,COM,S,141018.0
PSO_S1-COM,PSO,S1,COM,S,142115.0
PSO_S1-COM,PSO,S1,COM,S,140017.0
PSO_S1-COM,PSO,S1,COM,S,142019.0
PSO_S1-COM,PSO,S1,COM,S,141115.0
PSO_S1-COM,PSO,S1,COM,S,140817.0
PSO_S1-COM,PSO,S1,COM,S,141715.0
PSO_S1-COM,PSO,S1,COM,S,139616.0
PSO_S1-COM,PSO,S1,COM,S,139719.0
PSO_S2-COM,PSO,S2,COM,S,136217.0
PSO_S2-COM,PSO,S2,COM,S,132619.0
PSO_S2-COM,PSO,S2,COM,S,137010.0
PSO_S2-COM,PSO,S2,COM,S,132815.0
PSO_S2-COM,PSO,S2,COM,S,121917.0
PSO_S2-COM,PSO,S2,COM,S,134819.0
PSO_S2-COM,PSO,S2,COM,S,134518.0
PSO_S2-COM,PSO,S2,COM,S,129119.0
PSO_S2-COM,PSO,S2,COM,S,136619.0
PSO_S2-COM,PSO,S2,COM,S,123519.0
PSO_S2-COM,PSO,S2,COM,S,136519.0
PSO_S2-COM,PSO,S2,COM,S,133015.0
PSO_S2-COM,PSO,S2,COM,S,132019.0
PSO_S2-COM,PSO,S2,COM,S,135119.0
PSO_S2-COM,PSO,S2,COM,S,135219.0
PSO_S2-COM,PSO,S2,COM,S,137416.0
PSO_S2-COM,PSO,S2,COM,S,132218.0
PSO_S2-COM,PSO,S2,COM,S,130416.0
PSO_S2-COM,PSO,S2,COM,S,131017.0
PSO_S2-COM,PSO,S2,COM,S,136218.0
PSO_S2-COM,PSO,S2,COM,S,128418.0
PSO_S2-COM,PSO,S2,COM,S,127118.0
PSO_S2-COM,PSO,S2,COM,S,129612.0
PSO_S2-COM,PSO,S2,COM,S,122418.0
PSO_S2-COM,PSO,S2,COM,S,133213.0
PSO_S2-COM,PSO,S2,COM,S,122419.0
PSO_S2-COM,PSO,S2,COM,S,134217.0
PSO_S2-COM,PSO,S2,COM,S,122319.0
PSO_S2-COM,PSO,S2,COM,S,138817.0
PSO_S2-COM,PSO,S2,COM,S,130217.0
PSO_S2-COM,PSO,S2,COM,S,135216.0
PSO_S3-COM,PSO,S3,COM,S,122014.0
PSO_S3-COM,PSO,S3,COM,S,122418.0
PSO_S3-COM,PSO,S3,COM,S,121016.0
PSO_S3-COM,PSO,S3,COM,S,121819.0
PSO_S3-COM,PSO,S3,COM,S,122916.0
PSO_S3-COM,PSO,S3,COM,S,121019.0
PSO_S3-COM,PSO,S3,COM,S,122518.0
PSO_S3-COM,PSO,S3,COM,S,122312.0
PSO_S3-COM,PSO,S3,COM,S,123213.0
PSO_S3-COM,PSO,S3,COM,S,122614.0
PSO_S3-COM,PSO,S3,COM,S,122615.0
PSO_S3-COM,PSO,S3,COM,S,123518.0
PSO_S3-COM,PSO,S3,COM,S,122717.0
PSO_S3-COM,PSO,S3,COM,S,121618.0
PSO_S3-COM,PSO,S3,COM,S,122317.0
PSO_S3-COM,PSO,S3,COM,S,123314.0
PSO_S3-COM,PSO,S3,COM,S,123716.0
PSO_S3-COM,PSO,S3,COM,S,121116.0
PSO_S3-COM,PSO,S3,COM,S,121918.0
PSO_S3-COM,PSO,S3,COM,S,123617.0
PSO_S3-COM,PSO,S3,COM,S,121816.0
PSO_S3-COM,PSO,S3,COM,S,122314.0
PSO_S3-COM,PSO,S3,COM,S,123717.0
PSO_S3-COM,PSO,S3,COM,S,122319.0
PSO_S3-COM,PSO,S3,COM,S,122015.0
PSO_S3-COM,PSO,S3,COM,S,123017.0
PSO_S3-COM,PSO,S3,COM,S,123518.0
PSO_S3-COM,PSO,S3,COM,S,122713.0
PSO_S3-COM,PSO,S3,COM,S,122918.0
PSO_S3-COM,PSO,S3,COM,S,122316.0
PSO_S3-COM,PSO,S3,COM,S,122319.0
PSO_S4-COM,PSO,S4,COM,S,122316.0
PSO_S4-COM,PSO,S4,COM,S,121917.0
PSO_S4-COM,PSO,S4,COM,S,122712.0
PSO_S4-COM,PSO,S4,COM,S,122014.0
PSO_S4-COM,PSO,S4,COM,S,122415.0
PSO_S4-COM,PSO,S4,COM,S,122917.0
PSO_S4-COM,PSO,S4,COM,S,124018.0
PSO_S4-COM,PSO,S4,COM,S,123019.0
PSO_S4-COM,PSO,S4,COM,S,123216.0
PSO_S4-COM,PSO,S4,COM,S,122617.0
PSO_S4-COM,PSO,S4,COM,S,122015.0
PSO_S4-COM,PSO,S4,COM,S,121719.0
PSO_S4-COM,PSO,S4,COM,S,122116.0
PSO_S4-COM,PSO,S4,COM,S,122116.0
PSO_S4-COM,PSO,S4,COM,S,122919.0
PSO_S4-COM,PSO,S4,COM,S,122319.0
PSO_S4-COM,PSO,S4,COM,S,121616.0
PSO_S4-COM,PSO,S4,COM,S,123618.0
PSO_S4-COM,PSO,S4,COM,S,122318.0
PSO_S4-COM,PSO,S4,COM,S,122415.0
PSO_S4-COM,PSO,S4,COM,S,122819.0
PSO_S4-COM,PSO,S4,COM,S,122215.0
PSO_S4-COM,PSO,S4,COM,S,122315.0
PSO_S4-COM,PSO,S4,COM,S,123619.0
PSO_S4-COM,PSO,S4,COM,S,122418.0
PSO_S4-COM,PSO,S4,COM,S,124015.0
PSO_S4-COM,PSO,S4,COM,S,122717.0
PSO_S4-COM,PSO,S4,COM,S,123717.0
PSO_S4-COM,PSO,S4,COM,S,123416.0
PSO_S4-COM,PSO,S4,COM,S,122613.0
PSO_S4-COM,PSO,S4,COM,S,123515.0
PSO_S1-ELIT,PSO,S1,ELIT,S,122518.0
PSO_S1-ELIT,PSO,S1,ELIT,S,123118.0
PSO_S1-ELIT,PSO,S1,ELIT,S,121818.0
PSO_S1-ELIT,PSO,S1,ELIT,S,122015.0
PSO_S1-ELIT,PSO,S1,ELIT,S,122713.0
PSO_S1-ELIT,PSO,S1,ELIT,S,122216.0
PSO_S1-ELIT,PSO,S1,ELIT,S,122815.0
PSO_S1-ELIT,PSO,S1,ELIT,S,122519.0
PSO_S1-ELIT,PSO,S1,ELIT,S,121616.0
PSO_S1-ELIT,PSO,S1,ELIT,S,122618.0
PSO_S1-ELIT,PSO,S1,ELIT,S,124119.0
PSO_S1-ELIT,PSO,S1,ELIT,S,122719.0
PSO_S1-ELIT,PSO,S1,ELIT,S,123718.0
PSO_S1-ELIT,PSO,S1,ELIT,S,121316.0
PSO_S1-ELIT,PSO,S1,ELIT,S,122018.0
PSO_S1-ELIT,PSO,S1,ELIT,S,122319.0
PSO_S1-ELIT,PSO,S1,ELIT,S,121814.0
PSO_S1-ELIT,PSO,S1,ELIT,S,122819.0
PSO_S1-ELIT,PSO,S1,ELIT,S,121818.0
PSO_S1-ELIT,PSO,S1,ELIT,S,121513.0
PSO_S1-ELIT,PSO,S1,ELIT,S,122918.0
PSO_S1-ELIT,PSO,S1,ELIT,S,121718.0
PSO_S1-ELIT,PSO,S1,ELIT,S,122617.0
PSO_S1-ELIT,PSO,S1,ELIT,S,123519.0
PSO_S1-ELIT,PSO,S1,ELIT,S,123514.0
PSO_S1-ELIT,PSO,S1,ELIT,S,123319.0
PSO_S1-ELIT,PSO,S1,ELIT,S,122416.0
PSO_S1-ELIT,PSO,S1,ELIT,S,121514.0
PSO_S1-ELIT,PSO,S1,ELIT,S,122814.0
PSO_S1-ELIT,PSO,S1,ELIT,S,122814.0
PSO_S1-ELIT,PSO,S1,ELIT,S,121717.0
PSO_S2-ELIT,PSO,S2,ELIT,S,121617.0
PSO_S2-ELIT,PSO,S2,ELIT,S,122319.0
PSO_S2-ELIT,PSO,S2,ELIT,S,122516.0
PSO_S2-ELIT,PSO,S2,ELIT,S,122315.0
PSO_S2-ELIT,PSO,S2,ELIT,S,123417.0
PSO_S2-ELIT,PSO,S2,ELIT,S,121913.0
PSO_S2-ELIT,PSO,S2,ELIT,S,122719.0
PSO_S2-ELIT,PSO,S2,ELIT,S,123316.0
PSO_S2-ELIT,PSO,S2,ELIT,S,123415.0
PSO_S2-ELIT,PSO,S2,ELIT,S,122314.0
PSO_S2-ELIT,PSO,S2,ELIT,S,120817.0
PSO_S2-ELIT,PSO,S2,ELIT,S,120916.0
PSO_S2-ELIT,PSO,S2,ELIT,S,122719.0
PSO_S2-ELIT,PSO,S2,ELIT,S,122119.0
PSO_S2-ELIT,PSO,S2,ELIT,S,122613.0
PSO_S2-ELIT,PSO,S2,ELIT,S,123719.0
PSO_S2-ELIT,PSO,S2,ELIT,S,121915.0
PSO_S2-ELIT,PSO,S2,ELIT,S,122617.0
PSO_S2-ELIT,PSO,S2,ELIT,S,122118.0
PSO_S2-ELIT,PSO,S2,ELIT,S,124015.0
PSO_S2-ELIT,PSO,S2,ELIT,S,122716.0
PSO_S2-ELIT,PSO,S2,ELIT,S,123915.0
PSO_S2-ELIT,PSO,S2,ELIT,S,122817.0
PSO_S2-ELIT,PSO,S2,ELIT,S,122818.0
PSO_S2-ELIT,PSO,S2,ELIT,S,122516.0
PSO_S2-ELIT,PSO,S2,ELIT,S,122519.0
PSO_S2-ELIT,PSO,S2,ELIT,S,122618.0
PSO_S2-ELIT,PSO,S2,ELIT,S,121916.0
PSO_S2-ELIT,PSO,S2,ELIT,S,122918.0
PSO_S2-ELIT,PSO,S2,ELIT,S,122916.0
PSO_S2-ELIT,PSO,S2,ELIT,S,122316.0
PSO_S3-ELIT,PSO,S3,ELIT,S,122116.0
PSO_S3-ELIT,PSO,S3,ELIT,S,122814.0
PSO_S3-ELIT,PSO,S3,ELIT,S,122217.0
PSO_S3-ELIT,PSO,S3,ELIT,S,123414.0
PSO_S3-ELIT,PSO,S3,ELIT,S,122017.0
PSO_S3-ELIT,PSO,S3,ELIT,S,122417.0
PSO_S3-ELIT,PSO,S3,ELIT,S,123217.0
PSO_S3-ELIT,PSO,S3,ELIT,S,122813.0
PSO_S3-ELIT,PSO,S3,ELIT,S,122217.0
PSO_S3-ELIT,PSO,S3,ELIT,S,122614.0
PSO_S3-ELIT,PSO,S3,ELIT,S,123818.0
PSO_S3-ELIT,PSO,S3,ELIT,S,122316.0
PSO_S3-ELIT,PSO,S3,ELIT,S,122118.0
PSO_S3-ELIT,PSO,S3,ELIT,S,124415.0
PSO_S3-ELIT,PSO,S3,ELIT,S,122619.0
PSO_S3-ELIT,PSO,S3,ELIT,S,122514.0
PSO_S3-ELIT,PSO,S3,ELIT,S,122415.0
PSO_S3-ELIT,PSO,S3,ELIT,S,121919.0
PSO_S3-ELIT,PSO,S3,ELIT,S,122618.0
PSO_S3-ELIT,PSO,S3,ELIT,S,122217.0
PSO_S3-ELIT,PSO,S3,ELIT,S,123015.0
PSO_S3-ELIT,PSO,S3,ELIT,S,122816.0
PSO_S3-ELIT,PSO,S3,ELIT,S,121313.0
PSO_S3-ELIT,PSO,S3,ELIT,S,123412.0
PSO_S3-ELIT,PSO,S3,ELIT,S,122614.0
PSO_S3-ELIT,PSO,S3,ELIT,S,122819.0
PSO_S3-ELIT,PSO,S3,ELIT,S,121416.0
PSO_S3-ELIT,PSO,S3,ELIT,S,122618.0
PSO_S3-ELIT,PSO,S3,ELIT,S,122716.0
PSO_S3-ELIT,PSO,S3,ELIT,S,121817.0
PSO_S3-ELIT,PSO,S3,ELIT,S,122919.0
PSO_S4-ELIT,PSO,S4,ELIT,S,123617.0
PSO_S4-ELIT,PSO,S4,ELIT,S,121918.0
PSO_S4-ELIT,PSO,S4,ELIT,S,121518.0
PSO_S4-ELIT,PSO,S4,ELIT,S,122817.0
PSO_S4-ELIT,PSO,S4,ELIT,S,122219.0
PSO_S4-ELIT,PSO,S4,ELIT,S,123918.0
PSO_S4-ELIT,PSO,S4,ELIT,S,122818.0
PSO_S4-ELIT,PSO,S4,ELIT,S,123913.0
PSO_S4-ELIT,PSO,S4,ELIT,S,122118.0
PSO_S4-ELIT,PSO,S4,ELIT,S,122612.0
PSO_S4-ELIT,PSO,S4,ELIT,S,122219.0
PSO_S4-ELIT,PSO,S4,ELIT,S,122815.0
PSO_S4-ELIT,PSO,S4,ELIT,S,122718.0
PSO_S4-ELIT,PSO,S4,ELIT,S,121917.0
PSO_S4-ELIT,PSO,S4,ELIT,S,122416.0
PSO_S4-ELIT,PSO,S4,ELIT,S,123218.0
PSO_S4-ELIT,PSO,S4,ELIT,S,123715.0
PSO_S4-ELIT,PSO,S4,ELIT,S,122115.0
PSO_S4-ELIT,PSO,S4,ELIT,S,122314.0
PSO_S4-ELIT,PSO,S4,ELIT,S,122817.0
PSO_S4-ELIT,PSO,S4,ELIT,S,122415.0
PSO_S4-ELIT,PSO,S4,ELIT,S,121019.0
PSO_S4-ELIT,PSO,S4,ELIT,S,122813.0
PSO_S4-ELIT,PSO,S4,ELIT,S,121616.0
PSO_S4-ELIT,PSO,S4,ELIT,S,122518.0
PSO_S4-ELIT,PSO,S4,ELIT,S,123315.0
PSO_S4-ELIT,PSO,S4,ELIT,S,122215.0
PSO_S4-ELIT,PSO,S4,ELIT,S,123218.0
PSO_S4-ELIT,PSO,S4,ELIT,S,122715.0
PSO_S4-ELIT,PSO,S4,ELIT,S,121418.0
PSO_S4-ELIT,PSO,S4,ELIT,S,122613.0
PSO_V1-STD,PSO,V1,STD,V,124017.0
PSO_V1-STD,PSO,V1,STD,V,122615.0
PSO_V1-STD,PSO,V1,STD,V,123717.0
PSO_V1-STD,PSO,V1,STD,V,122815.0
PSO_V1-STD,PSO,V1,STD,V,122216.0
PSO_V1-STD,PSO,V1,STD,V,121715.0
PSO_V1-STD,PSO,V1,STD,V,122114.0
PSO_V1-STD,PSO,V1,STD,V,122519.0
PSO_V1-STD,PSO,V1,STD,V,122418.0
PSO_V1-STD,PSO,V1,STD,V,122315.0
PSO_V1-STD,PSO,V1,STD,V,122116.0
PSO_V1-STD,PSO,V1,STD,V,123312.0
PSO_V1-STD,PSO,V1,STD,V,122016.0
PSO_V1-STD,PSO,V1,STD,V,122919.0
PSO_V1-STD,PSO,V1,STD,V,122914.0
PSO_V1-STD,PSO,V1,STD,V,122117.0
PSO_V1-STD,PSO,V1,STD,V,122115.0
PSO_V1-STD,PSO,V1,STD,V,124215.0
PSO_V1-STD,PSO,V1,STD,V,122815.0
PSO_V1-STD,PSO,V1,STD,V,122718.0
PSO_V1-STD,PSO,V1,STD,V,121319.0
PSO_V1-STD,PSO,V1,STD,V,122812.0
PSO_V1-STD,PSO,V1,STD,V,121913.0
PSO_V1-STD,PSO,V1,STD,V,122914.0
PSO_V1-STD,PSO,V1,STD,V,122415.0
PSO_V1-STD,PSO,V1,STD,V,123019.0
PSO_V1-STD,PSO,V1,STD,V,122219.0
PSO_V1-STD,PSO,V1,STD,V,122615.0
PSO_V1-STD,PSO,V1,STD,V,122115.0
PSO_V1-STD,PSO,V1,STD,V,122513.0
PSO_V1-STD,PSO,V1,STD,V,121318.0
PSO_V2-STD,PSO,V2,STD,V,122512.0
PSO_V2-STD,PSO,V2,STD,V,122218.0
PSO_V2-STD,PSO,V2,STD,V,121418.0
PSO_V2-STD,PSO,V2,STD,V,123913.0
PSO_V2-STD,PSO,V2,STD,V,122117.0
PSO_V2-STD,PSO,V2,STD,V,123417.0
PSO_V2-STD,PSO,V2,STD,V,122218.0
PSO_V2-STD,PSO,V2,STD,V,123116.0
PSO_V2-STD,PSO,V2,STD,V,123219.0
PSO_V2-STD,PSO,V2,STD,V,122216.0
PSO_V2-STD,PSO,V2,STD,V,123419.0
PSO_V2-STD,PSO,V2,STD,V,123113.0
PSO_V2-STD,PSO,V2,STD,V,123313.0
PSO_V2-STD,PSO,V2,STD,V,123316.0
PSO_V2-STD,PSO,V2,STD,V,124216.0
PSO_V2-STD,PSO,V2,STD,V,124019.0
PSO_V2-STD,PSO,V2,STD,V,121617.0
PSO_V2-STD,PSO,V2,STD,V,121819.0
PSO_V2-STD,PSO,V2,STD,V,122014.0
PSO_V2-STD,PSO,V2,STD,V,122317.0
PSO_V2-STD,PSO,V2,STD,V,122913.0
PSO_V2-STD,PSO,V2,STD,V,122516.0
PSO_V2-STD,PSO,V2,STD,V,121718.0
PSO_V2-STD,PSO,V2,STD,V,123214.0
PSO_V2-STD,PSO,V2,STD,V,122117.0
PSO_V2-STD,PSO,V2,STD,V,122918.0
PSO_V2-STD,PSO,V2,STD,V,122514.0
PSO_V2-STD,PSO,V2,STD,V,121718.0
PSO_V2-STD,PSO,V2,STD,V,121517.0
PSO_V2-STD,PSO,V2,STD,V,122817.0
PSO_V2-STD,PSO,V2,STD,V,123515.0
PSO_V3-STD,PSO,V3,STD,V,123015.0
PSO_V3-STD,PSO,V3,STD,V,122219.0
PSO_V3-STD,PSO,V3,STD,V,122018.0
PSO_V3-STD,PSO,V3,STD,V,121818.0
PSO_V3-STD,PSO,V3,STD,V,122817.0
PSO_V3-STD,PSO,V3,STD,V,122712.0
PSO_V3-STD,PSO,V3,STD,V,121819.0
PSO_V3-STD,PSO,V3,STD,V,122919.0
PSO_V3-STD,PSO,V3,STD,V,122214.0
PSO_V3-STD,PSO,V3,STD,V,122819.0
PSO_V3-STD,PSO,V3,STD,V,121815.0
PSO_V3-STD,PSO,V3,STD,V,122219.0
PSO_V3-STD,PSO,V3,STD,V,122715.0
PSO_V3-STD,PSO,V3,STD,V,123418.0
PSO_V3-STD,PSO,V3,STD,V,122919.0
PSO_V3-STD,PSO,V3,STD,V,123017.0
PSO_V3-STD,PSO,V3,STD,V,123318.0
PSO_V3-STD,PSO,V3,STD,V,122815.0
PSO_V3-STD,PSO,V3,STD,V,122517.0
PSO_V3-STD,PSO,V3,STD,V,123319.0
PSO_V3-STD,PSO,V3,STD,V,121917.0
PSO_V3-STD,PSO,V3,STD,V,123017.0
PSO_V3-STD,PSO,V3,STD,V,122614.0
PSO_V3-STD,PSO,V3,STD,V,123918.0
PSO_V3-STD,PSO,V3,STD,V,121019.0
PSO_V3-STD,PSO,V3,STD,V,121817.0
PSO_V3-STD,PSO,V3,STD,V,123615.0
PSO_V3-STD,PSO,V3,STD,V,121518.0
PSO_V3-STD,PSO,V3,STD,V,122216.0
PSO_V3-STD,PSO,V3,STD,V,122716.0
PSO_V3-STD,PSO,V3,STD,V,121818.0
PSO_V4-STD,PSO,V4,STD,V,121617.0
PSO_V4-STD,PSO,V4,STD,V,123313.0
PSO_V4-STD,PSO,V4,STD,V,122119.0
PSO_V4-STD,PSO,V4,STD,V,123018.0
PSO_V4-STD,PSO,V4,STD,V,122216.0
PSO_V4-STD,PSO,V4,STD,V,122019.0
PSO_V4-STD,PSO,V4,STD,V,123015.0
PSO_V4-STD,PSO,V4,STD,V,123617.0
PSO_V4-STD,PSO,V4,STD,V,122215.0
PSO_V4-STD,PSO,V4,STD,V,122119.0
PSO_V4-STD,PSO,V4,STD,V,123118.0
PSO_V4-STD,PSO,V4,STD,V,122615.0
PSO_V4-STD,PSO,V4,STD,V,121319.0
PSO_V4-STD,PSO,V4,STD,V,122716.0
PSO_V4-STD,PSO,V4,STD,V,122916.0
PSO_V4-STD,PSO,V4,STD,V,122016.0
PSO_V4-STD,PSO,V4,STD,V,122318.0
PSO_V4-STD,PSO,V4,STD,V,122318.0
PSO_V4-STD,PSO,V4,STD,V,122019.0
PSO_V4-STD,PSO,V4,STD,V,122314.0
PSO_V4-STD,PSO,V4,STD,V,122419.0
PSO_V4-STD,PSO,V4,STD,V,122319.0
PSO_V4-STD,PSO,V4,STD,V,123716.0
PSO_V4-STD,PSO,V4,STD,V,122612.0
PSO_V4-STD,PSO,V4,STD,V,122819.0
PSO_V4-STD,PSO,V4,STD,V,122019.0
PSO_V4-STD,PSO,V4,STD,V,122818.0
PSO_V4-STD,PSO,V4,STD,V,122619.0
PSO_V4-STD,PSO,V4,STD,V,123013.0
PSO_V4-STD,PSO,V4,STD,V,122119.0
PSO_V4-STD,PSO,V4,STD,V,123418.0
PSO_V1-COM,PSO,V1,COM,V,123214.0
PSO_V1-COM,PSO,V1,COM,V,124615.0
PSO_V1-COM,PSO,V1,COM,V,123316.0
PSO_V1-COM,PSO,V1,COM,V,123119.0
PSO_V1-COM,PSO,V1,COM,V,121419.0
PSO_V1-COM,PSO,V1,COM,V,122214.0
PSO_V1-COM,PSO,V1,COM,V,122913.0
PSO_V1-COM,PSO,V1,COM,V,122015.0
PSO_V1-COM,PSO,V1,COM,V,121717.0
PSO_V1-COM,PSO,V1,COM,V,123217.0
PSO_V1-COM,PSO,V1,COM,V,122714.0
PSO_V1-COM,PSO,V1,COM,V,122215.0
PSO_V1-COM,PSO,V1,COM,V,122914.0
PSO_V1-COM,PSO,V1,COM,V,122917.0
PSO_V1-COM,PSO,V1,COM,V,122215.0
PSO_V1-COM,PSO,V1,COM,V,123317.0
PSO_V1-COM,PSO,V1,COM,V,121919.0
PSO_V1-COM,PSO,V1,COM,V,121918.0
PSO_V1-COM,PSO,V1,COM,V,122719.0
PSO_V1-COM,PSO,V1,COM,V,122018.0
PSO_V1-COM,PSO,V1,COM,V,122413.0
PSO_V1-COM,PSO,V1,COM,V,123115.0
PSO_V1-COM,PSO,V1,COM,V,123118.0
PSO_V1-COM,PSO,V1,COM,V,122414.0
PSO_V1-COM,PSO,V1,COM,V,122518.0
PSO_V1-COM,PSO,V1,COM,V,122415.0
PSO_V1-COM,PSO,V1,COM,V,122715.0
PSO_V1-COM,PSO,V1,COM,V,122819.0
PSO_V1-COM,PSO,V1,COM,V,121918.0
PSO_V1-COM,PSO,V1,COM,V,123214.0
PSO_V1-COM,PSO,V1,COM,V,123017.0
PSO_V2-COM,PSO,V2,COM,V,122517.0
PSO_V2-COM,PSO,V2,COM,V,122315.0
PSO_V2-COM,PSO,V2,COM,V,123616.0
PSO_V2-COM,PSO,V2,COM,V,124119.0
PSO_V2-COM,PSO,V2,COM,V,122217.0
PSO_V2-COM,PSO,V2,COM,V,123613.0
PSO_V2-COM,PSO,V2,COM,V,122518.0
PSO_V2-COM,PSO,V2,COM,V,122014.0
PSO_V2-COM,PSO,V2,COM,V,121916.0
PSO_V2-COM,PSO,V2,COM,V,122919.0
PSO_V2-COM,PSO,V2,COM,V,122218.0
PSO_V2-COM,PSO,V2,COM,V,122814.0
PSO_V2-COM,PSO,V2,COM,V,123518.0
PSO_V2-COM,PSO,V2,COM,V,123514.0
PSO_V2-COM,PSO,V2,COM,V,124216.0
PSO_V2-COM,PSO,V2,COM,V,122113.0
PSO_V2-COM,PSO,V2,COM,V,121318.0
PSO_V2-COM,PSO,V2,COM,V,121318.0
PSO_V2-COM,PSO,V2,COM,V,122415.0
PSO_V2-COM,PSO,V2,COM,V,123914.0
PSO_V2-COM,PSO,V2,COM,V,123313.0
PSO_V2-COM,PSO,V2,COM,V,122819.0
PSO_V2-COM,PSO,V2,COM,V,122419.0
PSO_V2-COM,PSO,V2,COM,V,123417.0
PSO_V2-COM,PSO,V2,COM,V,122215.0
PSO_V2-COM,PSO,V2,COM,V,123014.0
PSO_V2-COM,PSO,V2,COM,V,122813.0
PSO_V2-COM,PSO,V2,COM,V,123113.0
PSO_V2-COM,PSO,V2,COM,V,123519.0
PSO_V2-COM,PSO,V2,COM,V,123013.0
PSO_V2-COM,PSO,V2,COM,V,122319.0
PSO_V3-COM,PSO,V3,COM,V,122619.0
PSO_V3-COM,PSO,V3,COM,V,122317.0
PSO_V3-COM,PSO,V3,COM,V,123119.0
PSO_V3-COM,PSO,V3,COM,V,122114.0
PSO_V3-COM,PSO,V3,COM,V,122613.0
PSO_V3-COM,PSO,V3,COM,V,121618.0
PSO_V3-COM,PSO,V3,COM,V,122618.0
PSO_V3-COM,PSO,V3,COM,V,122815.0
PSO_V3-COM,PSO,V3,COM,V,123115.0
PSO_V3-COM,PSO,V3,COM,V,121518.0
PSO_V3-COM,PSO,V3,COM,V,122416.0
PSO_V3-COM,PSO,V3,COM,V,122016.0
PSO_V3-COM,PSO,V3,COM,V,122218.0
PSO_V3-COM,PSO,V3,COM,V,122112.0
PSO_V3-COM,PSO,V3,COM,V,122417.0
PSO_V3-COM,PSO,V3,COM,V,122119.0
PSO_V3-COM,PSO,V3,COM,V,121517.0
PSO_V3-COM,PSO,V3,COM,V,122718.0
PSO_V3-COM,PSO,V3,COM,V,123014.0
PSO_V3-COM,PSO,V3,COM,V,122917.0
PSO_V3-COM,PSO,V3,COM,V,122514.0
PSO_V3-COM,PSO,V3,COM,V,122216.0
PSO_V3-COM,PSO,V3,COM,V,124619.0
PSO_V3-COM,PSO,V3,COM,V,123118.0
PSO_V3-COM,PSO,V3,COM,V,121819.0
PSO_V3-COM,PSO,V3,COM,V,123119.0
PSO_V3-COM,PSO,V3,COM,V,122715.0
PSO_V3-COM,PSO,V3,COM,V,123917.0
PSO_V3-COM,PSO,V3,COM,V,122917.0
PSO_V3-COM,PSO,V3,COM,V,122919.0
PSO_V3-COM,PSO,V3,COM,V,122419.0
PSO_V4-COM,PSO,V4,COM,V,121219.0
PSO_V4-COM,PSO,V4,COM,V,123013.0
PSO_V4-COM,PSO,V4,COM,V,121715.0
PSO_V4-COM,PSO,V4,COM,V,121317.0
PSO_V4-COM,PSO,V4,COM,V,123318.0
PSO_V4-COM,PSO,V4,COM,V,122618.0
PSO_V4-COM,PSO,V4,COM,V,121319.0
PSO_V4-COM,PSO,V4,COM,V,121216.0
PSO_V4-COM,PSO,V4,COM,V,123215.0
PSO_V4-COM,PSO,V4,COM,V,122016.0
PSO_V4-COM,PSO,V4,COM,V,122119.0
PSO_V4-COM,PSO,V4,COM,V,123216.0
PSO_V4-COM,PSO,V4,COM,V,122217.0
PSO_V4-COM,PSO,V4,COM,V,122618.0
PSO_V4-COM,PSO,V4,COM,V,122516.0
PSO_V4-COM,PSO,V4,COM,V,123412.0
PSO_V4-COM,PSO,V4,COM,V,122419.0
PSO_V4-COM,PSO,V4,COM,V,122519.0
PSO_V4-COM,PSO,V4,COM,V,122213.0
PSO_V4-COM,PSO,V4,COM,V,122613.0
PSO_V4-COM,PSO,V4,COM,V,122017.0
PSO_V4-COM,PSO,V4,COM,V,122719.0
PSO_V4-COM,PSO,V4,COM,V,122814.0
PSO_V4-COM,PSO,V4,COM,V,122116.0
PSO_V4-COM,PSO,V4,COM,V,122417.0
PSO_V4-COM,PSO,V4,COM,V,122719.0
PSO_V4-COM,PSO,V4,COM,V,123911.0
PSO_V4-COM,PSO,V4,COM,V,124019.0
PSO_V4-COM,PSO,V4,COM,V,122918.0
PSO_V4-COM,PSO,V4,COM,V,122318.0
PSO_V4-COM,PSO,V4,COM,V,122518.0
PSO_V1-ELIT,PSO,V1,ELIT,V,122316.0
PSO_V1-ELIT,PSO,V1,ELIT,V,121717.0
PSO_V1-ELIT,PSO,V1,ELIT,V,123519.0
PSO_V1-ELIT,PSO,V1,ELIT,V,122215.0
PSO_V1-ELIT,PSO,V1,ELIT,V,123017.0
PSO_V1-ELIT,PSO,V1,ELIT,V,123013.0
PSO_V1-ELIT,PSO,V1,ELIT,V,122718.0
PSO_V1-ELIT,PSO,V1,ELIT,V,122318.0
PSO_V1-ELIT,PSO,V1,ELIT,V,122219.0
PSO_V1-ELIT,PSO,V1,ELIT,V,122816.0
PSO_V1-ELIT,PSO,V1,ELIT,V,122315.0
PSO_V1-ELIT,PSO,V1,ELIT,V,123516.0
PSO_V1-ELIT,PSO,V1,ELIT,V,122219.0
PSO_V1-ELIT,PSO,V1,ELIT,V,122615.0
PSO_V1-ELIT,PSO,V1,ELIT,V,122216.0
PSO_V1-ELIT,PSO,V1,ELIT,V,122017.0
PSO_V1-ELIT,PSO,V1,ELIT,V,121919.0
PSO_V1-ELIT,PSO,V1,ELIT,V,122119.0
PSO_V1-ELIT,PSO,V1,ELIT,V,122911.0
PSO_V1-ELIT,PSO,V1,ELIT,V,121419.0
PSO_V1-ELIT,PSO,V1,ELIT,V,122416.0
PSO_V1-ELIT,PSO,V1,ELIT,V,122614.0
PSO_V1-ELIT,PSO,V1,ELIT,V,123616.0
PSO_V1-ELIT,PSO,V1,ELIT,V,122019.0
PSO_V1-ELIT,PSO,V1,ELIT,V,122616.0
PSO_V1-ELIT,PSO,V1,ELIT,V,122014.0
PSO_V1-ELIT,PSO,V1,ELIT,V,123219.0
PSO_V1-ELIT,PSO,V1,ELIT,V,122618.0
PSO_V1-ELIT,PSO,V1,ELIT,V,120817.0
PSO_V1-ELIT,PSO,V1,ELIT,V,122817.0
PSO_V1-ELIT,PSO,V1,ELIT,V,122518.0
PSO_V2-ELIT,PSO,V2,ELIT,V,123118.0
PSO_V2-ELIT,PSO,V2,ELIT,V,121917.0
PSO_V2-ELIT,PSO,V2,ELIT,V,122315.0
PSO_V2-ELIT,PSO,V2,ELIT,V,122018.0
PSO_V2-ELIT,PSO,V2,ELIT,V,122517.0
PSO_V2-ELIT,PSO,V2,ELIT,V,122916.0
PSO_V2-ELIT,PSO,V2,ELIT,V,121517.0
PSO_V2-ELIT,PSO,V2,ELIT,V,122216.0
PSO_V2-ELIT,PSO,V2,ELIT,V,123016.0
PSO_V2-ELIT,PSO,V2,ELIT,V,122119.0
PSO_V2-ELIT,PSO,V2,ELIT,V,122317.0
PSO_V2-ELIT,PSO,V2,ELIT,V,123718.0
PSO_V2-ELIT,PSO,V2,ELIT,V,122313.0
PSO_V2-ELIT,PSO,V2,ELIT,V,122118.0
PSO_V2-ELIT,PSO,V2,ELIT,V,122418.0
PSO_V2-ELIT,PSO,V2,ELIT,V,123215.0
PSO_V2-ELIT,PSO,V2,ELIT,V,123914.0
PSO_V2-ELIT,PSO,V2,ELIT,V,122415.0
PSO_V2-ELIT,PSO,V2,ELIT,V,123617.0
PSO_V2-ELIT,PSO,V2,ELIT,V,123019.0
PSO_V2-ELIT,PSO,V2,ELIT,V,121019.0
PSO_V2-ELIT,PSO,V2,ELIT,V,123216.0
PSO_V2-ELIT,PSO,V2,ELIT,V,122515.0
PSO_V2-ELIT,PSO,V2,ELIT,V,121913.0
PSO_V2-ELIT,PSO,V2,ELIT,V,122414.0
PSO_V2-ELIT,PSO,V2,ELIT,V,122415.0
PSO_V2-ELIT,PSO,V2,ELIT,V,123719.0
PSO_V2-ELIT,PSO,V2,ELIT,V,124219.0
PSO_V2-ELIT,PSO,V2,ELIT,V,123617.0
PSO_V2-ELIT,PSO,V2,ELIT,V,122615.0
PSO_V2-ELIT,PSO,V2,ELIT,V,121718.0
PSO_V3-ELIT,PSO,V3,ELIT,V,122313.0
PSO_V3-ELIT,PSO,V3,ELIT,V,122813.0
PSO_V3-ELIT,PSO,V3,ELIT,V,121316.0
PSO_V3-ELIT,PSO,V3,ELIT,V,123417.0
PSO_V3-ELIT,PSO,V3,ELIT,V,123514.0
PSO_V3-ELIT,PSO,V3,ELIT,V,121713.0
PSO_V3-ELIT,PSO,V3,ELIT,V,122712.0
PSO_V3-ELIT,PSO,V3,ELIT,V,122213.0
PSO_V3-ELIT,PSO,V3,ELIT,V,123317.0
PSO_V3-ELIT,PSO,V3,ELIT,V,121517.0
PSO_V3-ELIT,PSO,V3,ELIT,V,122519.0
PSO_V3-ELIT,PSO,V3,ELIT,V,123318.0
PSO_V3-ELIT,PSO,V3,ELIT,V,123216.0
PSO_V3-ELIT,PSO,V3,ELIT,V,122817.0
PSO_V3-ELIT,PSO,V3,ELIT,V,122515.0
PSO_V3-ELIT,PSO,V3,ELIT,V,122816.0
PSO_V3-ELIT,PSO,V3,ELIT,V,123117.0
PSO_V3-ELIT,PSO,V3,ELIT,V,122318.0
PSO_V3-ELIT,PSO,V3,ELIT,V,122515.0
PSO_V3-ELIT,PSO,V3,ELIT,V,122715.0
PSO_V3-ELIT,PSO,V3,ELIT,V,123619.0
PSO_V3-ELIT,PSO,V3,ELIT,V,122412.0
PSO_V3-ELIT,PSO,V3,ELIT,V,122715.0
PSO_V3-ELIT,PSO,V3,ELIT,V,122119.0
PSO_V3-ELIT,PSO,V3,ELIT,V,122219.0
PSO_V3-ELIT,PSO,V3,ELIT,V,123416.0
PSO_V3-ELIT,PSO,V3,ELIT,V,122014.0
PSO_V3-ELIT,PSO,V3,ELIT,V,122617.0
PSO_V3-ELIT,PSO,V3,ELIT,V,122215.0
PSO_V3-ELIT,PSO,V3,ELIT,V,122915.0
PSO_V3-ELIT,PSO,V3,ELIT,V,123118.0
PSO_V4-ELIT,PSO,V4,ELIT,V,122317.0
PSO_V4-ELIT,PSO,V4,ELIT,V,122216.0
PSO_V4-ELIT,PSO,V4,ELIT,V,122518.0
PSO_V4-ELIT,PSO,V4,ELIT,V,123316.0
PSO_V4-ELIT,PSO,V4,ELIT,V,121816.0
PSO_V4-ELIT,PSO,V4,ELIT,V,123315.0
PSO_V4-ELIT,PSO,V4,ELIT,V,122112.0
PSO_V4-ELIT,PSO,V4,ELIT,V,122815.0
PSO_V4-ELIT,PSO,V4,ELIT,V,122919.0
PSO_V4-ELIT,PSO,V4,ELIT,V,122715.0
PSO_V4-ELIT,PSO,V4,ELIT,V,122016.0
PSO_V4-ELIT,PSO,V4,ELIT,V,122517.0
PSO_V4-ELIT,PSO,V4,ELIT,V,121314.0
PSO_V4-ELIT,PSO,V4,ELIT,V,122917.0
PSO_V4-ELIT,PSO,V4,ELIT,V,123215.0
PSO_V4-ELIT,PSO,V4,ELIT,V,122118.0
PSO_V4-ELIT,PSO,V4,ELIT,V,122915.0
PSO_V4-ELIT,PSO,V4,ELIT,V,122117.0
PSO_V4-ELIT,PSO,V4,ELIT,V,122118.0
PSO_V4-ELIT,PSO,V4,ELIT,V,121319.0
PSO_V4-ELIT,PSO,V4,ELIT,V,122513.0
PSO_V4-ELIT,PSO,V4,ELIT,V,123113.0
PSO_V4-ELIT,PSO,V4,ELIT,V,122212.0
PSO_V4-ELIT,PSO,V4,ELIT,V,122713.0
PSO_V4-ELIT,PSO,V4,ELIT,V,121919.0
PSO_V4-ELIT,PSO,V4,ELIT,V,122319.0
PSO_V4-ELIT,PSO,V4,ELIT,V,122318.0
PSO_V4-ELIT,PSO,V4,ELIT,V,123316.0
PSO_V4-ELIT,PSO,V4,ELIT,V,121915.0
PSO_V4-ELIT,PSO,V4,ELIT,V,122515.0
PSO_V4-ELIT,PSO,V4,ELIT,V,121915.0
PSO_X1-STD,PSO,X1,STD,X,121817.0
PSO_X1-STD,PSO,X1,STD,X,123714.0
PSO_X1-STD,PSO,X1,STD,X,124413.0
PSO_X1-STD,PSO,X1,STD,X,122316.0
PSO_X1-STD,PSO,X1,STD,X,122315.0
PSO_X1-STD,PSO,X1,STD,X,121919.0
PSO_X1-STD,PSO,X1,STD,X,122018.0
PSO_X1-STD,PSO,X1,STD,X,121814.0
PSO_X1-STD,PSO,X1,STD,X,122319.0
PSO_X1-STD,PSO,X1,STD,X,121918.0
PSO_X1-STD,PSO,X1,STD,X,122718.0
PSO_X1-STD,PSO,X1,STD,X,121917.0
PSO_X1-STD,PSO,X1,STD,X,123718.0
PSO_X1-STD,PSO,X1,STD,X,122818.0
PSO_X1-STD,PSO,X1,STD,X,122717.0
PSO_X1-STD,PSO,X1,STD,X,123416.0
PSO_X1-STD,PSO,X1,STD,X,122919.0
PSO_X1-STD,PSO,X1,STD,X,122519.0
PSO_X1-STD,PSO,X1,STD,X,122016.0
PSO_X1-STD,PSO,X1,STD,X,122917.0
PSO_X1-STD,PSO,X1,STD,X,124115.0
PSO_X1-STD,PSO,X1,STD,X,122713.0
PSO_X1-STD,PSO,X1,STD,X,123613.0
PSO_X1-STD,PSO,X1,STD,X,121714.0
PSO_X1-STD,PSO,X1,STD,X,122017.0
PSO_X1-STD,PSO,X1,STD,X,123116.0
PSO_X1-STD,PSO,X1,STD,X,123316.0
PSO_X1-STD,PSO,X1,STD,X,123419.0
PSO_X1-STD,PSO,X1,STD,X,122113.0
PSO_X1-STD,PSO,X1,STD,X,122815.0
PSO_X1-STD,PSO,X1,STD,X,123217.0
PSO_X2-STD,PSO,X2,STD,X,122715.0
PSO_X2-STD,PSO,X2,STD,X,122217.0
PSO_X2-STD,PSO,X2,STD,X,121718.0
PSO_X2-STD,PSO,X2,STD,X,121716.0
PSO_X2-STD,PSO,X2,STD,X,122814.0
PSO_X2-STD,PSO,X2,STD,X,123214.0
PSO_X2-STD,PSO,X2,STD,X,122916.0
PSO_X2-STD,PSO,X2,STD,X,122519.0
PSO_X2-STD,PSO,X2,STD,X,122714.0
PSO_X2-STD,PSO,X2,STD,X,122316.0
PSO_X2-STD,PSO,X2,STD,X,122815.0
PSO_X2-STD,PSO,X2,STD,X,121618.0
PSO_X2-STD,PSO,X2,STD,X,122319.0
PSO_X2-STD,PSO,X2,STD,X,122812.0
PSO_X2-STD,PSO,X2,STD,X,121918.0
PSO_X2-STD,PSO,X2,STD,X,123912.0
PSO_X2-STD,PSO,X2,STD,X,122718.0
PSO_X2-STD,PSO,X2,STD,X,123514.0
PSO_X2-STD,PSO,X2,STD,X,122018.0
PSO_X2-STD,PSO,X2,STD,X,122218.0
PSO_X2-STD,PSO,X2,STD,X,123519.0
PSO_X2-STD,PSO,X2,STD,X,121918.0
PSO_X2-STD,PSO,X2,STD,X,123313.0
PSO_X2-STD,PSO,X2,STD,X,121818.0
PSO_X2-STD,PSO,X2,STD,X,121215.0
PSO_X2-STD,PSO,X2,STD,X,123019.0
PSO_X2-STD,PSO,X2,STD,X,123215.0
PSO_X2-STD,PSO,X2,STD,X,122317.0
PSO_X2-STD,PSO,X2,STD,X,123016.0
PSO_X2-STD,PSO,X2,STD,X,122515.0
PSO_X2-STD,PSO,X2,STD,X,122214.0
PSO_X3-STD,PSO,X3,STD,X,122617.0
PSO_X3-STD,PSO,X3,STD,X,122619.0
PSO_X3-STD,PSO,X3,STD,X,122015.0
PSO_X3-STD,PSO,X3,STD,X,122415.0
PSO_X3-STD,PSO,X3,STD,X,123419.0
PSO_X3-STD,PSO,X3,STD,X,122319.0
PSO_X3-STD,PSO,X3,STD,X,121316.0
PSO_X3-STD,PSO,X3,STD,X,123019.0
PSO_X3-STD,PSO,X3,STD,X,121817.0
PSO_X3-STD,PSO,X3,STD,X,121418.0
PSO_X3-STD,PSO,X3,STD,X,122412.0
PSO_X3-STD,PSO,X3,STD,X,123416.0
PSO_X3-STD,PSO,X3,STD,X,123216.0
PSO_X3-STD,PSO,X3,STD,X,122717.0
PSO_X3-STD,PSO,X3,STD,X,121416.0
PSO_X3-STD,PSO,X3,STD,X,122313.0
PSO_X3-STD,PSO,X3,STD,X,122916.0
PSO_X3-STD,PSO,X3,STD,X,122415.0
PSO_X3-STD,PSO,X3,STD,X,122714.0
PSO_X3-STD,PSO,X3,STD,X,122219.0
PSO_X3-STD,PSO,X3,STD,X,121815.0
PSO_X3-STD,PSO,X3,STD,X,122314.0
PSO_X3-STD,PSO,X3,STD,X,121618.0
PSO_X3-STD,PSO,X3,STD,X,123115.0
PSO_X3-STD,PSO,X3,STD,X,123017.0
PSO_X3-STD,PSO,X3,STD,X,122415.0
PSO_X3-STD,PSO,X3,STD,X,124316.0
PSO_X3-STD,PSO,X3,STD,X,123713.0
PSO_X3-STD,PSO,X3,STD,X,122919.0
PSO_X3-STD,PSO,X3,STD,X,123519.0
PSO_X3-STD,PSO,X3,STD,X,122518.0
PSO_X4-STD,PSO,X4,STD,X,121914.0
PSO_X4-STD,PSO,X4,STD,X,124218.0
PSO_X4-STD,PSO,X4,STD,X,122519.0
PSO_X4-STD,PSO,X4,STD,X,123119.0
PSO_X4-STD,PSO,X4,STD,X,121816.0
PSO_X4-STD,PSO,X4,STD,X,123017.0
PSO_X4-STD,PSO,X4,STD,X,122318.0
PSO_X4-STD,PSO,X4,STD,X,122817.0
PSO_X4-STD,PSO,X4,STD,X,122313.0
PSO_X4-STD,PSO,X4,STD,X,123016.0
PSO_X4-STD,PSO,X4,STD,X,124213.0
PSO_X4-STD,PSO,X4,STD,X,122718.0
PSO_X4-STD,PSO,X4,STD,X,123316.0
PSO_X4-STD,PSO,X4,STD,X,122718.0
PSO_X4-STD,PSO,X4,STD,X,122015.0
PSO_X4-STD,PSO,X4,STD,X,123017.0
PSO_X4-STD,PSO,X4,STD,X,121918.0
PSO_X4-STD,PSO,X4,STD,X,123216.0
PSO_X4-STD,PSO,X4,STD,X,122318.0
PSO_X4-STD,PSO,X4,STD,X,122618.0
PSO_X4-STD,PSO,X4,STD,X,122013.0
PSO_X4-STD,PSO,X4,STD,X,121818.0
PSO_X4-STD,PSO,X4,STD,X,122619.0
PSO_X4-STD,PSO,X4,STD,X,123515.0
PSO_X4-STD,PSO,X4,STD,X,122119.0
PSO_X4-STD,PSO,X4,STD,X,122719.0
PSO_X4-STD,PSO,X4,STD,X,122318.0
PSO_X4-STD,PSO,X4,STD,X,123414.0
PSO_X4-STD,PSO,X4,STD,X,122215.0
PSO_X4-STD,PSO,X4,STD,X,123019.0
PSO_X4-STD,PSO,X4,STD,X,122213.0
PSO_X1-COM,PSO,X1,COM,X,121715.0
PSO_X1-COM,PSO,X1,COM,X,123116.0
PSO_X1-COM,PSO,X1,COM,X,123015.0
PSO_X1-COM,PSO,X1,COM,X,122716.0
PSO_X1-COM,PSO,X1,COM,X,123814.0
PSO_X1-COM,PSO,X1,COM,X,121119.0
PSO_X1-COM,PSO,X1,COM,X,123719.0
PSO_X1-COM,PSO,X1,COM,X,121612.0
PSO_X1-COM,PSO,X1,COM,X,122319.0
PSO_X1-COM,PSO,X1,COM,X,123215.0
PSO_X1-COM,PSO,X1,COM,X,123714.0
PSO_X1-COM,PSO,X1,COM,X,123119.0
PSO_X1-COM,PSO,X1,COM,X,122817.0
PSO_X1-COM,PSO,X1,COM,X,121916.0
PSO_X1-COM,PSO,X1,COM,X,122019.0
PSO_X1-COM,PSO,X1,COM,X,123915.0
PSO_X1-COM,PSO,X1,COM,X,123415.0
PSO_X1-COM,PSO,X1,COM,X,122317.0
PSO_X1-COM,PSO,X1,COM,X,120719.0
PSO_X1-COM,PSO,X1,COM,X,121819.0
PSO_X1-COM,PSO,X1,COM,X,121714.0
PSO_X1-COM,PSO,X1,COM,X,122717.0
PSO_X1-COM,PSO,X1,COM,X,124218.0
PSO_X1-COM,PSO,X1,COM,X,122113.0
PSO_X1-COM,PSO,X1,COM,X,122819.0
PSO_X1-COM,PSO,X1,COM,X,122215.0
PSO_X1-COM,PSO,X1,COM,X,122115.0
PSO_X1-COM,PSO,X1,COM,X,121719.0
PSO_X1-COM,PSO,X1,COM,X,122319.0
PSO_X1-COM,PSO,X1,COM,X,122013.0
PSO_X1-COM,PSO,X1,COM,X,122615.0
PSO_X2-COM,PSO,X2,COM,X,122119.0
PSO_X2-COM,PSO,X2,COM,X,122018.0
PSO_X2-COM,PSO,X2,COM,X,123717.0
PSO_X2-COM,PSO,X2,COM,X,121516.0
PSO_X2-COM,PSO,X2,COM,X,122718.0
PSO_X2-COM,PSO,X2,COM,X,122916.0
PSO_X2-COM,PSO,X2,COM,X,122817.0
PSO_X2-COM,PSO,X2,COM,X,122812.0
PSO_X2-COM,PSO,X2,COM,X,123313.0
PSO_X2-COM,PSO,X2,COM,X,124317.0
PSO_X2-COM,PSO,X2,COM,X,123115.0
PSO_X2-COM,PSO,X2,COM,X,123715.0
PSO_X2-COM,PSO,X2,COM,X,123118.0
PSO_X2-COM,PSO,X2,COM,X,122317.0
PSO_X2-COM,PSO,X2,COM,X,123317.0
PSO_X2-COM,PSO,X2,COM,X,122716.0
PSO_X2-COM,PSO,X2,COM,X,122119.0
PSO_X2-COM,PSO,X2,COM,X,122118.0
PSO_X2-COM,PSO,X2,COM,X,123014.0
PSO_X2-COM,PSO,X2,COM,X,123815.0
PSO_X2-COM,PSO,X2,COM,X,122517.0
PSO_X2-COM,PSO,X2,COM,X,123314.0
PSO_X2-COM,PSO,X2,COM,X,123417.0
PSO_X2-COM,PSO,X2,COM,X,123019.0
PSO_X2-COM,PSO,X2,COM,X,123316.0
PSO_X2-COM,PSO,X2,COM,X,122516.0
PSO_X2-COM,PSO,X2,COM,X,123212.0
PSO_X2-COM,PSO,X2,COM,X,122319.0
PSO_X2-COM,PSO,X2,COM,X,124219.0
PSO_X2-COM,PSO,X2,COM,X,122215.0
PSO_X2-COM,PSO,X2,COM,X,123215.0
PSO_X3-COM,PSO,X3,COM,X,122113.0
PSO_X3-COM,PSO,X3,COM,X,122419.0
PSO_X3-COM,PSO,X3,COM,X,123114.0
PSO_X3-COM,PSO,X3,COM,X,121418.0
PSO_X3-COM,PSO,X3,COM,X,122418.0
PSO_X3-COM,PSO,X3,COM,X,123218.0
PSO_X3-COM,PSO,X3,COM,X,122514.0
PSO_X3-COM,PSO,X3,COM,X,123319.0
PSO_X3-COM,PSO,X3,COM,X,123115.0
PSO_X3-COM,PSO,X3,COM,X,123213.0
PSO_X3-COM,PSO,X3,COM,X,121916.0
PSO_X3-COM,PSO,X3,COM,X,122112.0
PSO_X3-COM,PSO,X3,COM,X,122613.0
PSO_X3-COM,PSO,X3,COM,X,123919.0
PSO_X3-COM,PSO,X3,COM,X,121813.0
PSO_X3-COM,PSO,X3,COM,X,122515.0
PSO_X3-COM,PSO,X3,COM,X,121816.0
PSO_X3-COM,PSO,X3,COM,X,122417.0
PSO_X3-COM,PSO,X3,COM,X,124119.0
PSO_X3-COM,PSO,X3,COM,X,122015.0
PSO_X3-COM,PSO,X3,COM,X,123215.0
PSO_X3-COM,PSO,X3,COM,X,123415.0
PSO_X3-COM,PSO,X3,COM,X,121618.0
PSO_X3-COM,PSO,X3,COM,X,121918.0
PSO_X3-COM,PSO,X3,COM,X,122617.0
PSO_X3-COM,PSO,X3,COM,X,121718.0
PSO_X3-COM,PSO,X3,COM,X,122813.0
PSO_X3-COM,PSO,X3,COM,X,122214.0
PSO_X3-COM,PSO,X3,COM,X,123015.0
PSO_X3-COM,PSO,X3,COM,X,122418.0
PSO_X3-COM,PSO,X3,COM,X,122416.0
PSO_X4-COM,PSO,X4,COM,X,122917.0
PSO_X4-COM,PSO,X4,COM,X,123416.0
PSO_X4-COM,PSO,X4,COM,X,123515.0
PSO_X4-COM,PSO,X4,COM,X,124214.0
PSO_X4-COM,PSO,X4,COM,X,123115.0
PSO_X4-COM,PSO,X4,COM,X,122117.0
PSO_X4-COM,PSO,X4,COM,X,123719.0
PSO_X4-COM,PSO,X4,COM,X,122019.0
PSO_X4-COM,PSO,X4,COM,X,121419.0
PSO_X4-COM,PSO,X4,COM,X,123116.0
PSO_X4-COM,PSO,X4,COM,X,123319.0
PSO_X4-COM,PSO,X4,COM,X,122912.0
PSO_X4-COM,PSO,X4,COM,X,123619.0
PSO_X4-COM,PSO,X4,COM,X,122516.0
PSO_X4-COM,PSO,X4,COM,X,124019.0
PSO_X4-COM,PSO,X4,COM,X,121115.0
PSO_X4-COM,PSO,X4,COM,X,124116.0
PSO_X4-COM,PSO,X4,COM,X,122918.0
PSO_X4-COM,PSO,X4,COM,X,122916.0
PSO_X4-COM,PSO,X4,COM,X,122516.0
PSO_X4-COM,PSO,X4,COM,X,120816.0
PSO_X4-COM,PSO,X4,COM,X,122413.0
PSO_X4-COM,PSO,X4,COM,X,122817.0
PSO_X4-COM,PSO,X4,COM,X,121216.0
PSO_X4-COM,PSO,X4,COM,X,121716.0
PSO_X4-COM,PSO,X4,COM,X,122014.0
PSO_X4-COM,PSO,X4,COM,X,122518.0
PSO_X4-COM,PSO,X4,COM,X,123216.0
PSO_X4-COM,PSO,X4,COM,X,122418.0
PSO_X4-COM,PSO,X4,COM,X,123416.0
PSO_X4-COM,PSO,X4,COM,X,121912.0
PSO_X1-ELIT,PSO,X1,ELIT,X,123718.0
PSO_X1-ELIT,PSO,X1,ELIT,X,122919.0
PSO_X1-ELIT,PSO,X1,ELIT,X,122917.0
PSO_X1-ELIT,PSO,X1,ELIT,X,123119.0
PSO_X1-ELIT,PSO,X1,ELIT,X,122517.0
PSO_X1-ELIT,PSO,X1,ELIT,X,121915.0
PSO_X1-ELIT,PSO,X1,ELIT,X,122214.0
PSO_X1-ELIT,PSO,X1,ELIT,X,122118.0
PSO_X1-ELIT,PSO,X1,ELIT,X,121617.0
PSO_X1-ELIT,PSO,X1,ELIT,X,122619.0
PSO_X1-ELIT,PSO,X1,ELIT,X,122618.0
PSO_X1-ELIT,PSO,X1,ELIT,X,122719.0
PSO_X1-ELIT,PSO,X1,ELIT,X,124019.0
PSO_X1-ELIT,PSO,X1,ELIT,X,123618.0
PSO_X1-ELIT,PSO,X1,ELIT,X,122615.0
PSO_X1-ELIT,PSO,X1,ELIT,X,121418.0
PSO_X1-ELIT,PSO,X1,ELIT,X,121816.0
PSO_X1-ELIT,PSO,X1,ELIT,X,121619.0
PSO_X1-ELIT,PSO,X1,ELIT,X,123613.0
PSO_X1-ELIT,PSO,X1,ELIT,X,122118.0
PSO_X1-ELIT,PSO,X1,ELIT,X,123219.0
PSO_X1-ELIT,PSO,X1,ELIT,X,120715.0
PSO_X1-ELIT,PSO,X1,ELIT,X,122215.0
PSO_X1-ELIT,PSO,X1,ELIT,X,122015.0
PSO_X1-ELIT,PSO,X1,ELIT,X,124611.0
PSO_X1-ELIT,PSO,X1,ELIT,X,122517.0
PSO_X1-ELIT,PSO,X1,ELIT,X,121713.0
PSO_X1-ELIT,PSO,X1,ELIT,X,123017.0
PSO_X1-ELIT,PSO,X1,ELIT,X,122215.0
PSO_X1-ELIT,PSO,X1,ELIT,X,122418.0
PSO_X1-ELIT,PSO,X1,ELIT,X,123914.0
PSO_X2-ELIT,PSO,X2,ELIT,X,122119.0
PSO_X2-ELIT,PSO,X2,ELIT,X,123717.0
PSO_X2-ELIT,PSO,X2,ELIT,X,122817.0
PSO_X2-ELIT,PSO,X2,ELIT,X,122813.0
PSO_X2-ELIT,PSO,X2,ELIT,X,121515.0
PSO_X2-ELIT,PSO,X2,ELIT,X,123718.0
PSO_X2-ELIT,PSO,X2,ELIT,X,122717.0
PSO_X2-ELIT,PSO,X2,ELIT,X,123316.0
PSO_X2-ELIT,PSO,X2,ELIT,X,122216.0
PSO_X2-ELIT,PSO,X2,ELIT,X,124217.0
PSO_X2-ELIT,PSO,X2,ELIT,X,122619.0
PSO_X2-ELIT,PSO,X2,ELIT,X,122515.0
PSO_X2-ELIT,PSO,X2,ELIT,X,122317.0
PSO_X2-ELIT,PSO,X2,ELIT,X,121315.0
PSO_X2-ELIT,PSO,X2,ELIT,X,122117.0
PSO_X2-ELIT,PSO,X2,ELIT,X,122519.0
PSO_X2-ELIT,PSO,X2,ELIT,X,122617.0
PSO_X2-ELIT,PSO,X2,ELIT,X,122515.0
PSO_X2-ELIT,PSO,X2,ELIT,X,122518.0
PSO_X2-ELIT,PSO,X2,ELIT,X,122619.0
PSO_X2-ELIT,PSO,X2,ELIT,X,122119.0
PSO_X2-ELIT,PSO,X2,ELIT,X,122216.0
PSO_X2-ELIT,PSO,X2,ELIT,X,122015.0
PSO_X2-ELIT,PSO,X2,ELIT,X,122613.0
PSO_X2-ELIT,PSO,X2,ELIT,X,122418.0
PSO_X2-ELIT,PSO,X2,ELIT,X,123216.0
PSO_X2-ELIT,PSO,X2,ELIT,X,122318.0
PSO_X2-ELIT,PSO,X2,ELIT,X,122615.0
PSO_X2-ELIT,PSO,X2,ELIT,X,122118.0
PSO_X2-ELIT,PSO,X2,ELIT,X,122219.0
PSO_X2-ELIT,PSO,X2,ELIT,X,122618.0
PSO_X3-ELIT,PSO,X3,ELIT,X,123319.0
PSO_X3-ELIT,PSO,X3,ELIT,X,123819.0
PSO_X3-ELIT,PSO,X3,ELIT,X,122218.0
PSO_X3-ELIT,PSO,X3,ELIT,X,121319.0
PSO_X3-ELIT,PSO,X3,ELIT,X,122214.0
PSO_X3-ELIT,PSO,X3,ELIT,X,122114.0
PSO_X3-ELIT,PSO,X3,ELIT,X,122518.0
PSO_X3-ELIT,PSO,X3,ELIT,X,123416.0
PSO_X3-ELIT,PSO,X3,ELIT,X,122813.0
PSO_X3-ELIT,PSO,X3,ELIT,X,123413.0
PSO_X3-ELIT,PSO,X3,ELIT,X,123017.0
PSO_X3-ELIT,PSO,X3,ELIT,X,122412.0
PSO_X3-ELIT,PSO,X3,ELIT,X,123113.0
PSO_X3-ELIT,PSO,X3,ELIT,X,123618.0
PSO_X3-ELIT,PSO,X3,ELIT,X,121919.0
PSO_X3-ELIT,PSO,X3,ELIT,X,123414.0
PSO_X3-ELIT,PSO,X3,ELIT,X,121618.0
PSO_X3-ELIT,PSO,X3,ELIT,X,122615.0
PSO_X3-ELIT,PSO,X3,ELIT,X,123418.0
PSO_X3-ELIT,PSO,X3,ELIT,X,122219.0
PSO_X3-ELIT,PSO,X3,ELIT,X,123719.0
PSO_X3-ELIT,PSO,X3,ELIT,X,122116.0
PSO_X3-ELIT,PSO,X3,ELIT,X,122716.0
PSO_X3-ELIT,PSO,X3,ELIT,X,122315.0
PSO_X3-ELIT,PSO,X3,ELIT,X,123614.0
PSO_X3-ELIT,PSO,X3,ELIT,X,122218.0
PSO_X3-ELIT,PSO,X3,ELIT,X,123813.0
PSO_X3-ELIT,PSO,X3,ELIT,X,122513.0
PSO_X3-ELIT,PSO,X3,ELIT,X,123414.0
PSO_X3-ELIT,PSO,X3,ELIT,X,122215.0
PSO_X3-ELIT,PSO,X3,ELIT,X,121817.0
PSO_X4-ELIT,PSO,X4,ELIT,X,123416.0
PSO_X4-ELIT,PSO,X4,ELIT,X,121315.0
PSO_X4-ELIT,PSO,X4,ELIT,X,121117.0
PSO_X4-ELIT,PSO,X4,ELIT,X,122814.0
PSO_X4-ELIT,PSO,X4,ELIT,X,123617.0
PSO_X4-ELIT,PSO,X4,ELIT,X,122516.0
PSO_X4-ELIT,PSO,X4,ELIT,X,122518.0
PSO_X4-ELIT,PSO,X4,ELIT,X,123419.0
PSO_X4-ELIT,PSO,X4,ELIT,X,122017.0
PSO_X4-ELIT,PSO,X4,ELIT,X,121917.0
PSO_X4-ELIT,PSO,X4,ELIT,X,123113.0
PSO_X4-ELIT,PSO,X4,ELIT,X,122118.0
PSO_X4-ELIT,PSO,X4,ELIT,X,123215.0
PSO_X4-ELIT,PSO,X4,ELIT,X,122817.0
PSO_X4-ELIT,PSO,X4,ELIT,X,122117.0
PSO_X4-ELIT,PSO,X4,ELIT,X,122317.0
PSO_X4-ELIT,PSO,X4,ELIT,X,122814.0
PSO_X4-ELIT,PSO,X4,ELIT,X,122715.0
PSO_X4-ELIT,PSO,X4,ELIT,X,121916.0
PSO_X4-ELIT,PSO,X4,ELIT,X,123619.0
PSO_X4-ELIT,PSO,X4,ELIT,X,122617.0
PSO_X4-ELIT,PSO,X4,ELIT,X,121714.0
PSO_X4-ELIT,PSO,X4,ELIT,X,122614.0
PSO_X4-ELIT,PSO,X4,ELIT,X,122713.0
PSO_X4-ELIT,PSO,X4,ELIT,X,123716.0
PSO_X4-ELIT,PSO,X4,ELIT,X,122216.0
PSO_X4-ELIT,PSO,X4,ELIT,X,122517.0
PSO_X4-ELIT,PSO,X4,ELIT,X,122517.0
PSO_X4-ELIT,PSO,X4,ELIT,X,122616.0
PSO_X4-ELIT,PSO,X4,ELIT,X,123318.0
PSO_X4-ELIT,PSO,X4,ELIT,X,123119.0
PSO_Z1-STD,PSO,Z1,STD,Z,121617.0
PSO_Z1-STD,PSO,Z1,STD,Z,122517.0
PSO_Z1-STD,PSO,Z1,STD,Z,122214.0
PSO_Z1-STD,PSO,Z1,STD,Z,123515.0
PSO_Z1-STD,PSO,Z1,STD,Z,121715.0
PSO_Z1-STD,PSO,Z1,STD,Z,122617.0
PSO_Z1-STD,PSO,Z1,STD,Z,122417.0
PSO_Z1-STD,PSO,Z1,STD,Z,123117.0
PSO_Z1-STD,PSO,Z1,STD,Z,123914.0
PSO_Z1-STD,PSO,Z1,STD,Z,122916.0
PSO_Z1-STD,PSO,Z1,STD,Z,121718.0
PSO_Z1-STD,PSO,Z1,STD,Z,123418.0
PSO_Z1-STD,PSO,Z1,STD,Z,124017.0
PSO_Z1-STD,PSO,Z1,STD,Z,122917.0
PSO_Z1-STD,PSO,Z1,STD,Z,123018.0
PSO_Z1-STD,PSO,Z1,STD,Z,121716.0
PSO_Z1-STD,PSO,Z1,STD,Z,123013.0
PSO_Z1-STD,PSO,Z1,STD,Z,122318.0
PSO_Z1-STD,PSO,Z1,STD,Z,125019.0
PSO_Z1-STD,PSO,Z1,STD,Z,122615.0
PSO_Z1-STD,PSO,Z1,STD,Z,122516.0
PSO_Z1-STD,PSO,Z1,STD,Z,122814.0
PSO_Z1-STD,PSO,Z1,STD,Z,122418.0
PSO_Z1-STD,PSO,Z1,STD,Z,121615.0
PSO_Z1-STD,PSO,Z1,STD,Z,122919.0
PSO_Z1-STD,PSO,Z1,STD,Z,122218.0
PSO_Z1-STD,PSO,Z1,STD,Z,122816.0
PSO_Z1-STD,PSO,Z1,STD,Z,122516.0
PSO_Z1-STD,PSO,Z1,STD,Z,122013.0
PSO_Z1-STD,PSO,Z1,STD,Z,123815.0
PSO_Z1-STD,PSO,Z1,STD,Z,122913.0
PSO_Z2-STD,PSO,Z2,STD,Z,123118.0
PSO_Z2-STD,PSO,Z2,STD,Z,122216.0
PSO_Z2-STD,PSO,Z2,STD,Z,122714.0
PSO_Z2-STD,PSO,Z2,STD,Z,121717.0
PSO_Z2-STD,PSO,Z2,STD,Z,122717.0
PSO_Z2-STD,PSO,Z2,STD,Z,123816.0
PSO_Z2-STD,PSO,Z2,STD,Z,122115.0
PSO_Z2-STD,PSO,Z2,STD,Z,123018.0
PSO_Z2-STD,PSO,Z2,STD,Z,123816.0
PSO_Z2-STD,PSO,Z2,STD,Z,123117.0
PSO_Z2-STD,PSO,Z2,STD,Z,123618.0
PSO_Z2-STD,PSO,Z2,STD,Z,121817.0
PSO_Z2-STD,PSO,Z2,STD,Z,122117.0
PSO_Z2-STD,PSO,Z2,STD,Z,123215.0
PSO_Z2-STD,PSO,Z2,STD,Z,121614.0
PSO_Z2-STD,PSO,Z2,STD,Z,122618.0
PSO_Z2-STD,PSO,Z2,STD,Z,122517.0
PSO_Z2-STD,PSO,Z2,STD,Z,122517.0
PSO_Z2-STD,PSO,Z2,STD,Z,123316.0
PSO_Z2-STD,PSO,Z2,STD,Z,123914.0
PSO_Z2-STD,PSO,Z2,STD,Z,122214.0
PSO_Z2-STD,PSO,Z2,STD,Z,121217.0
PSO_Z2-STD,PSO,Z2,STD,Z,122414.0
PSO_Z2-STD,PSO,Z2,STD,Z,122915.0
PSO_Z2-STD,PSO,Z2,STD,Z,124618.0
PSO_Z2-STD,PSO,Z2,STD,Z,123519.0
PSO_Z2-STD,PSO,Z2,STD,Z,122915.0
PSO_Z2-STD,PSO,Z2,STD,Z,122315.0
PSO_Z2-STD,PSO,Z2,STD,Z,123914.0
PSO_Z2-STD,PSO,Z2,STD,Z,122518.0
PSO_Z2-STD,PSO,Z2,STD,Z,123719.0
PSO_Z3-STD,PSO,Z3,STD,Z,122218.0
PSO_Z3-STD,PSO,Z3,STD,Z,121416.0
PSO_Z3-STD,PSO,Z3,STD,Z,124314.0
PSO_Z3-STD,PSO,Z3,STD,Z,123012.0
PSO_Z3-STD,PSO,Z3,STD,Z,123512.0
PSO_Z3-STD,PSO,Z3,STD,Z,123915.0
PSO_Z3-STD,PSO,Z3,STD,Z,122416.0
PSO_Z3-STD,PSO,Z3,STD,Z,122519.0
PSO_Z3-STD,PSO,Z3,STD,Z,122313.0
PSO_Z3-STD,PSO,Z3,STD,Z,122419.0
PSO_Z3-STD,PSO,Z3,STD,Z,122217.0
PSO_Z3-STD,PSO,Z3,STD,Z,122417.0
PSO_Z3-STD,PSO,Z3,STD,Z,122615.0
PSO_Z3-STD,PSO,Z3,STD,Z,122517.0
PSO_Z3-STD,PSO,Z3,STD,Z,122715.0
PSO_Z3-STD,PSO,Z3,STD,Z,122015.0
PSO_Z3-STD,PSO,Z3,STD,Z,122215.0
PSO_Z3-STD,PSO,Z3,STD,Z,121719.0
PSO_Z3-STD,PSO,Z3,STD,Z,123218.0
PSO_Z3-STD,PSO,Z3,STD,Z,122713.0
PSO_Z3-STD,PSO,Z3,STD,Z,122918.0
PSO_Z3-STD,PSO,Z3,STD,Z,122716.0
PSO_Z3-STD,PSO,Z3,STD,Z,122318.0
PSO_Z3-STD,PSO,Z3,STD,Z,122817.0
PSO_Z3-STD,PSO,Z3,STD,Z,122319.0
PSO_Z3-STD,PSO,Z3,STD,Z,123119.0
PSO_Z3-STD,PSO,Z3,STD,Z,122519.0
PSO_Z3-STD,PSO,Z3,STD,Z,123712.0
PSO_Z3-STD,PSO,Z3,STD,Z,123219.0
PSO_Z3-STD,PSO,Z3,STD,Z,122816.0
PSO_Z3-STD,PSO,Z3,STD,Z,122918.0
PSO_Z4-STD,PSO,Z4,STD,Z,121614.0
PSO_Z4-STD,PSO,Z4,STD,Z,122617.0
PSO_Z4-STD,PSO,Z4,STD,Z,123013.0
PSO_Z4-STD,PSO,Z4,STD,Z,123619.0
PSO_Z4-STD,PSO,Z4,STD,Z,124415.0
PSO_Z4-STD,PSO,Z4,STD,Z,123217.0
PSO_Z4-STD,PSO,Z4,STD,Z,122517.0
PSO_Z4-STD,PSO,Z4,STD,Z,122118.0
PSO_Z4-STD,PSO,Z4,STD,Z,121414.0
PSO_Z4-STD,PSO,Z4,STD,Z,123118.0
PSO_Z4-STD,PSO,Z4,STD,Z,122419.0
PSO_Z4-STD,PSO,Z4,STD,Z,122118.0
PSO_Z4-STD,PSO,Z4,STD,Z,124018.0
PSO_Z4-STD,PSO,Z4,STD,Z,122417.0
PSO_Z4-STD,PSO,Z4,STD,Z,121718.0
PSO_Z4-STD,PSO,Z4,STD,Z,122819.0
PSO_Z4-STD,PSO,Z4,STD,Z,123413.0
PSO_Z4-STD,PSO,Z4,STD,Z,123816.0
PSO_Z4-STD,PSO,Z4,STD,Z,122613.0
PSO_Z4-STD,PSO,Z4,STD,Z,121615.0
PSO_Z4-STD,PSO,Z4,STD,Z,122916.0
PSO_Z4-STD,PSO,Z4,STD,Z,122819.0
PSO_Z4-STD,PSO,Z4,STD,Z,122218.0
PSO_Z4-STD,PSO,Z4,STD,Z,120218.0
PSO_Z4-STD,PSO,Z4,STD,Z,121419.0
PSO_Z4-STD,PSO,Z4,STD,Z,121816.0
PSO_Z4-STD,PSO,Z4,STD,Z,121716.0
PSO_Z4-STD,PSO,Z4,STD,Z,122919.0
PSO_Z4-STD,PSO,Z4,STD,Z,124015.0
PSO_Z4-STD,PSO,Z4,STD,Z,123118.0
PSO_Z4-STD,PSO,Z4,STD,Z,121817.0
PSO_Z1-COM,PSO,Z1,COM,Z,123318.0
PSO_Z1-COM,PSO,Z1,COM,Z,122815.0
PSO_Z1-COM,PSO,Z1,COM,Z,124018.0
PSO_Z1-COM,PSO,Z1,COM,Z,122616.0
PSO_Z1-COM,PSO,Z1,COM,Z,122517.0
PSO_Z1-COM,PSO,Z1,COM,Z,123317.0
PSO_Z1-COM,PSO,Z1,COM,Z,122718.0
PSO_Z1-COM,PSO,Z1,COM,Z,122019.0
PSO_Z1-COM,PSO,Z1,COM,Z,121719.0
PSO_Z1-COM,PSO,Z1,COM,Z,121916.0
PSO_Z1-COM,PSO,Z1,COM,Z,124118.0
PSO_Z1-COM,PSO,Z1,COM,Z,123714.0
PSO_Z1-COM,PSO,Z1,COM,Z,123419.0
PSO_Z1-COM,PSO,Z1,COM,Z,124313.0
PSO_Z1-COM,PSO,Z1,COM,Z,123315.0
PSO_Z1-COM,PSO,Z1,COM,Z,121917.0
PSO_Z1-COM,PSO,Z1,COM,Z,122019.0
PSO_Z1-COM,PSO,Z1,COM,Z,122214.0
PSO_Z1-COM,PSO,Z1,COM,Z,122118.0
PSO_Z1-COM,PSO,Z1,COM,Z,122617.0
PSO_Z1-COM,PSO,Z1,COM,Z,122415.0
PSO_Z1-COM,PSO,Z1,COM,Z,122016.0
PSO_Z1-COM,PSO,Z1,COM,Z,123518.0
PSO_Z1-COM,PSO,Z1,COM,Z,121417.0
PSO_Z1-COM,PSO,Z1,COM,Z,122715.0
PSO_Z1-COM,PSO,Z1,COM,Z,122515.0
PSO_Z1-COM,PSO,Z1,COM,Z,122119.0
PSO_Z1-COM,PSO,Z1,COM,Z,122713.0
PSO_Z1-COM,PSO,Z1,COM,Z,121217.0
PSO_Z1-COM,PSO,Z1,COM,Z,123219.0
PSO_Z1-COM,PSO,Z1,COM,Z,122016.0
PSO_Z2-COM,PSO,Z2,COM,Z,123419.0
PSO_Z2-COM,PSO,Z2,COM,Z,122419.0
PSO_Z2-COM,PSO,Z2,COM,Z,122819.0
PSO_Z2-COM,PSO,Z2,COM,Z,121917.0
PSO_Z2-COM,PSO,Z2,COM,Z,122216.0
PSO_Z2-COM,PSO,Z2,COM,Z,122915.0
PSO_Z2-COM,PSO,Z2,COM,Z,121619.0
PSO_Z2-COM,PSO,Z2,COM,Z,122017.0
PSO_Z2-COM,PSO,Z2,COM,Z,123312.0
PSO_Z2-COM,PSO,Z2,COM,Z,122617.0
PSO_Z2-COM,PSO,Z2,COM,Z,123019.0
PSO_Z2-COM,PSO,Z2,COM,Z,122418.0
PSO_Z2-COM,PSO,Z2,COM,Z,123413.0
PSO_Z2-COM,PSO,Z2,COM,Z,122615.0
PSO_Z2-COM,PSO,Z2,COM,Z,122816.0
PSO_Z2-COM,PSO,Z2,COM,Z,122319.0
PSO_Z2-COM,PSO,Z2,COM,Z,122016.0
PSO_Z2-COM,PSO,Z2,COM,Z,122118.0
PSO_Z2-COM,PSO,Z2,COM,Z,122617.0
PSO_Z2-COM,PSO,Z2,COM,Z,122617.0
PSO_Z2-COM,PSO,Z2,COM,Z,121715.0
PSO_Z2-COM,PSO,Z2,COM,Z,122315.0
PSO_Z2-COM,PSO,Z2,COM,Z,122313.0
PSO_Z2-COM,PSO,Z2,COM,Z,122613.0
PSO_Z2-COM,PSO,Z2,COM,Z,122418.0
PSO_Z2-COM,PSO,Z2,COM,Z,122519.0
PSO_Z2-COM,PSO,Z2,COM,Z,122817.0
PSO_Z2-COM,PSO,Z2,COM,Z,122313.0
PSO_Z2-COM,PSO,Z2,COM,Z,122018.0
PSO_Z2-COM,PSO,Z2,COM,Z,122614.0
PSO_Z2-COM,PSO,Z2,COM,Z,121714.0
PSO_Z3-COM,PSO,Z3,COM,Z,122819.0
PSO_Z3-COM,PSO,Z3,COM,Z,122218.0
PSO_Z3-COM,PSO,Z3,COM,Z,122519.0
PSO_Z3-COM,PSO,Z3,COM,Z,122418.0
PSO_Z3-COM,PSO,Z3,COM,Z,122916.0
PSO_Z3-COM,PSO,Z3,COM,Z,122614.0
PSO_Z3-COM,PSO,Z3,COM,Z,121914.0
PSO_Z3-COM,PSO,Z3,COM,Z,122116.0
PSO_Z3-COM,PSO,Z3,COM,Z,123517.0
PSO_Z3-COM,PSO,Z3,COM,Z,122716.0
PSO_Z3-COM,PSO,Z3,COM,Z,122914.0
PSO_Z3-COM,PSO,Z3,COM,Z,123418.0
PSO_Z3-COM,PSO,Z3,COM,Z,123217.0
PSO_Z3-COM,PSO,Z3,COM,Z,122517.0
PSO_Z3-COM,PSO,Z3,COM,Z,122318.0
PSO_Z3-COM,PSO,Z3,COM,Z,123017.0
PSO_Z3-COM,PSO,Z3,COM,Z,122619.0
PSO_Z3-COM,PSO,Z3,COM,Z,121714.0
PSO_Z3-COM,PSO,Z3,COM,Z,122914.0
PSO_Z3-COM,PSO,Z3,COM,Z,122114.0
PSO_Z3-COM,PSO,Z3,COM,Z,123515.0
PSO_Z3-COM,PSO,Z3,COM,Z,123013.0
PSO_Z3-COM,PSO,Z3,COM,Z,122715.0
PSO_Z3-COM,PSO,Z3,COM,Z,123314.0
PSO_Z3-COM,PSO,Z3,COM,Z,122318.0
PSO_Z3-COM,PSO,Z3,COM,Z,121715.0
PSO_Z3-COM,PSO,Z3,COM,Z,123017.0
PSO_Z3-COM,PSO,Z3,COM,Z,121419.0
PSO_Z3-COM,PSO,Z3,COM,Z,123719.0
PSO_Z3-COM,PSO,Z3,COM,Z,123117.0
PSO_Z3-COM,PSO,Z3,COM,Z,123117.0
PSO_Z4-COM,PSO,Z4,COM,Z,122819.0
PSO_Z4-COM,PSO,Z4,COM,Z,122018.0
PSO_Z4-COM,PSO,Z4,COM,Z,123416.0
PSO_Z4-COM,PSO,Z4,COM,Z,122416.0
PSO_Z4-COM,PSO,Z4,COM,Z,122517.0
PSO_Z4-COM,PSO,Z4,COM,Z,123317.0
PSO_Z4-COM,PSO,Z4,COM,Z,122414.0
PSO_Z4-COM,PSO,Z4,COM,Z,122617.0
PSO_Z4-COM,PSO,Z4,COM,Z,123118.0
PSO_Z4-COM,PSO,Z4,COM,Z,122615.0
PSO_Z4-COM,PSO,Z4,COM,Z,122515.0
PSO_Z4-COM,PSO,Z4,COM,Z,122215.0
PSO_Z4-COM,PSO,Z4,COM,Z,123216.0
PSO_Z4-COM,PSO,Z4,COM,Z,123417.0
PSO_Z4-COM,PSO,Z4,COM,Z,121415.0
PSO_Z4-COM,PSO,Z4,COM,Z,123817.0
PSO_Z4-COM,PSO,Z4,COM,Z,123517.0
PSO_Z4-COM,PSO,Z4,COM,Z,121915.0
PSO_Z4-COM,PSO,Z4,COM,Z,122516.0
PSO_Z4-COM,PSO,Z4,COM,Z,124017.0
PSO_Z4-COM,PSO,Z4,COM,Z,122616.0
PSO_Z4-COM,PSO,Z4,COM,Z,123014.0
PSO_Z4-COM,PSO,Z4,COM,Z,122218.0
PSO_Z4-COM,PSO,Z4,COM,Z,122715.0
PSO_Z4-COM,PSO,Z4,COM,Z,123516.0
PSO_Z4-COM,PSO,Z4,COM,Z,122419.0
PSO_Z4-COM,PSO,Z4,COM,Z,122817.0
PSO_Z4-COM,PSO,Z4,COM,Z,121814.0
PSO_Z4-COM,PSO,Z4,COM,Z,123417.0
PSO_Z4-COM,PSO,Z4,COM,Z,122619.0
PSO_Z4-COM,PSO,Z4,COM,Z,121518.0
PSO_Z1-ELIT,PSO,Z1,ELIT,Z,123518.0
PSO_Z1-ELIT,PSO,Z1,ELIT,Z,122818.0
PSO_Z1-ELIT,PSO,Z1,ELIT,Z,123718.0
PSO_Z1-ELIT,PSO,Z1,ELIT,Z,124113.0
PSO_Z1-ELIT,PSO,Z1,ELIT,Z,123018.0
PSO_Z1-ELIT,PSO,Z1,ELIT,Z,123613.0
PSO_Z1-ELIT,PSO,Z1,ELIT,Z,123215.0
PSO_Z1-ELIT,PSO,Z1,ELIT,Z,122816.0
PSO_Z1-ELIT,PSO,Z1,ELIT,Z,122917.0
PSO_Z1-ELIT,PSO,Z1,ELIT,Z,122917.0
PSO_Z1-ELIT,PSO,Z1,ELIT,Z,122316.0
PSO_Z1-ELIT,PSO,Z1,ELIT,Z,122715.0
PSO_Z1-ELIT,PSO,Z1,ELIT,Z,122118.0
PSO_Z1-ELIT,PSO,Z1,ELIT,Z,123016.0
PSO_Z1-ELIT,PSO,Z1,ELIT,Z,124114.0
PSO_Z1-ELIT,PSO,Z1,ELIT,Z,122318.0
PSO_Z1-ELIT,PSO,Z1,ELIT,Z,121016.0
PSO_Z1-ELIT,PSO,Z1,ELIT,Z,123315.0
PSO_Z1-ELIT,PSO,Z1,ELIT,Z,123316.0
PSO_Z1-ELIT,PSO,Z1,ELIT,Z,122319.0
PSO_Z1-ELIT,PSO,Z1,ELIT,Z,123513.0
PSO_Z1-ELIT,PSO,Z1,ELIT,Z,122915.0
PSO_Z1-ELIT,PSO,Z1,ELIT,Z,123218.0
PSO_Z1-ELIT,PSO,Z1,ELIT,Z,122214.0
PSO_Z1-ELIT,PSO,Z1,ELIT,Z,121617.0
PSO_Z1-ELIT,PSO,Z1,ELIT,Z,123017.0
PSO_Z1-ELIT,PSO,Z1,ELIT,Z,122616.0
PSO_Z1-ELIT,PSO,Z1,ELIT,Z,123015.0
PSO_Z1-ELIT,PSO,Z1,ELIT,Z,122914.0
PSO_Z1-ELIT,PSO,Z1,ELIT,Z,123617.0
PSO_Z1-ELIT,PSO,Z1,ELIT,Z,123117.0
PSO_Z2-ELIT,PSO,Z2,ELIT,Z,122818.0
PSO_Z2-ELIT,PSO,Z2,ELIT,Z,123019.0
PSO_Z2-ELIT,PSO,Z2,ELIT,Z,121719.0
PSO_Z2-ELIT,PSO,Z2,ELIT,Z,122816.0
PSO_Z2-ELIT,PSO,Z2,ELIT,Z,122719.0
PSO_Z2-ELIT,PSO,Z2,ELIT,Z,122519.0
PSO_Z2-ELIT,PSO,Z2,ELIT,Z,121814.0
PSO_Z2-ELIT,PSO,Z2,ELIT,Z,121815.0
PSO_Z2-ELIT,PSO,Z2,ELIT,Z,121317.0
PSO_Z2-ELIT,PSO,Z2,ELIT,Z,124817.0
PSO_Z2-ELIT,PSO,Z2,ELIT,Z,122414.0
PSO_Z2-ELIT,PSO,Z2,ELIT,Z,123316.0
PSO_Z2-ELIT,PSO,Z2,ELIT,Z,122214.0
PSO_Z2-ELIT,PSO,Z2,ELIT,Z,122617.0
PSO_Z2-ELIT,PSO,Z2,ELIT,Z,123519.0
PSO_Z2-ELIT,PSO,Z2,ELIT,Z,122818.0
PSO_Z2-ELIT,PSO,Z2,ELIT,Z,123718.0
PSO_Z2-ELIT,PSO,Z2,ELIT,Z,121719.0
PSO_Z2-ELIT,PSO,Z2,ELIT,Z,121518.0
PSO_Z2-ELIT,PSO,Z2,ELIT,Z,122516.0
PSO_Z2-ELIT,PSO,Z2,ELIT,Z,122216.0
PSO_Z2-ELIT,PSO,Z2,ELIT,Z,123416.0
PSO_Z2-ELIT,PSO,Z2,ELIT,Z,124515.0
PSO_Z2-ELIT,PSO,Z2,ELIT,Z,121719.0
PSO_Z2-ELIT,PSO,Z2,ELIT,Z,123118.0
PSO_Z2-ELIT,PSO,Z2,ELIT,Z,123916.0
PSO_Z2-ELIT,PSO,Z2,ELIT,Z,121617.0
PSO_Z2-ELIT,PSO,Z2,ELIT,Z,124016.0
PSO_Z2-ELIT,PSO,Z2,ELIT,Z,123315.0
PSO_Z2-ELIT,PSO,Z2,ELIT,Z,122618.0
PSO_Z2-ELIT,PSO,Z2,ELIT,Z,122316.0
PSO_Z3-ELIT,PSO,Z3,ELIT,Z,122718.0
PSO_Z3-ELIT,PSO,Z3,ELIT,Z,121815.0
PSO_Z3-ELIT,PSO,Z3,ELIT,Z,122417.0
PSO_Z3-ELIT,PSO,Z3,ELIT,Z,122012.0
PSO_Z3-ELIT,PSO,Z3,ELIT,Z,122515.0
PSO_Z3-ELIT,PSO,Z3,ELIT,Z,123017.0
PSO_Z3-ELIT,PSO,Z3,ELIT,Z,123514.0
PSO_Z3-ELIT,PSO,Z3,ELIT,Z,123413.0
PSO_Z3-ELIT,PSO,Z3,ELIT,Z,123418.0
PSO_Z3-ELIT,PSO,Z3,ELIT,Z,121417.0
PSO_Z3-ELIT,PSO,Z3,ELIT,Z,124213.0
PSO_Z3-ELIT,PSO,Z3,ELIT,Z,122719.0
PSO_Z3-ELIT,PSO,Z3,ELIT,Z,123019.0
PSO_Z3-ELIT,PSO,Z3,ELIT,Z,122818.0
PSO_Z3-ELIT,PSO,Z3,ELIT,Z,121519.0
PSO_Z3-ELIT,PSO,Z3,ELIT,Z,123518.0
PSO_Z3-ELIT,PSO,Z3,ELIT,Z,122218.0
PSO_Z3-ELIT,PSO,Z3,ELIT,Z,123212.0
PSO_Z3-ELIT,PSO,Z3,ELIT,Z,122214.0
PSO_Z3-ELIT,PSO,Z3,ELIT,Z,122019.0
PSO_Z3-ELIT,PSO,Z3,ELIT,Z,122213.0
PSO_Z3-ELIT,PSO,Z3,ELIT,Z,122717.0
PSO_Z3-ELIT,PSO,Z3,ELIT,Z,122516.0
PSO_Z3-ELIT,PSO,Z3,ELIT,Z,122516.0
PSO_Z3-ELIT,PSO,Z3,ELIT,Z,122717.0
PSO_Z3-ELIT,PSO,Z3,ELIT,Z,122516.0
PSO_Z3-ELIT,PSO,Z3,ELIT,Z,122615.0
PSO_Z3-ELIT,PSO,Z3,ELIT,Z,123215.0
PSO_Z3-ELIT,PSO,Z3,ELIT,Z,122213.0
PSO_Z3-ELIT,PSO,Z3,ELIT,Z,123613.0
PSO_Z3-ELIT,PSO,Z3,ELIT,Z,121518.0
PSO_Z4-ELIT,PSO,Z4,ELIT,Z,122117.0
PSO_Z4-ELIT,PSO,Z4,ELIT,Z,122615.0
PSO_Z4-ELIT,PSO,Z4,ELIT,Z,123016.0
PSO_Z4-ELIT,PSO,Z4,ELIT,Z,122014.0
PSO_Z4-ELIT,PSO,Z4,ELIT,Z,122817.0
PSO_Z4-ELIT,PSO,Z4,ELIT,Z,122115.0
PSO_Z4-ELIT,PSO,Z4,ELIT,Z,122817.0
PSO_Z4-ELIT,PSO,Z4,ELIT,Z,122414.0
PSO_Z4-ELIT,PSO,Z4,ELIT,Z,123615.0
PSO_Z4-ELIT,PSO,Z4,ELIT,Z,122815.0
PSO_Z4-ELIT,PSO,Z4,ELIT,Z,122917.0
PSO_Z4-ELIT,PSO,Z4,ELIT,Z,122219.0
PSO_Z4-ELIT,PSO,Z4,ELIT,Z,123014.0
PSO_Z4-ELIT,PSO,Z4,ELIT,Z,123717.0
PSO_Z4-ELIT,PSO,Z4,ELIT,Z,122915.0
PSO_Z4-ELIT,PSO,Z4,ELIT,Z,122318.0
PSO_Z4-ELIT,PSO,Z4,ELIT,Z,122019.0
PSO_Z4-ELIT,PSO,Z4,ELIT,Z,124615.0
PSO_Z4-ELIT,PSO,Z4,ELIT,Z,123719.0
PSO_Z4-ELIT,PSO,Z4,ELIT,Z,121219.0
PSO_Z4-ELIT,PSO,Z4,ELIT,Z,123515.0
PSO_Z4-ELIT,PSO,Z4,ELIT,Z,122117.0
PSO_Z4-ELIT,PSO,Z4,ELIT,Z,123318.0
PSO_Z4-ELIT,PSO,Z4,ELIT,Z,121716.0
PSO_Z4-ELIT,PSO,Z4,ELIT,Z,122919.0
PSO_Z4-ELIT,PSO,Z4,ELIT,Z,122616.0
PSO_Z4-ELIT,PSO,Z4,ELIT,Z,122516.0
PSO_Z4-ELIT,PSO,Z4,ELIT,Z,123319.0
PSO_Z4-ELIT,PSO,Z4,ELIT,Z,122117.0
PSO_Z4-ELIT,PSO,Z4,ELIT,Z,122717.0
PSO_Z4-ELIT,PSO,Z4,ELIT,Z,122413.0
GWO_S1-STD,GWO,S1,STD,S,141617.0
GWO_S1-STD,GWO,S1,STD,S,141013.0
GWO_S1-STD,GWO,S1,STD,S,141509.0
GWO_S1-STD,GWO,S1,STD,S,141212.0
GWO_S1-STD,GWO,S1,STD,S,141017.0
GWO_S1-STD,GWO,S1,STD,S,141210.0
GWO_S1-STD,GWO,S1,STD,S,141017.0
GWO_S1-STD,GWO,S1,STD,S,141818.0
GWO_S1-STD,GWO,S1,STD,S,141118.0
GWO_S1-STD,GWO,S1,STD,S,141413.0
GWO_S1-STD,GWO,S1,STD,S,141408.0
GWO_S1-STD,GWO,S1,STD,S,141012.0
GWO_S1-STD,GWO,S1,STD,S,141406.0
GWO_S1-STD,GWO,S1,STD,S,141516.0
GWO_S1-STD,GWO,S1,STD,S,141507.0
GWO_S1-STD,GWO,S1,STD,S,141518.0
GWO_S1-STD,GWO,S1,STD,S,141105.0
GWO_S1-STD,GWO,S1,STD,S,141105.0
GWO_S1-STD,GWO,S1,STD,S,141113.0
GWO_S1-STD,GWO,S1,STD,S,140913.0
GWO_S1-STD,GWO,S1,STD,S,141319.0
GWO_S1-STD,GWO,S1,STD,S,141212.0
GWO_S1-STD,GWO,S1,STD,S,140915.0
GWO_S1-STD,GWO,S1,STD,S,141014.0
GWO_S1-STD,GWO,S1,STD,S,141619.0
GWO_S1-STD,GWO,S1,STD,S,141118.0
GWO_S1-STD,GWO,S1,STD,S,141311.0
GWO_S1-STD,GWO,S1,STD,S,141017.0
GWO_S1-STD,GWO,S1,STD,S,141811.0
GWO_S1-STD,GWO,S1,STD,S,141817.0
GWO_S1-STD,GWO,S1,STD,S,141013.0
GWO_S2-STD,GWO,S2,STD,S,133013.0
GWO_S2-STD,GWO,S2,STD,S,133016.0
GWO_S2-STD,GWO,S2,STD,S,133213.0
GWO_S2-STD,GWO,S2,STD,S,133112.0
GWO_S2-STD,GWO,S2,STD,S,133219.0
GWO_S2-STD,GWO,S2,STD,S,133117.0
GWO_S2-STD,GWO,S2,STD,S,132916.0
GWO_S2-STD,GWO,S2,STD,S,132818.0
GWO_S2-STD,GWO,S2,STD,S,133518.0
GWO_S2-STD,GWO,S2,STD,S,133016.0
GWO_S2-STD,GWO,S2,STD,S,133218.0
GWO_S2-STD,GWO,S2,STD,S,134415.0
GWO_S2-STD,GWO,S2,STD,S,133117.0
GWO_S2-STD,GWO,S2,STD,S,133317.0
GWO_S2-STD,GWO,S2,STD,S,133319.0
GWO_S2-STD,GWO,S2,STD,S,133018.0
GWO_S2-STD,GWO,S2,STD,S,133216.0
GWO_S2-STD,GWO,S2,STD,S,133014.0
GWO_S2-STD,GWO,S2,STD,S,132616.0
GWO_S2-STD,GWO,S2,STD,S,132719.0
GWO_S2-STD,GWO,S2,STD,S,133018.0
GWO_S2-STD,GWO,S2,STD,S,133110.0
GWO_S2-STD,GWO,S2,STD,S,133317.0
GWO_S2-STD,GWO,S2,STD,S,132516.0
GWO_S2-STD,GWO,S2,STD,S,133018.0
GWO_S2-STD,GWO,S2,STD,S,132910.0
GWO_S2-STD,GWO,S2,STD,S,133316.0
GWO_S2-STD,GWO,S2,STD,S,132813.0
GWO_S2-STD,GWO,S2,STD,S,133217.0
GWO_S2-STD,GWO,S2,STD,S,132815.0
GWO_S2-STD,GWO,S2,STD,S,133114.0
GWO_S3-STD,GWO,S3,STD,S,128219.0
GWO_S3-STD,GWO,S3,STD,S,128616.0
GWO_S3-STD,GWO,S3,STD,S,129317.0
GWO_S3-STD,GWO,S3,STD,S,128016.0
GWO_S3-STD,GWO,S3,STD,S,128618.0
GWO_S3-STD,GWO,S3,STD,S,128217.0
GWO_S3-STD,GWO,S3,STD,S,128317.0
GWO_S3-STD,GWO,S3,STD,S,128516.0
GWO_S3-STD,GWO,S3,STD,S,128715.0
GWO_S3-STD,GWO,S3,STD,S,129219.0
GWO_S3-STD,GWO,S3,STD,S,129218.0
GWO_S3-STD,GWO,S3,STD,S,128312.0
GWO_S3-STD,GWO,S3,STD,S,128315.0
GWO_S3-STD,GWO,S3,STD,S,128413.0
GWO_S3-STD,GWO,S3,STD,S,128417.0
GWO_S3-STD,GWO,S3,STD,S,128517.0
GWO_S3-STD,GWO,S3,STD,S,128417.0
GWO_S3-STD,GWO,S3,STD,S,129011.0
GWO_S3-STD,GWO,S3,STD,S,129019.0
GWO_S3-STD,GWO,S3,STD,S,129119.0
GWO_S3-STD,GWO,S3,STD,S,128915.0
GWO_S3-STD,GWO,S3,STD,S,129014.0
GWO_S3-STD,GWO,S3,STD,S,128716.0
GWO_S3-STD,GWO,S3,STD,S,128616.0
GWO_S3-STD,GWO,S3,STD,S,128316.0
GWO_S3-STD,GWO,S3,STD,S,128312.0
GWO_S3-STD,GWO,S3,STD,S,128414.0
GWO_S3-STD,GWO,S3,STD,S,128314.0
GWO_S3-STD,GWO,S3,STD,S,128514.0
GWO_S3-STD,GWO,S3,STD,S,128614.0
GWO_S3-STD,GWO,S3,STD,S,128516.0
GWO_S4-STD,GWO,S4,STD,S,127119.0
GWO_S4-STD,GWO,S4,STD,S,127713.0
GWO_S4-STD,GWO,S4,STD,S,127019.0
GWO_S4-STD,GWO,S4,STD,S,126919.0
GWO_S4-STD,GWO,S4,STD,S,127719.0
GWO_S4-STD,GWO,S4,STD,S,127218.0
GWO_S4-STD,GWO,S4,STD,S,127016.0
GWO_S4-STD,GWO,S4,STD,S,126816.0
GWO_S4-STD,GWO,S4,STD,S,127618.0
GWO_S4-STD,GWO,S4,STD,S,126914.0
GWO_S4-STD,GWO,S4,STD,S,126917.0
GWO_S4-STD,GWO,S4,STD,S,126615.0
GWO_S4-STD,GWO,S4,STD,S,127417.0
GWO_S4-STD,GWO,S4,STD,S,127313.0
GWO_S4-STD,GWO,S4,STD,S,127017.0
GWO_S4-STD,GWO,S4,STD,S,127412.0
GWO_S4-STD,GWO,S4,STD,S,127819.0
GWO_S4-STD,GWO,S4,STD,S,126916.0
GWO_S4-STD,GWO,S4,STD,S,127215.0
GWO_S4-STD,GWO,S4,STD,S,127318.0
GWO_S4-STD,GWO,S4,STD,S,127614.0
GWO_S4-STD,GWO,S4,STD,S,126715.0
GWO_S4-STD,GWO,S4,STD,S,126814.0
GWO_S4-STD,GWO,S4,STD,S,126619.0
GWO_S4-STD,GWO,S4,STD,S,126812.0
GWO_S4-STD,GWO,S4,STD,S,127217.0
GWO_S4-STD,GWO,S4,STD,S,126719.0
GWO_S4-STD,GWO,S4,STD,S,127519.0
GWO_S4-STD,GWO,S4,STD,S,127115.0
GWO_S4-STD,GWO,S4,STD,S,127518.0
GWO_S4-STD,GWO,S4,STD,S,127418.0
GWO_S1-COM,GWO,S1,COM,S,123014.0
GWO_S1-COM,GWO,S1,COM,S,122217.0
GWO_S1-COM,GWO,S1,COM,S,123619.0
GWO_S1-COM,GWO,S1,COM,S,122516.0
GWO_S1-COM,GWO,S1,COM,S,122219.0
GWO_S1-COM,GWO,S1,COM,S,122616.0
GWO_S1-COM,GWO,S1,COM,S,122816.0
GWO_S1-COM,GWO,S1,COM,S,123315.0
GWO_S1-COM,GWO,S1,COM,S,122816.0
GWO_S1-COM,GWO,S1,COM,S,123514.0
GWO_S1-COM,GWO,S1,COM,S,122814.0
GWO_S1-COM,GWO,S1,COM,S,124215.0
GWO_S1-COM,GWO,S1,COM,S,122813.0
GWO_S1-COM,GWO,S1,COM,S,122419.0
GWO_S1-COM,GWO,S1,COM,S,122815.0
GWO_S1-COM,GWO,S1,COM,S,123719.0
GWO_S1-COM,GWO,S1,COM,S,121816.0
GWO_S1-COM,GWO,S1,COM,S,122116.0
GWO_S1-COM,GWO,S1,COM,S,123117.0
GWO_S1-COM,GWO,S1,COM,S,122417.0
GWO_S1-COM,GWO,S1,COM,S,122615.0
GWO_S1-COM,GWO,S1,COM,S,123218.0
GWO_S1-COM,GWO,S1,COM,S,122619.0
GWO_S1-COM,GWO,S1,COM,S,121214.0
GWO_S1-COM,GWO,S1,COM,S,122716.0
GWO_S1-COM,GWO,S1,COM,S,122215.0
GWO_S1-COM,GWO,S1,COM,S,121416.0
GWO_S1-COM,GWO,S1,COM,S,123014.0
GWO_S1-COM,GWO,S1,COM,S,121918.0
GWO_S1-COM,GWO,S1,COM,S,123313.0
GWO_S1-COM,GWO,S1,COM,S,122517.0
GWO_S2-COM,GWO,S2,COM,S,123116.0
GWO_S2-COM,GWO,S2,COM,S,121719.0
GWO_S2-COM,GWO,S2,COM,S,122416.0
GWO_S2-COM,GWO,S2,COM,S,121218.0
GWO_S2-COM,GWO,S2,COM,S,122319.0
GWO_S2-COM,GWO,S2,COM,S,122717.0
GWO_S2-COM,GWO,S2,COM,S,123112.0
GWO_S2-COM,GWO,S2,COM,S,123114.0
GWO_S2-COM,GWO,S2,COM,S,122219.0
GWO_S2-COM,GWO,S2,COM,S,123015.0
GWO_S2-COM,GWO,S2,COM,S,124017.0
GWO_S2-COM,GWO,S2,COM,S,122417.0
GWO_S2-COM,GWO,S2,COM,S,122615.0
GWO_S2-COM,GWO,S2,COM,S,123215.0
GWO_S2-COM,GWO,S2,COM,S,122215.0
GWO_S2-COM,GWO,S2,COM,S,122614.0
GWO_S2-COM,GWO,S2,COM,S,122013.0
GWO_S2-COM,GWO,S2,COM,S,122215.0
GWO_S2-COM,GWO,S2,COM,S,122217.0
GWO_S2-COM,GWO,S2,COM,S,123217.0
GWO_S2-COM,GWO,S2,COM,S,122114.0
GWO_S2-COM,GWO,S2,COM,S,121514.0
GWO_S2-COM,GWO,S2,COM,S,122214.0
GWO_S2-COM,GWO,S2,COM,S,123617.0
GWO_S2-COM,GWO,S2,COM,S,122215.0
GWO_S2-COM,GWO,S2,COM,S,122614.0
GWO_S2-COM,GWO,S2,COM,S,122119.0
GWO_S2-COM,GWO,S2,COM,S,121718.0
GWO_S2-COM,GWO,S2,COM,S,123717.0
GWO_S2-COM,GWO,S2,COM,S,121718.0
GWO_S2-COM,GWO,S2,COM,S,122315.0
GWO_S3-COM,GWO,S3,COM,S,123615.0
GWO_S3-COM,GWO,S3,COM,S,123119.0
GWO_S3-COM,GWO,S3,COM,S,123818.0
GWO_S3-COM,GWO,S3,COM,S,122119.0
GWO_S3-COM,GWO,S3,COM,S,123118.0
GWO_S3-COM,GWO,S3,COM,S,122517.0
GWO_S3-COM,GWO,S3,COM,S,123014.0
GWO_S3-COM,GWO,S3,COM,S,124612.0
GWO_S3-COM,GWO,S3,COM,S,122812.0
GWO_S3-COM,GWO,S3,COM,S,122118.0
GWO_S3-COM,GWO,S3,COM,S,122816.0
GWO_S3-COM,GWO,S3,COM,S,123018.0
GWO_S3-COM,GWO,S3,COM,S,122319.0
GWO_S3-COM,GWO,S3,COM,S,122419.0
GWO_S3-COM,GWO,S3,COM,S,122717.0
GWO_S3-COM,GWO,S3,COM,S,122617.0
GWO_S3-COM,GWO,S3,COM,S,122118.0
GWO_S3-COM,GWO,S3,COM,S,122018.0
GWO_S3-COM,GWO,S3,COM,S,124119.0
GWO_S3-COM,GWO,S3,COM,S,121917.0
GWO_S3-COM,GWO,S3,COM,S,122915.0
GWO_S3-COM,GWO,S3,COM,S,122616.0
GWO_S3-COM,GWO,S3,COM,S,121618.0
GWO_S3-COM,GWO,S3,COM,S,122416.0
GWO_S3-COM,GWO,S3,COM,S,121118.0
GWO_S3-COM,GWO,S3,COM,S,122918.0
GWO_S3-COM,GWO,S3,COM,S,121319.0
GWO_S3-COM,GWO,S3,COM,S,122618.0
GWO_S3-COM,GWO,S3,COM,S,123216.0
GWO_S3-COM,GWO,S3,COM,S,123515.0
GWO_S3-COM,GWO,S3,COM,S,121818.0
GWO_S4-COM,GWO,S4,COM,S,121617.0
GWO_S4-COM,GWO,S4,COM,S,123014.0
GWO_S4-COM,GWO,S4,COM,S,122214.0
GWO_S4-COM,GWO,S4,COM,S,121317.0
GWO_S4-COM,GWO,S4,COM,S,122016.0
GWO_S4-COM,GWO,S4,COM,S,122116.0
GWO_S4-COM,GWO,S4,COM,S,122419.0
GWO_S4-COM,GWO,S4,COM,S,122217.0
GWO_S4-COM,GWO,S4,COM,S,123411.0
GWO_S4-COM,GWO,S4,COM,S,122316.0
GWO_S4-COM,GWO,S4,COM,S,122619.0
GWO_S4-COM,GWO,S4,COM,S,121615.0
GWO_S4-COM,GWO,S4,COM,S,122517.0
GWO_S4-COM,GWO,S4,COM,S,123319.0
GWO_S4-COM,GWO,S4,COM,S,122317.0
GWO_S4-COM,GWO,S4,COM,S,122813.0
GWO_S4-COM,GWO,S4,COM,S,122413.0
GWO_S4-COM,GWO,S4,COM,S,122414.0
GWO_S4-COM,GWO,S4,COM,S,122816.0
GWO_S4-COM,GWO,S4,COM,S,122119.0
GWO_S4-COM,GWO,S4,COM,S,123313.0
GWO_S4-COM,GWO,S4,COM,S,122215.0
GWO_S4-COM,GWO,S4,COM,S,122019.0
GWO_S4-COM,GWO,S4,COM,S,121815.0
GWO_S4-COM,GWO,S4,COM,S,123516.0
GWO_S4-COM,GWO,S4,COM,S,123215.0
GWO_S4-COM,GWO,S4,COM,S,122819.0
GWO_S4-COM,GWO,S4,COM,S,124619.0
GWO_S4-COM,GWO,S4,COM,S,121814.0
GWO_S4-COM,GWO,S4,COM,S,123313.0
GWO_S4-COM,GWO,S4,COM,S,121117.0
GWO_S1-ELIT,GWO,S1,ELIT,S,122615.0
GWO_S1-ELIT,GWO,S1,ELIT,S,122914.0
GWO_S1-ELIT,GWO,S1,ELIT,S,122418.0
GWO_S1-ELIT,GWO,S1,ELIT,S,122018.0
GWO_S1-ELIT,GWO,S1,ELIT,S,123519.0
GWO_S1-ELIT,GWO,S1,ELIT,S,122515.0
GWO_S1-ELIT,GWO,S1,ELIT,S,122717.0
GWO_S1-ELIT,GWO,S1,ELIT,S,122416.0
GWO_S1-ELIT,GWO,S1,ELIT,S,122719.0
GWO_S1-ELIT,GWO,S1,ELIT,S,122415.0
GWO_S1-ELIT,GWO,S1,ELIT,S,123219.0
GWO_S1-ELIT,GWO,S1,ELIT,S,122218.0
GWO_S1-ELIT,GWO,S1,ELIT,S,122517.0
GWO_S1-ELIT,GWO,S1,ELIT,S,123712.0
GWO_S1-ELIT,GWO,S1,ELIT,S,121417.0
GWO_S1-ELIT,GWO,S1,ELIT,S,123614.0
GWO_S1-ELIT,GWO,S1,ELIT,S,123015.0
GWO_S1-ELIT,GWO,S1,ELIT,S,122919.0
GWO_S1-ELIT,GWO,S1,ELIT,S,121918.0
GWO_S1-ELIT,GWO,S1,ELIT,S,123218.0
GWO_S1-ELIT,GWO,S1,ELIT,S,122515.0
GWO_S1-ELIT,GWO,S1,ELIT,S,122919.0
GWO_S1-ELIT,GWO,S1,ELIT,S,122416.0
GWO_S1-ELIT,GWO,S1,ELIT,S,121819.0
GWO_S1-ELIT,GWO,S1,ELIT,S,122314.0
GWO_S1-ELIT,GWO,S1,ELIT,S,122819.0
GWO_S1-ELIT,GWO,S1,ELIT,S,121117.0
GWO_S1-ELIT,GWO,S1,ELIT,S,123018.0
GWO_S1-ELIT,GWO,S1,ELIT,S,122715.0
GWO_S1-ELIT,GWO,S1,ELIT,S,121817.0
GWO_S1-ELIT,GWO,S1,ELIT,S,122219.0
GWO_S2-ELIT,GWO,S2,ELIT,S,123013.0
GWO_S2-ELIT,GWO,S2,ELIT,S,123117.0
GWO_S2-ELIT,GWO,S2,ELIT,S,121918.0
GWO_S2-ELIT,GWO,S2,ELIT,S,121216.0
GWO_S2-ELIT,GWO,S2,ELIT,S,122814.0
GWO_S2-ELIT,GWO,S2,ELIT,S,123218.0
GWO_S2-ELIT,GWO,S2,ELIT,S,123215.0
GWO_S2-ELIT,GWO,S2,ELIT,S,122315.0
GWO_S2-ELIT,GWO,S2,ELIT,S,122917.0
GWO_S2-ELIT,GWO,S2,ELIT,S,122416.0
GWO_S2-ELIT,GWO,S2,ELIT,S,123115.0
GWO_S2-ELIT,GWO,S2,ELIT,S,123816.0
GWO_S2-ELIT,GWO,S2,ELIT,S,121619.0
GWO_S2-ELIT,GWO,S2,ELIT,S,123318.0
GWO_S2-ELIT,GWO,S2,ELIT,S,124515.0
GWO_S2-ELIT,GWO,S2,ELIT,S,123016.0
GWO_S2-ELIT,GWO,S2,ELIT,S,122918.0
GWO_S2-ELIT,GWO,S2,ELIT,S,123814.0
GWO_S2-ELIT,GWO,S2,ELIT,S,122619.0
GWO_S2-ELIT,GWO,S2,ELIT,S,121719.0
GWO_S2-ELIT,GWO,S2,ELIT,S,122819.0
GWO_S2-ELIT,GWO,S2,ELIT,S,122318.0
GWO_S2-ELIT,GWO,S2,ELIT,S,122715.0
GWO_S2-ELIT,GWO,S2,ELIT,S,122516.0
GWO_S2-ELIT,GWO,S2,ELIT,S,122217.0
GWO_S2-ELIT,GWO,S2,ELIT,S,124811.0
GWO_S2-ELIT,GWO,S2,ELIT,S,122615.0
GWO_S2-ELIT,GWO,S2,ELIT,S,121617.0
GWO_S2-ELIT,GWO,S2,ELIT,S,123819.0
GWO_S2-ELIT,GWO,S2,ELIT,S,122519.0
GWO_S2-ELIT,GWO,S2,ELIT,S,121319.0
GWO_S3-ELIT,GWO,S3,ELIT,S,120919.0
GWO_S3-ELIT,GWO,S3,ELIT,S,121319.0
GWO_S3-ELIT,GWO,S3,ELIT,S,121018.0
GWO_S3-ELIT,GWO,S3,ELIT,S,122018.0
GWO_S3-ELIT,GWO,S3,ELIT,S,123217.0
GWO_S3-ELIT,GWO,S3,ELIT,S,121616.0
GWO_S3-ELIT,GWO,S3,ELIT,S,123014.0
GWO_S3-ELIT,GWO,S3,ELIT,S,122313.0
GWO_S3-ELIT,GWO,S3,ELIT,S,121617.0
GWO_S3-ELIT,GWO,S3,ELIT,S,122315.0
GWO_S3-ELIT,GWO,S3,ELIT,S,122717.0
GWO_S3-ELIT,GWO,S3,ELIT,S,122718.0
GWO_S3-ELIT,GWO,S3,ELIT,S,123814.0
GWO_S3-ELIT,GWO,S3,ELIT,S,122819.0
GWO_S3-ELIT,GWO,S3,ELIT,S,123015.0
GWO_S3-ELIT,GWO,S3,ELIT,S,122412.0
GWO_S3-ELIT,GWO,S3,ELIT,S,121919.0
GWO_S3-ELIT,GWO,S3,ELIT,S,122819.0
GWO_S3-ELIT,GWO,S3,ELIT,S,122916.0
GWO_S3-ELIT,GWO,S3,ELIT,S,123416.0
GWO_S3-ELIT,GWO,S3,ELIT,S,122718.0
GWO_S3-ELIT,GWO,S3,ELIT,S,122517.0
GWO_S3-ELIT,GWO,S3,ELIT,S,122013.0
GWO_S3-ELIT,GWO,S3,ELIT,S,122916.0
GWO_S3-ELIT,GWO,S3,ELIT,S,122316.0
GWO_S3-ELIT,GWO,S3,ELIT,S,122018.0
GWO_S3-ELIT,GWO,S3,ELIT,S,123815.0
GWO_S3-ELIT,GWO,S3,ELIT,S,122913.0
GWO_S3-ELIT,GWO,S3,ELIT,S,122314.0
GWO_S3-ELIT,GWO,S3,ELIT,S,122816.0
GWO_S3-ELIT,GWO,S3,ELIT,S,122415.0
GWO_S4-ELIT,GWO,S4,ELIT,S,123015.0
GWO_S4-ELIT,GWO,S4,ELIT,S,123417.0
GWO_S4-ELIT,GWO,S4,ELIT,S,121616.0
GWO_S4-ELIT,GWO,S4,ELIT,S,122717.0
GWO_S4-ELIT,GWO,S4,ELIT,S,121918.0
GWO_S4-ELIT,GWO,S4,ELIT,S,123316.0
GWO_S4-ELIT,GWO,S4,ELIT,S,122116.0
GWO_S4-ELIT,GWO,S4,ELIT,S,122414.0
GWO_S4-ELIT,GWO,S4,ELIT,S,122816.0
GWO_S4-ELIT,GWO,S4,ELIT,S,122519.0
GWO_S4-ELIT,GWO,S4,ELIT,S,123116.0
GWO_S4-ELIT,GWO,S4,ELIT,S,122818.0
GWO_S4-ELIT,GWO,S4,ELIT,S,122018.0
GWO_S4-ELIT,GWO,S4,ELIT,S,122518.0
GWO_S4-ELIT,GWO,S4,ELIT,S,124116.0
GWO_S4-ELIT,GWO,S4,ELIT,S,123018.0
GWO_S4-ELIT,GWO,S4,ELIT,S,122216.0
GWO_S4-ELIT,GWO,S4,ELIT,S,123815.0
GWO_S4-ELIT,GWO,S4,ELIT,S,121716.0
GWO_S4-ELIT,GWO,S4,ELIT,S,122118.0
GWO_S4-ELIT,GWO,S4,ELIT,S,122519.0
GWO_S4-ELIT,GWO,S4,ELIT,S,122519.0
GWO_S4-ELIT,GWO,S4,ELIT,S,122315.0
GWO_S4-ELIT,GWO,S4,ELIT,S,122315.0
GWO_S4-ELIT,GWO,S4,ELIT,S,122515.0
GWO_S4-ELIT,GWO,S4,ELIT,S,123814.0
GWO_S4-ELIT,GWO,S4,ELIT,S,122316.0
GWO_S4-ELIT,GWO,S4,ELIT,S,121518.0
GWO_S4-ELIT,GWO,S4,ELIT,S,122118.0
GWO_S4-ELIT,GWO,S4,ELIT,S,122919.0
GWO_S4-ELIT,GWO,S4,ELIT,S,122215.0
GWO_V1-STD,GWO,V1,STD,V,122818.0
GWO_V1-STD,GWO,V1,STD,V,122115.0
GWO_V1-STD,GWO,V1,STD,V,123119.0
GWO_V1-STD,GWO,V1,STD,V,123517.0
GWO_V1-STD,GWO,V1,STD,V,123515.0
GWO_V1-STD,GWO,V1,STD,V,121717.0
GWO_V1-STD,GWO,V1,STD,V,121816.0
GWO_V1-STD,GWO,V1,STD,V,121212.0
GWO_V1-STD,GWO,V1,STD,V,123217.0
GWO_V1-STD,GWO,V1,STD,V,122516.0
GWO_V1-STD,GWO,V1,STD,V,122619.0
GWO_V1-STD,GWO,V1,STD,V,122516.0
GWO_V1-STD,GWO,V1,STD,V,123213.0
GWO_V1-STD,GWO,V1,STD,V,121115.0
GWO_V1-STD,GWO,V1,STD,V,123417.0
GWO_V1-STD,GWO,V1,STD,V,122618.0
GWO_V1-STD,GWO,V1,STD,V,121716.0
GWO_V1-STD,GWO,V1,STD,V,122114.0
GWO_V1-STD,GWO,V1,STD,V,123319.0
GWO_V1-STD,GWO,V1,STD,V,122719.0
GWO_V1-STD,GWO,V1,STD,V,122915.0
GWO_V1-STD,GWO,V1,STD,V,123919.0
GWO_V1-STD,GWO,V1,STD,V,121718.0
GWO_V1-STD,GWO,V1,STD,V,122717.0
GWO_V1-STD,GWO,V1,STD,V,125012.0
GWO_V1-STD,GWO,V1,STD,V,124117.0
GWO_V1-STD,GWO,V1,STD,V,122316.0
GWO_V1-STD,GWO,V1,STD,V,123217.0
GWO_V1-STD,GWO,V1,STD,V,123511.0
GWO_V1-STD,GWO,V1,STD,V,123313.0
GWO_V1-STD,GWO,V1,STD,V,123316.0
GWO_V2-STD,GWO,V2,STD,V,122219.0
GWO_V2-STD,GWO,V2,STD,V,122219.0
GWO_V2-STD,GWO,V2,STD,V,122216.0
GWO_V2-STD,GWO,V2,STD,V,122517.0
GWO_V2-STD,GWO,V2,STD,V,123112.0
GWO_V2-STD,GWO,V2,STD,V,121816.0
GWO_V2-STD,GWO,V2,STD,V,122419.0
GWO_V2-STD,GWO,V2,STD,V,122713.0
GWO_V2-STD,GWO,V2,STD,V,122515.0
GWO_V2-STD,GWO,V2,STD,V,122918.0
GWO_V2-STD,GWO,V2,STD,V,122815.0
GWO_V2-STD,GWO,V2,STD,V,124013.0
GWO_V2-STD,GWO,V2,STD,V,123211.0
GWO_V2-STD,GWO,V2,STD,V,121918.0
GWO_V2-STD,GWO,V2,STD,V,123015.0
GWO_V2-STD,GWO,V2,STD,V,122319.0
GWO_V2-STD,GWO,V2,STD,V,121715.0
GWO_V2-STD,GWO,V2,STD,V,124018.0
GWO_V2-STD,GWO,V2,STD,V,121214.0
GWO_V2-STD,GWO,V2,STD,V,124415.0
GWO_V2-STD,GWO,V2,STD,V,123416.0
GWO_V2-STD,GWO,V2,STD,V,123914.0
GWO_V2-STD,GWO,V2,STD,V,123015.0
GWO_V2-STD,GWO,V2,STD,V,122019.0
GWO_V2-STD,GWO,V2,STD,V,123317.0
GWO_V2-STD,GWO,V2,STD,V,121818.0
GWO_V2-STD,GWO,V2,STD,V,122318.0
GWO_V2-STD,GWO,V2,STD,V,122917.0
GWO_V2-STD,GWO,V2,STD,V,122315.0
GWO_V2-STD,GWO,V2,STD,V,122019.0
GWO_V2-STD,GWO,V2,STD,V,123116.0
GWO_V3-STD,GWO,V3,STD,V,122817.0
GWO_V3-STD,GWO,V3,STD,V,122417.0
GWO_V3-STD,GWO,V3,STD,V,123815.0
GWO_V3-STD,GWO,V3,STD,V,122515.0
GWO_V3-STD,GWO,V3,STD,V,121018.0
GWO_V3-STD,GWO,V3,STD,V,123413.0
GWO_V3-STD,GWO,V3,STD,V,122113.0
GWO_V3-STD,GWO,V3,STD,V,122414.0
GWO_V3-STD,GWO,V3,STD,V,122717.0
GWO_V3-STD,GWO,V3,STD,V,123816.0
GWO_V3-STD,GWO,V3,STD,V,122519.0
GWO_V3-STD,GWO,V3,STD,V,123617.0
GWO_V3-STD,GWO,V3,STD,V,122913.0
GWO_V3-STD,GWO,V3,STD,V,122415.0
GWO_V3-STD,GWO,V3,STD,V,123216.0
GWO_V3-STD,GWO,V3,STD,V,122717.0
GWO_V3-STD,GWO,V3,STD,V,122319.0
GWO_V3-STD,GWO,V3,STD,V,122614.0
GWO_V3-STD,GWO,V3,STD,V,124415.0
GWO_V3-STD,GWO,V3,STD,V,123017.0
GWO_V3-STD,GWO,V3,STD,V,122615.0
GWO_V3-STD,GWO,V3,STD,V,122914.0
GWO_V3-STD,GWO,V3,STD,V,122512.0
GWO_V3-STD,GWO,V3,STD,V,122715.0
GWO_V3-STD,GWO,V3,STD,V,121818.0
GWO_V3-STD,GWO,V3,STD,V,122015.0
GWO_V3-STD,GWO,V3,STD,V,122919.0
GWO_V3-STD,GWO,V3,STD,V,122315.0
GWO_V3-STD,GWO,V3,STD,V,122014.0
GWO_V3-STD,GWO,V3,STD,V,121614.0
GWO_V3-STD,GWO,V3,STD,V,122218.0
GWO_V4-STD,GWO,V4,STD,V,121816.0
GWO_V4-STD,GWO,V4,STD,V,122712.0
GWO_V4-STD,GWO,V4,STD,V,122413.0
GWO_V4-STD,GWO,V4,STD,V,122312.0
GWO_V4-STD,GWO,V4,STD,V,122417.0
GWO_V4-STD,GWO,V4,STD,V,123012.0
GWO_V4-STD,GWO,V4,STD,V,123113.0
GWO_V4-STD,GWO,V4,STD,V,122913.0
GWO_V4-STD,GWO,V4,STD,V,122015.0
GWO_V4-STD,GWO,V4,STD,V,122715.0
GWO_V4-STD,GWO,V4,STD,V,122913.0
GWO_V4-STD,GWO,V4,STD,V,123515.0
GWO_V4-STD,GWO,V4,STD,V,122714.0
GWO_V4-STD,GWO,V4,STD,V,122016.0
GWO_V4-STD,GWO,V4,STD,V,122614.0
GWO_V4-STD,GWO,V4,STD,V,123015.0
GWO_V4-STD,GWO,V4,STD,V,123016.0
GWO_V4-STD,GWO,V4,STD,V,123618.0
GWO_V4-STD,GWO,V4,STD,V,123017.0
GWO_V4-STD,GWO,V4,STD,V,122218.0
GWO_V4-STD,GWO,V4,STD,V,122915.0
GWO_V4-STD,GWO,V4,STD,V,122515.0
GWO_V4-STD,GWO,V4,STD,V,122115.0
GWO_V4-STD,GWO,V4,STD,V,122416.0
GWO_V4-STD,GWO,V4,STD,V,121816.0
GWO_V4-STD,GWO,V4,STD,V,122419.0
GWO_V4-STD,GWO,V4,STD,V,122018.0
GWO_V4-STD,GWO,V4,STD,V,123315.0
GWO_V4-STD,GWO,V4,STD,V,122916.0
GWO_V4-STD,GWO,V4,STD,V,123015.0
GWO_V4-STD,GWO,V4,STD,V,123019.0
GWO_V1-COM,GWO,V1,COM,V,123619.0
GWO_V1-COM,GWO,V1,COM,V,122815.0
GWO_V1-COM,GWO,V1,COM,V,122515.0
GWO_V1-COM,GWO,V1,COM,V,123315.0
GWO_V1-COM,GWO,V1,COM,V,123015.0
GWO_V1-COM,GWO,V1,COM,V,122115.0
GWO_V1-COM,GWO,V1,COM,V,122017.0
GWO_V1-COM,GWO,V1,COM,V,122015.0
GWO_V1-COM,GWO,V1,COM,V,123018.0
GWO_V1-COM,GWO,V1,COM,V,123614.0
GWO_V1-COM,GWO,V1,COM,V,122117.0
GWO_V1-COM,GWO,V1,COM,V,122219.0
GWO_V1-COM,GWO,V1,COM,V,123716.0
GWO_V1-COM,GWO,V1,COM,V,122514.0
GWO_V1-COM,GWO,V1,COM,V,122116.0
GWO_V1-COM,GWO,V1,COM,V,123213.0
GWO_V1-COM,GWO,V1,COM,V,122415.0
GWO_V1-COM,GWO,V1,COM,V,123215.0
GWO_V1-COM,GWO,V1,COM,V,122114.0
GWO_V1-COM,GWO,V1,COM,V,122419.0
GWO_V1-COM,GWO,V1,COM,V,121917.0
GWO_V1-COM,GWO,V1,COM,V,122215.0
GWO_V1-COM,GWO,V1,COM,V,121618.0
GWO_V1-COM,GWO,V1,COM,V,121719.0
GWO_V1-COM,GWO,V1,COM,V,123018.0
GWO_V1-COM,GWO,V1,COM,V,123216.0
GWO_V1-COM,GWO,V1,COM,V,122017.0
GWO_V1-COM,GWO,V1,COM,V,122613.0
GWO_V1-COM,GWO,V1,COM,V,122115.0
GWO_V1-COM,GWO,V1,COM,V,122516.0
GWO_V1-COM,GWO,V1,COM,V,124716.0
GWO_V2-COM,GWO,V2,COM,V,122619.0
GWO_V2-COM,GWO,V2,COM,V,123515.0
GWO_V2-COM,GWO,V2,COM,V,123215.0
GWO_V2-COM,GWO,V2,COM,V,123014.0
GWO_V2-COM,GWO,V2,COM,V,122817.0
GWO_V2-COM,GWO,V2,COM,V,123413.0
GWO_V2-COM,GWO,V2,COM,V,121915.0
GWO_V2-COM,GWO,V2,COM,V,123415.0
GWO_V2-COM,GWO,V2,COM,V,123217.0
GWO_V2-COM,GWO,V2,COM,V,122316.0
GWO_V2-COM,GWO,V2,COM,V,123719.0
GWO_V2-COM,GWO,V2,COM,V,122413.0
GWO_V2-COM,GWO,V2,COM,V,122115.0
GWO_V2-COM,GWO,V2,COM,V,121717.0
GWO_V2-COM,GWO,V2,COM,V,121617.0
GWO_V2-COM,GWO,V2,COM,V,122617.0
GWO_V2-COM,GWO,V2,COM,V,122517.0
GWO_V2-COM,GWO,V2,COM,V,123615.0
GWO_V2-COM,GWO,V2,COM,V,122313.0
GWO_V2-COM,GWO,V2,COM,V,122318.0
GWO_V2-COM,GWO,V2,COM,V,122614.0
GWO_V2-COM,GWO,V2,COM,V,123615.0
GWO_V2-COM,GWO,V2,COM,V,123615.0
GWO_V2-COM,GWO,V2,COM,V,123118.0
GWO_V2-COM,GWO,V2,COM,V,123718.0
GWO_V2-COM,GWO,V2,COM,V,123616.0
GWO_V2-COM,GWO,V2,COM,V,122312.0
GWO_V2-COM,GWO,V2,COM,V,121913.0
GWO_V2-COM,GWO,V2,COM,V,122919.0
GWO_V2-COM,GWO,V2,COM,V,122316.0
GWO_V2-COM,GWO,V2,COM,V,122217.0
GWO_V3-COM,GWO,V3,COM,V,121819.0
GWO_V3-COM,GWO,V3,COM,V,123215.0
GWO_V3-COM,GWO,V3,COM,V,122317.0
GWO_V3-COM,GWO,V3,COM,V,123616.0
GWO_V3-COM,GWO,V3,COM,V,121619.0
GWO_V3-COM,GWO,V3,COM,V,121819.0
GWO_V3-COM,GWO,V3,COM,V,123014.0
GWO_V3-COM,GWO,V3,COM,V,123117.0
GWO_V3-COM,GWO,V3,COM,V,122115.0
GWO_V3-COM,GWO,V3,COM,V,121619.0
GWO_V3-COM,GWO,V3,COM,V,122319.0
GWO_V3-COM,GWO,V3,COM,V,122619.0
GWO_V3-COM,GWO,V3,COM,V,122619.0
GWO_V3-COM,GWO,V3,COM,V,122918.0
GWO_V3-COM,GWO,V3,COM,V,122519.0
GWO_V3-COM,GWO,V3,COM,V,121919.0
GWO_V3-COM,GWO,V3,COM,V,123019.0
GWO_V3-COM,GWO,V3,COM,V,122811.0
GWO_V3-COM,GWO,V3,COM,V,122416.0
GWO_V3-COM,GWO,V3,COM,V,123018.0
GWO_V3-COM,GWO,V3,COM,V,121913.0
GWO_V3-COM,GWO,V3,COM,V,122818.0
GWO_V3-COM,GWO,V3,COM,V,123319.0
GWO_V3-COM,GWO,V3,COM,V,123419.0
GWO_V3-COM,GWO,V3,COM,V,123712.0
GWO_V3-COM,GWO,V3,COM,V,121514.0
GWO_V3-COM,GWO,V3,COM,V,122517.0
GWO_V3-COM,GWO,V3,COM,V,123018.0
GWO_V3-COM,GWO,V3,COM,V,121716.0
GWO_V3-COM,GWO,V3,COM,V,122312.0
GWO_V3-COM,GWO,V3,COM,V,123916.0
GWO_V4-COM,GWO,V4,COM,V,124417.0
GWO_V4-COM,GWO,V4,COM,V,122212.0
GWO_V4-COM,GWO,V4,COM,V,120918.0
GWO_V4-COM,GWO,V4,COM,V,123515.0
GWO_V4-COM,GWO,V4,COM,V,123616.0
GWO_V4-COM,GWO,V4,COM,V,122514.0
GWO_V4-COM,GWO,V4,COM,V,123119.0
GWO_V4-COM,GWO,V4,COM,V,123115.0
GWO_V4-COM,GWO,V4,COM,V,122019.0
GWO_V4-COM,GWO,V4,COM,V,122515.0
GWO_V4-COM,GWO,V4,COM,V,123116.0
GWO_V4-COM,GWO,V4,COM,V,122717.0
GWO_V4-COM,GWO,V4,COM,V,121917.0
GWO_V4-COM,GWO,V4,COM,V,123118.0
GWO_V4-COM,GWO,V4,COM,V,122716.0
GWO_V4-COM,GWO,V4,COM,V,122319.0
GWO_V4-COM,GWO,V4,COM,V,122218.0
GWO_V4-COM,GWO,V4,COM,V,122717.0
GWO_V4-COM,GWO,V4,COM,V,122117.0
GWO_V4-COM,GWO,V4,COM,V,122018.0
GWO_V4-COM,GWO,V4,COM,V,122219.0
GWO_V4-COM,GWO,V4,COM,V,122816.0
GWO_V4-COM,GWO,V4,COM,V,122513.0
GWO_V4-COM,GWO,V4,COM,V,122118.0
GWO_V4-COM,GWO,V4,COM,V,122014.0
GWO_V4-COM,GWO,V4,COM,V,123119.0
GWO_V4-COM,GWO,V4,COM,V,123513.0
GWO_V4-COM,GWO,V4,COM,V,123017.0
GWO_V4-COM,GWO,V4,COM,V,122219.0
GWO_V4-COM,GWO,V4,COM,V,123117.0
GWO_V4-COM,GWO,V4,COM,V,122619.0
GWO_V1-ELIT,GWO,V1,ELIT,V,122119.0
GWO_V1-ELIT,GWO,V1,ELIT,V,122712.0
GWO_V1-ELIT,GWO,V1,ELIT,V,122816.0
GWO_V1-ELIT,GWO,V1,ELIT,V,122413.0
GWO_V1-ELIT,GWO,V1,ELIT,V,122714.0
GWO_V1-ELIT,GWO,V1,ELIT,V,122217.0
GWO_V1-ELIT,GWO,V1,ELIT,V,122916.0
GWO_V1-ELIT,GWO,V1,ELIT,V,122613.0
GWO_V1-ELIT,GWO,V1,ELIT,V,121614.0
GWO_V1-ELIT,GWO,V1,ELIT,V,122418.0
GWO_V1-ELIT,GWO,V1,ELIT,V,122016.0
GWO_V1-ELIT,GWO,V1,ELIT,V,123517.0
GWO_V1-ELIT,GWO,V1,ELIT,V,123313.0
GWO_V1-ELIT,GWO,V1,ELIT,V,123718.0
GWO_V1-ELIT,GWO,V1,ELIT,V,123517.0
GWO_V1-ELIT,GWO,V1,ELIT,V,121918.0
GWO_V1-ELIT,GWO,V1,ELIT,V,122116.0
GWO_V1-ELIT,GWO,V1,ELIT,V,121819.0
GWO_V1-ELIT,GWO,V1,ELIT,V,122715.0
GWO_V1-ELIT,GWO,V1,ELIT,V,122518.0
GWO_V1-ELIT,GWO,V1,ELIT,V,122614.0
GWO_V1-ELIT,GWO,V1,ELIT,V,123215.0
GWO_V1-ELIT,GWO,V1,ELIT,V,121716.0
GWO_V1-ELIT,GWO,V1,ELIT,V,122615.0
GWO_V1-ELIT,GWO,V1,ELIT,V,122717.0
GWO_V1-ELIT,GWO,V1,ELIT,V,122118.0
GWO_V1-ELIT,GWO,V1,ELIT,V,123317.0
GWO_V1-ELIT,GWO,V1,ELIT,V,122413.0
GWO_V1-ELIT,GWO,V1,ELIT,V,122514.0
GWO_V1-ELIT,GWO,V1,ELIT,V,122615.0
GWO_V1-ELIT,GWO,V1,ELIT,V,122215.0
GWO_V2-ELIT,GWO,V2,ELIT,V,122615.0
GWO_V2-ELIT,GWO,V2,ELIT,V,122714.0
GWO_V2-ELIT,GWO,V2,ELIT,V,122216.0
GWO_V2-ELIT,GWO,V2,ELIT,V,122816.0
GWO_V2-ELIT,GWO,V2,ELIT,V,121913.0
GWO_V2-ELIT,GWO,V2,ELIT,V,123919.0
GWO_V2-ELIT,GWO,V2,ELIT,V,121618.0
GWO_V2-ELIT,GWO,V2,ELIT,V,122419.0
GWO_V2-ELIT,GWO,V2,ELIT,V,122616.0
GWO_V2-ELIT,GWO,V2,ELIT,V,122218.0
GWO_V2-ELIT,GWO,V2,ELIT,V,121918.0
GWO_V2-ELIT,GWO,V2,ELIT,V,123014.0
GWO_V2-ELIT,GWO,V2,ELIT,V,122418.0
GWO_V2-ELIT,GWO,V2,ELIT,V,121515.0
GWO_V2-ELIT,GWO,V2,ELIT,V,122513.0
GWO_V2-ELIT,GWO,V2,ELIT,V,122718.0
GWO_V2-ELIT,GWO,V2,ELIT,V,122316.0
GWO_V2-ELIT,GWO,V2,ELIT,V,123116.0
GWO_V2-ELIT,GWO,V2,ELIT,V,121715.0
GWO_V2-ELIT,GWO,V2,ELIT,V,122914.0
GWO_V2-ELIT,GWO,V2,ELIT,V,122015.0
GWO_V2-ELIT,GWO,V2,ELIT,V,123518.0
GWO_V2-ELIT,GWO,V2,ELIT,V,122717.0
GWO_V2-ELIT,GWO,V2,ELIT,V,122114.0
GWO_V2-ELIT,GWO,V2,ELIT,V,123016.0
GWO_V2-ELIT,GWO,V2,ELIT,V,122017.0
GWO_V2-ELIT,GWO,V2,ELIT,V,123315.0
GWO_V2-ELIT,GWO,V2,ELIT,V,123118.0
GWO_V2-ELIT,GWO,V2,ELIT,V,122813.0
GWO_V2-ELIT,GWO,V2,ELIT,V,122614.0
GWO_V2-ELIT,GWO,V2,ELIT,V,123318.0
GWO_V3-ELIT,GWO,V3,ELIT,V,122212.0
GWO_V3-ELIT,GWO,V3,ELIT,V,122314.0
GWO_V3-ELIT,GWO,V3,ELIT,V,121314.0
GWO_V3-ELIT,GWO,V3,ELIT,V,121716.0
GWO_V3-ELIT,GWO,V3,ELIT,V,121718.0
GWO_V3-ELIT,GWO,V3,ELIT,V,123619.0
GWO_V3-ELIT,GWO,V3,ELIT,V,122613.0
GWO_V3-ELIT,GWO,V3,ELIT,V,122517.0
GWO_V3-ELIT,GWO,V3,ELIT,V,123017.0
GWO_V3-ELIT,GWO,V3,ELIT,V,122419.0
GWO_V3-ELIT,GWO,V3,ELIT,V,123015.0
GWO_V3-ELIT,GWO,V3,ELIT,V,122216.0
GWO_V3-ELIT,GWO,V3,ELIT,V,122819.0
GWO_V3-ELIT,GWO,V3,ELIT,V,122019.0
GWO_V3-ELIT,GWO,V3,ELIT,V,122217.0
GWO_V3-ELIT,GWO,V3,ELIT,V,122119.0
GWO_V3-ELIT,GWO,V3,ELIT,V,122517.0
GWO_V3-ELIT,GWO,V3,ELIT,V,122316.0
GWO_V3-ELIT,GWO,V3,ELIT,V,121719.0
GWO_V3-ELIT,GWO,V3,ELIT,V,123017.0
GWO_V3-ELIT,GWO,V3,ELIT,V,123014.0
GWO_V3-ELIT,GWO,V3,ELIT,V,122617.0
GWO_V3-ELIT,GWO,V3,ELIT,V,123115.0
GWO_V3-ELIT,GWO,V3,ELIT,V,122517.0
GWO_V3-ELIT,GWO,V3,ELIT,V,122515.0
GWO_V3-ELIT,GWO,V3,ELIT,V,122719.0
GWO_V3-ELIT,GWO,V3,ELIT,V,123816.0
GWO_V3-ELIT,GWO,V3,ELIT,V,123416.0
GWO_V3-ELIT,GWO,V3,ELIT,V,122814.0
GWO_V3-ELIT,GWO,V3,ELIT,V,123214.0
GWO_V3-ELIT,GWO,V3,ELIT,V,122815.0
GWO_V4-ELIT,GWO,V4,ELIT,V,123715.0
GWO_V4-ELIT,GWO,V4,ELIT,V,122818.0
GWO_V4-ELIT,GWO,V4,ELIT,V,122215.0
GWO_V4-ELIT,GWO,V4,ELIT,V,121919.0
GWO_V4-ELIT,GWO,V4,ELIT,V,122414.0
GWO_V4-ELIT,GWO,V4,ELIT,V,123613.0
GWO_V4-ELIT,GWO,V4,ELIT,V,122517.0
GWO_V4-ELIT,GWO,V4,ELIT,V,122515.0
GWO_V4-ELIT,GWO,V4,ELIT,V,122816.0
GWO_V4-ELIT,GWO,V4,ELIT,V,122813.0
GWO_V4-ELIT,GWO,V4,ELIT,V,122813.0
GWO_V4-ELIT,GWO,V4,ELIT,V,122816.0
GWO_V4-ELIT,GWO,V4,ELIT,V,121914.0
GWO_V4-ELIT,GWO,V4,ELIT,V,122717.0
GWO_V4-ELIT,GWO,V4,ELIT,V,121817.0
GWO_V4-ELIT,GWO,V4,ELIT,V,122717.0
GWO_V4-ELIT,GWO,V4,ELIT,V,122616.0
GWO_V4-ELIT,GWO,V4,ELIT,V,122616.0
GWO_V4-ELIT,GWO,V4,ELIT,V,122417.0
GWO_V4-ELIT,GWO,V4,ELIT,V,123619.0
GWO_V4-ELIT,GWO,V4,ELIT,V,122416.0
GWO_V4-ELIT,GWO,V4,ELIT,V,122219.0
GWO_V4-ELIT,GWO,V4,ELIT,V,121514.0
GWO_V4-ELIT,GWO,V4,ELIT,V,122318.0
GWO_V4-ELIT,GWO,V4,ELIT,V,123316.0
GWO_V4-ELIT,GWO,V4,ELIT,V,121916.0
GWO_V4-ELIT,GWO,V4,ELIT,V,122118.0
GWO_V4-ELIT,GWO,V4,ELIT,V,122813.0
GWO_V4-ELIT,GWO,V4,ELIT,V,121816.0
GWO_V4-ELIT,GWO,V4,ELIT,V,121416.0
GWO_V4-ELIT,GWO,V4,ELIT,V,124517.0
GWO_X1-STD,GWO,X1,STD,X,122019.0
GWO_X1-STD,GWO,X1,STD,X,121819.0
GWO_X1-STD,GWO,X1,STD,X,121016.0
GWO_X1-STD,GWO,X1,STD,X,123014.0
GWO_X1-STD,GWO,X1,STD,X,122117.0
GWO_X1-STD,GWO,X1,STD,X,123516.0
GWO_X1-STD,GWO,X1,STD,X,122717.0
GWO_X1-STD,GWO,X1,STD,X,122418.0
GWO_X1-STD,GWO,X1,STD,X,122813.0
GWO_X1-STD,GWO,X1,STD,X,122416.0
GWO_X1-STD,GWO,X1,STD,X,122615.0
GWO_X1-STD,GWO,X1,STD,X,123119.0
GWO_X1-STD,GWO,X1,STD,X,122613.0
GWO_X1-STD,GWO,X1,STD,X,122816.0
GWO_X1-STD,GWO,X1,STD,X,122616.0
GWO_X1-STD,GWO,X1,STD,X,122516.0
GWO_X1-STD,GWO,X1,STD,X,122614.0
GWO_X1-STD,GWO,X1,STD,X,122316.0
GWO_X1-STD,GWO,X1,STD,X,124215.0
GWO_X1-STD,GWO,X1,STD,X,122716.0
GWO_X1-STD,GWO,X1,STD,X,123917.0
GWO_X1-STD,GWO,X1,STD,X,122914.0
GWO_X1-STD,GWO,X1,STD,X,122816.0
GWO_X1-STD,GWO,X1,STD,X,122014.0
GWO_X1-STD,GWO,X1,STD,X,121417.0
GWO_X1-STD,GWO,X1,STD,X,124819.0
GWO_X1-STD,GWO,X1,STD,X,123719.0
GWO_X1-STD,GWO,X1,STD,X,123713.0
GWO_X1-STD,GWO,X1,STD,X,123018.0
GWO_X1-STD,GWO,X1,STD,X,122715.0
GWO_X1-STD,GWO,X1,STD,X,123018.0
GWO_X2-STD,GWO,X2,STD,X,122217.0
GWO_X2-STD,GWO,X2,STD,X,122618.0
GWO_X2-STD,GWO,X2,STD,X,121513.0
GWO_X2-STD,GWO,X2,STD,X,122415.0
GWO_X2-STD,GWO,X2,STD,X,122313.0
GWO_X2-STD,GWO,X2,STD,X,122218.0
GWO_X2-STD,GWO,X2,STD,X,124414.0
GWO_X2-STD,GWO,X2,STD,X,123217.0
GWO_X2-STD,GWO,X2,STD,X,123019.0
GWO_X2-STD,GWO,X2,STD,X,124517.0
GWO_X2-STD,GWO,X2,STD,X,121319.0
GWO_X2-STD,GWO,X2,STD,X,121712.0
GWO_X2-STD,GWO,X2,STD,X,122514.0
GWO_X2-STD,GWO,X2,STD,X,122117.0
GWO_X2-STD,GWO,X2,STD,X,122918.0
GWO_X2-STD,GWO,X2,STD,X,122415.0
GWO_X2-STD,GWO,X2,STD,X,122915.0
GWO_X2-STD,GWO,X2,STD,X,121715.0
GWO_X2-STD,GWO,X2,STD,X,123819.0
GWO_X2-STD,GWO,X2,STD,X,122514.0
GWO_X2-STD,GWO,X2,STD,X,123319.0
GWO_X2-STD,GWO,X2,STD,X,122514.0
GWO_X2-STD,GWO,X2,STD,X,123115.0
GWO_X2-STD,GWO,X2,STD,X,121917.0
GWO_X2-STD,GWO,X2,STD,X,122313.0
GWO_X2-STD,GWO,X2,STD,X,123218.0
GWO_X2-STD,GWO,X2,STD,X,122116.0
GWO_X2-STD,GWO,X2,STD,X,122119.0
GWO_X2-STD,GWO,X2,STD,X,122315.0
GWO_X2-STD,GWO,X2,STD,X,122519.0
GWO_X2-STD,GWO,X2,STD,X,123218.0
GWO_X3-STD,GWO,X3,STD,X,121917.0
GWO_X3-STD,GWO,X3,STD,X,121915.0
GWO_X3-STD,GWO,X3,STD,X,123217.0
GWO_X3-STD,GWO,X3,STD,X,121815.0
GWO_X3-STD,GWO,X3,STD,X,123118.0
GWO_X3-STD,GWO,X3,STD,X,124415.0
GWO_X3-STD,GWO,X3,STD,X,122915.0
GWO_X3-STD,GWO,X3,STD,X,123317.0
GWO_X3-STD,GWO,X3,STD,X,121919.0
GWO_X3-STD,GWO,X3,STD,X,122914.0
GWO_X3-STD,GWO,X3,STD,X,122318.0
GWO_X3-STD,GWO,X3,STD,X,122616.0
GWO_X3-STD,GWO,X3,STD,X,122414.0
GWO_X3-STD,GWO,X3,STD,X,122019.0
GWO_X3-STD,GWO,X3,STD,X,122219.0
GWO_X3-STD,GWO,X3,STD,X,122316.0
GWO_X3-STD,GWO,X3,STD,X,122612.0
GWO_X3-STD,GWO,X3,STD,X,123112.0
GWO_X3-STD,GWO,X3,STD,X,121712.0
GWO_X3-STD,GWO,X3,STD,X,123613.0
GWO_X3-STD,GWO,X3,STD,X,122513.0
GWO_X3-STD,GWO,X3,STD,X,123718.0
GWO_X3-STD,GWO,X3,STD,X,122518.0
GWO_X3-STD,GWO,X3,STD,X,122517.0
GWO_X3-STD,GWO,X3,STD,X,121914.0
GWO_X3-STD,GWO,X3,STD,X,123019.0
GWO_X3-STD,GWO,X3,STD,X,123219.0
GWO_X3-STD,GWO,X3,STD,X,123318.0
GWO_X3-STD,GWO,X3,STD,X,122618.0
GWO_X3-STD,GWO,X3,STD,X,121517.0
GWO_X3-STD,GWO,X3,STD,X,122715.0
GWO_X4-STD,GWO,X4,STD,X,122619.0
GWO_X4-STD,GWO,X4,STD,X,122016.0
GWO_X4-STD,GWO,X4,STD,X,122119.0
GWO_X4-STD,GWO,X4,STD,X,122119.0
GWO_X4-STD,GWO,X4,STD,X,123118.0
GWO_X4-STD,GWO,X4,STD,X,123618.0
GWO_X4-STD,GWO,X4,STD,X,122416.0
GWO_X4-STD,GWO,X4,STD,X,122818.0
GWO_X4-STD,GWO,X4,STD,X,122117.0
GWO_X4-STD,GWO,X4,STD,X,122919.0
GWO_X4-STD,GWO,X4,STD,X,123517.0
GWO_X4-STD,GWO,X4,STD,X,123319.0
GWO_X4-STD,GWO,X4,STD,X,123513.0
GWO_X4-STD,GWO,X4,STD,X,123217.0
GWO_X4-STD,GWO,X4,STD,X,122415.0
GWO_X4-STD,GWO,X4,STD,X,122116.0
GWO_X4-STD,GWO,X4,STD,X,123017.0
GWO_X4-STD,GWO,X4,STD,X,122315.0
GWO_X4-STD,GWO,X4,STD,X,123618.0
GWO_X4-STD,GWO,X4,STD,X,122414.0
GWO_X4-STD,GWO,X4,STD,X,122818.0
GWO_X4-STD,GWO,X4,STD,X,122913.0
GWO_X4-STD,GWO,X4,STD,X,122719.0
GWO_X4-STD,GWO,X4,STD,X,122819.0
GWO_X4-STD,GWO,X4,STD,X,122019.0
GWO_X4-STD,GWO,X4,STD,X,123818.0
GWO_X4-STD,GWO,X4,STD,X,122317.0
GWO_X4-STD,GWO,X4,STD,X,123515.0
GWO_X4-STD,GWO,X4,STD,X,124013.0
GWO_X4-STD,GWO,X4,STD,X,123115.0
GWO_X4-STD,GWO,X4,STD,X,122817.0
GWO_X1-COM,GWO,X1,COM,X,123117.0
GWO_X1-COM,GWO,X1,COM,X,122817.0
GWO_X1-COM,GWO,X1,COM,X,121216.0
GWO_X1-COM,GWO,X1,COM,X,122219.0
GWO_X1-COM,GWO,X1,COM,X,122819.0
GWO_X1-COM,GWO,X1,COM,X,121915.0
GWO_X1-COM,GWO,X1,COM,X,122019.0
GWO_X1-COM,GWO,X1,COM,X,122214.0
GWO_X1-COM,GWO,X1,COM,X,123218.0
GWO_X1-COM,GWO,X1,COM,X,121815.0
GWO_X1-COM,GWO,X1,COM,X,122014.0
GWO_X1-COM,GWO,X1,COM,X,121818.0
GWO_X1-COM,GWO,X1,COM,X,121818.0
GWO_X1-COM,GWO,X1,COM,X,123215.0
GWO_X1-COM,GWO,X1,COM,X,122913.0
GWO_X1-COM,GWO,X1,COM,X,122018.0
GWO_X1-COM,GWO,X1,COM,X,123119.0
GWO_X1-COM,GWO,X1,COM,X,122213.0
GWO_X1-COM,GWO,X1,COM,X,122315.0
GWO_X1-COM,GWO,X1,COM,X,122817.0
GWO_X1-COM,GWO,X1,COM,X,121916.0
GWO_X1-COM,GWO,X1,COM,X,123715.0
GWO_X1-COM,GWO,X1,COM,X,121719.0
GWO_X1-COM,GWO,X1,COM,X,122019.0
GWO_X1-COM,GWO,X1,COM,X,121313.0
GWO_X1-COM,GWO,X1,COM,X,122214.0
GWO_X1-COM,GWO,X1,COM,X,122513.0
GWO_X1-COM,GWO,X1,COM,X,123118.0
GWO_X1-COM,GWO,X1,COM,X,122117.0
GWO_X1-COM,GWO,X1,COM,X,121315.0
GWO_X1-COM,GWO,X1,COM,X,122016.0
GWO_X2-COM,GWO,X2,COM,X,121418.0
GWO_X2-COM,GWO,X2,COM,X,122217.0
GWO_X2-COM,GWO,X2,COM,X,122618.0
GWO_X2-COM,GWO,X2,COM,X,122119.0
GWO_X2-COM,GWO,X2,COM,X,123517.0
GWO_X2-COM,GWO,X2,COM,X,122618.0
GWO_X2-COM,GWO,X2,COM,X,123118.0
GWO_X2-COM,GWO,X2,COM,X,122618.0
GWO_X2-COM,GWO,X2,COM,X,123315.0
GWO_X2-COM,GWO,X2,COM,X,123218.0
GWO_X2-COM,GWO,X2,COM,X,123514.0
GWO_X2-COM,GWO,X2,COM,X,123317.0
GWO_X2-COM,GWO,X2,COM,X,123019.0
GWO_X2-COM,GWO,X2,COM,X,121317.0
GWO_X2-COM,GWO,X2,COM,X,124019.0
GWO_X2-COM,GWO,X2,COM,X,122719.0
GWO_X2-COM,GWO,X2,COM,X,122916.0
GWO_X2-COM,GWO,X2,COM,X,123416.0
GWO_X2-COM,GWO,X2,COM,X,122616.0
GWO_X2-COM,GWO,X2,COM,X,122819.0
GWO_X2-COM,GWO,X2,COM,X,122014.0
GWO_X2-COM,GWO,X2,COM,X,122316.0
GWO_X2-COM,GWO,X2,COM,X,121815.0
GWO_X2-COM,GWO,X2,COM,X,122112.0
GWO_X2-COM,GWO,X2,COM,X,123719.0
GWO_X2-COM,GWO,X2,COM,X,123415.0
GWO_X2-COM,GWO,X2,COM,X,121919.0
GWO_X2-COM,GWO,X2,COM,X,123115.0
GWO_X2-COM,GWO,X2,COM,X,124016.0
GWO_X2-COM,GWO,X2,COM,X,121917.0
GWO_X2-COM,GWO,X2,COM,X,121218.0
GWO_X3-COM,GWO,X3,COM,X,122215.0
GWO_X3-COM,GWO,X3,COM,X,122214.0
GWO_X3-COM,GWO,X3,COM,X,122314.0
GWO_X3-COM,GWO,X3,COM,X,122715.0
GWO_X3-COM,GWO,X3,COM,X,123319.0
GWO_X3-COM,GWO,X3,COM,X,120919.0
GWO_X3-COM,GWO,X3,COM,X,123216.0
GWO_X3-COM,GWO,X3,COM,X,122119.0
GWO_X3-COM,GWO,X3,COM,X,122816.0
GWO_X3-COM,GWO,X3,COM,X,122118.0
GWO_X3-COM,GWO,X3,COM,X,121615.0
GWO_X3-COM,GWO,X3,COM,X,122117.0
GWO_X3-COM,GWO,X3,COM,X,122816.0
GWO_X3-COM,GWO,X3,COM,X,124216.0
GWO_X3-COM,GWO,X3,COM,X,122619.0
GWO_X3-COM,GWO,X3,COM,X,122618.0
GWO_X3-COM,GWO,X3,COM,X,122716.0
GWO_X3-COM,GWO,X3,COM,X,123218.0
GWO_X3-COM,GWO,X3,COM,X,121419.0
GWO_X3-COM,GWO,X3,COM,X,122615.0
GWO_X3-COM,GWO,X3,COM,X,122019.0
GWO_X3-COM,GWO,X3,COM,X,122715.0
GWO_X3-COM,GWO,X3,COM,X,123318.0
GWO_X3-COM,GWO,X3,COM,X,122217.0
GWO_X3-COM,GWO,X3,COM,X,123219.0
GWO_X3-COM,GWO,X3,COM,X,122115.0
GWO_X3-COM,GWO,X3,COM,X,122915.0
GWO_X3-COM,GWO,X3,COM,X,122917.0
GWO_X3-COM,GWO,X3,COM,X,122418.0
GWO_X3-COM,GWO,X3,COM,X,122815.0
GWO_X3-COM,GWO,X3,COM,X,121819.0
GWO_X4-COM,GWO,X4,COM,X,122913.0
GWO_X4-COM,GWO,X4,COM,X,122812.0
GWO_X4-COM,GWO,X4,COM,X,123416.0
GWO_X4-COM,GWO,X4,COM,X,123519.0
GWO_X4-COM,GWO,X4,COM,X,123119.0
GWO_X4-COM,GWO,X4,COM,X,122414.0
GWO_X4-COM,GWO,X4,COM,X,122715.0
GWO_X4-COM,GWO,X4,COM,X,122614.0
GWO_X4-COM,GWO,X4,COM,X,121516.0
GWO_X4-COM,GWO,X4,COM,X,122318.0
GWO_X4-COM,GWO,X4,COM,X,121817.0
GWO_X4-COM,GWO,X4,COM,X,122213.0
GWO_X4-COM,GWO,X4,COM,X,121913.0
GWO_X4-COM,GWO,X4,COM,X,121515.0
GWO_X4-COM,GWO,X4,COM,X,123516.0
GWO_X4-COM,GWO,X4,COM,X,121815.0
GWO_X4-COM,GWO,X4,COM,X,123014.0
GWO_X4-COM,GWO,X4,COM,X,123212.0
GWO_X4-COM,GWO,X4,COM,X,122715.0
GWO_X4-COM,GWO,X4,COM,X,120617.0
GWO_X4-COM,GWO,X4,COM,X,123218.0
GWO_X4-COM,GWO,X4,COM,X,122319.0
GWO_X4-COM,GWO,X4,COM,X,122314.0
GWO_X4-COM,GWO,X4,COM,X,121617.0
GWO_X4-COM,GWO,X4,COM,X,122319.0
GWO_X4-COM,GWO,X4,COM,X,122916.0
GWO_X4-COM,GWO,X4,COM,X,123519.0
GWO_X4-COM,GWO,X4,COM,X,122018.0
GWO_X4-COM,GWO,X4,COM,X,121818.0
GWO_X4-COM,GWO,X4,COM,X,122319.0
GWO_X4-COM,GWO,X4,COM,X,123316.0
GWO_X1-ELIT,GWO,X1,ELIT,X,123914.0
GWO_X1-ELIT,GWO,X1,ELIT,X,123717.0
GWO_X1-ELIT,GWO,X1,ELIT,X,122713.0
GWO_X1-ELIT,GWO,X1,ELIT,X,122619.0
GWO_X1-ELIT,GWO,X1,ELIT,X,121713.0
GWO_X1-ELIT,GWO,X1,ELIT,X,123416.0
GWO_X1-ELIT,GWO,X1,ELIT,X,123115.0
GWO_X1-ELIT,GWO,X1,ELIT,X,122413.0
GWO_X1-ELIT,GWO,X1,ELIT,X,122414.0
GWO_X1-ELIT,GWO,X1,ELIT,X,122314.0
GWO_X1-ELIT,GWO,X1,ELIT,X,122517.0
GWO_X1-ELIT,GWO,X1,ELIT,X,122519.0
GWO_X1-ELIT,GWO,X1,ELIT,X,122416.0
GWO_X1-ELIT,GWO,X1,ELIT,X,122616.0
GWO_X1-ELIT,GWO,X1,ELIT,X,123515.0
GWO_X1-ELIT,GWO,X1,ELIT,X,122317.0
GWO_X1-ELIT,GWO,X1,ELIT,X,123012.0
GWO_X1-ELIT,GWO,X1,ELIT,X,123312.0
GWO_X1-ELIT,GWO,X1,ELIT,X,122217.0
GWO_X1-ELIT,GWO,X1,ELIT,X,122419.0
GWO_X1-ELIT,GWO,X1,ELIT,X,124016.0
GWO_X1-ELIT,GWO,X1,ELIT,X,122119.0
GWO_X1-ELIT,GWO,X1,ELIT,X,121817.0
GWO_X1-ELIT,GWO,X1,ELIT,X,121616.0
GWO_X1-ELIT,GWO,X1,ELIT,X,123116.0
GWO_X1-ELIT,GWO,X1,ELIT,X,122214.0
GWO_X1-ELIT,GWO,X1,ELIT,X,122913.0
GWO_X1-ELIT,GWO,X1,ELIT,X,123015.0
GWO_X1-ELIT,GWO,X1,ELIT,X,122912.0
GWO_X1-ELIT,GWO,X1,ELIT,X,123714.0
GWO_X1-ELIT,GWO,X1,ELIT,X,122613.0
GWO_X2-ELIT,GWO,X2,ELIT,X,123619.0
GWO_X2-ELIT,GWO,X2,ELIT,X,122515.0
GWO_X2-ELIT,GWO,X2,ELIT,X,123817.0
GWO_X2-ELIT,GWO,X2,ELIT,X,123715.0
GWO_X2-ELIT,GWO,X2,ELIT,X,122315.0
GWO_X2-ELIT,GWO,X2,ELIT,X,122116.0
GWO_X2-ELIT,GWO,X2,ELIT,X,122617.0
GWO_X2-ELIT,GWO,X2,ELIT,X,122816.0
GWO_X2-ELIT,GWO,X2,ELIT,X,122916.0
GWO_X2-ELIT,GWO,X2,ELIT,X,123012.0
GWO_X2-ELIT,GWO,X2,ELIT,X,121319.0
GWO_X2-ELIT,GWO,X2,ELIT,X,124018.0
GWO_X2-ELIT,GWO,X2,ELIT,X,124014.0
GWO_X2-ELIT,GWO,X2,ELIT,X,122314.0
GWO_X2-ELIT,GWO,X2,ELIT,X,122218.0
GWO_X2-ELIT,GWO,X2,ELIT,X,123214.0
GWO_X2-ELIT,GWO,X2,ELIT,X,122418.0
GWO_X2-ELIT,GWO,X2,ELIT,X,122417.0
GWO_X2-ELIT,GWO,X2,ELIT,X,122515.0
GWO_X2-ELIT,GWO,X2,ELIT,X,123012.0
GWO_X2-ELIT,GWO,X2,ELIT,X,122219.0
GWO_X2-ELIT,GWO,X2,ELIT,X,121313.0
GWO_X2-ELIT,GWO,X2,ELIT,X,122917.0
GWO_X2-ELIT,GWO,X2,ELIT,X,122616.0
GWO_X2-ELIT,GWO,X2,ELIT,X,123115.0
GWO_X2-ELIT,GWO,X2,ELIT,X,122716.0
GWO_X2-ELIT,GWO,X2,ELIT,X,123716.0
GWO_X2-ELIT,GWO,X2,ELIT,X,122015.0
GWO_X2-ELIT,GWO,X2,ELIT,X,122713.0
GWO_X2-ELIT,GWO,X2,ELIT,X,122914.0
GWO_X2-ELIT,GWO,X2,ELIT,X,121815.0
GWO_X3-ELIT,GWO,X3,ELIT,X,122414.0
GWO_X3-ELIT,GWO,X3,ELIT,X,122813.0
GWO_X3-ELIT,GWO,X3,ELIT,X,123117.0
GWO_X3-ELIT,GWO,X3,ELIT,X,121618.0
GWO_X3-ELIT,GWO,X3,ELIT,X,123412.0
GWO_X3-ELIT,GWO,X3,ELIT,X,123818.0
GWO_X3-ELIT,GWO,X3,ELIT,X,122717.0
GWO_X3-ELIT,GWO,X3,ELIT,X,123618.0
GWO_X3-ELIT,GWO,X3,ELIT,X,121515.0
GWO_X3-ELIT,GWO,X3,ELIT,X,123719.0
GWO_X3-ELIT,GWO,X3,ELIT,X,122118.0
GWO_X3-ELIT,GWO,X3,ELIT,X,121813.0
GWO_X3-ELIT,GWO,X3,ELIT,X,122618.0
GWO_X3-ELIT,GWO,X3,ELIT,X,122019.0
GWO_X3-ELIT,GWO,X3,ELIT,X,122414.0
GWO_X3-ELIT,GWO,X3,ELIT,X,123016.0
GWO_X3-ELIT,GWO,X3,ELIT,X,123015.0
GWO_X3-ELIT,GWO,X3,ELIT,X,122417.0
GWO_X3-ELIT,GWO,X3,ELIT,X,122617.0
GWO_X3-ELIT,GWO,X3,ELIT,X,122114.0
GWO_X3-ELIT,GWO,X3,ELIT,X,123017.0
GWO_X3-ELIT,GWO,X3,ELIT,X,123313.0
GWO_X3-ELIT,GWO,X3,ELIT,X,123318.0
GWO_X3-ELIT,GWO,X3,ELIT,X,122119.0
GWO_X3-ELIT,GWO,X3,ELIT,X,121317.0
GWO_X3-ELIT,GWO,X3,ELIT,X,121816.0
GWO_X3-ELIT,GWO,X3,ELIT,X,121719.0
GWO_X3-ELIT,GWO,X3,ELIT,X,122617.0
GWO_X3-ELIT,GWO,X3,ELIT,X,122418.0
GWO_X3-ELIT,GWO,X3,ELIT,X,122918.0
GWO_X3-ELIT,GWO,X3,ELIT,X,121917.0
GWO_X4-ELIT,GWO,X4,ELIT,X,123218.0
GWO_X4-ELIT,GWO,X4,ELIT,X,123317.0
GWO_X4-ELIT,GWO,X4,ELIT,X,122416.0
GWO_X4-ELIT,GWO,X4,ELIT,X,124013.0
GWO_X4-ELIT,GWO,X4,ELIT,X,122017.0
GWO_X4-ELIT,GWO,X4,ELIT,X,123117.0
GWO_X4-ELIT,GWO,X4,ELIT,X,122917.0
GWO_X4-ELIT,GWO,X4,ELIT,X,122519.0
GWO_X4-ELIT,GWO,X4,ELIT,X,122918.0
GWO_X4-ELIT,GWO,X4,ELIT,X,122916.0
GWO_X4-ELIT,GWO,X4,ELIT,X,122014.0
GWO_X4-ELIT,GWO,X4,ELIT,X,121919.0
GWO_X4-ELIT,GWO,X4,ELIT,X,122514.0
GWO_X4-ELIT,GWO,X4,ELIT,X,123017.0
GWO_X4-ELIT,GWO,X4,ELIT,X,123518.0
GWO_X4-ELIT,GWO,X4,ELIT,X,122713.0
GWO_X4-ELIT,GWO,X4,ELIT,X,122119.0
GWO_X4-ELIT,GWO,X4,ELIT,X,122814.0
GWO_X4-ELIT,GWO,X4,ELIT,X,123918.0
GWO_X4-ELIT,GWO,X4,ELIT,X,122219.0
GWO_X4-ELIT,GWO,X4,ELIT,X,122514.0
GWO_X4-ELIT,GWO,X4,ELIT,X,121619.0
GWO_X4-ELIT,GWO,X4,ELIT,X,122514.0
GWO_X4-ELIT,GWO,X4,ELIT,X,122713.0
GWO_X4-ELIT,GWO,X4,ELIT,X,122817.0
GWO_X4-ELIT,GWO,X4,ELIT,X,121514.0
GWO_X4-ELIT,GWO,X4,ELIT,X,121713.0
GWO_X4-ELIT,GWO,X4,ELIT,X,122619.0
GWO_X4-ELIT,GWO,X4,ELIT,X,123714.0
GWO_X4-ELIT,GWO,X4,ELIT,X,122715.0
GWO_X4-ELIT,GWO,X4,ELIT,X,123412.0
GWO_Z1-STD,GWO,Z1,STD,Z,123814.0
GWO_Z1-STD,GWO,Z1,STD,Z,122719.0
GWO_Z1-STD,GWO,Z1,STD,Z,122815.0
GWO_Z1-STD,GWO,Z1,STD,Z,122518.0
GWO_Z1-STD,GWO,Z1,STD,Z,122613.0
GWO_Z1-STD,GWO,Z1,STD,Z,124116.0
GWO_Z1-STD,GWO,Z1,STD,Z,121715.0
GWO_Z1-STD,GWO,Z1,STD,Z,123318.0
GWO_Z1-STD,GWO,Z1,STD,Z,122319.0
GWO_Z1-STD,GWO,Z1,STD,Z,121818.0
GWO_Z1-STD,GWO,Z1,STD,Z,121517.0
GWO_Z1-STD,GWO,Z1,STD,Z,122119.0
GWO_Z1-STD,GWO,Z1,STD,Z,122718.0
GWO_Z1-STD,GWO,Z1,STD,Z,123519.0
GWO_Z1-STD,GWO,Z1,STD,Z,122113.0
GWO_Z1-STD,GWO,Z1,STD,Z,123413.0
GWO_Z1-STD,GWO,Z1,STD,Z,122117.0
GWO_Z1-STD,GWO,Z1,STD,Z,124213.0
GWO_Z1-STD,GWO,Z1,STD,Z,122719.0
GWO_Z1-STD,GWO,Z1,STD,Z,123819.0
GWO_Z1-STD,GWO,Z1,STD,Z,123117.0
GWO_Z1-STD,GWO,Z1,STD,Z,123219.0
GWO_Z1-STD,GWO,Z1,STD,Z,121416.0
GWO_Z1-STD,GWO,Z1,STD,Z,122515.0
GWO_Z1-STD,GWO,Z1,STD,Z,122815.0
GWO_Z1-STD,GWO,Z1,STD,Z,122317.0
GWO_Z1-STD,GWO,Z1,STD,Z,123418.0
GWO_Z1-STD,GWO,Z1,STD,Z,123116.0
GWO_Z1-STD,GWO,Z1,STD,Z,124113.0
GWO_Z1-STD,GWO,Z1,STD,Z,122819.0
GWO_Z1-STD,GWO,Z1,STD,Z,122418.0
GWO_Z2-STD,GWO,Z2,STD,Z,122516.0
GWO_Z2-STD,GWO,Z2,STD,Z,123114.0
GWO_Z2-STD,GWO,Z2,STD,Z,123015.0
GWO_Z2-STD,GWO,Z2,STD,Z,121813.0
GWO_Z2-STD,GWO,Z2,STD,Z,122516.0
GWO_Z2-STD,GWO,Z2,STD,Z,122814.0
GWO_Z2-STD,GWO,Z2,STD,Z,123517.0
GWO_Z2-STD,GWO,Z2,STD,Z,123314.0
GWO_Z2-STD,GWO,Z2,STD,Z,122117.0
GWO_Z2-STD,GWO,Z2,STD,Z,122317.0
GWO_Z2-STD,GWO,Z2,STD,Z,122213.0
GWO_Z2-STD,GWO,Z2,STD,Z,123414.0
GWO_Z2-STD,GWO,Z2,STD,Z,124815.0
GWO_Z2-STD,GWO,Z2,STD,Z,122414.0
GWO_Z2-STD,GWO,Z2,STD,Z,122517.0
GWO_Z2-STD,GWO,Z2,STD,Z,123018.0
GWO_Z2-STD,GWO,Z2,STD,Z,123815.0
GWO_Z2-STD,GWO,Z2,STD,Z,123419.0
GWO_Z2-STD,GWO,Z2,STD,Z,124116.0
GWO_Z2-STD,GWO,Z2,STD,Z,123519.0
GWO_Z2-STD,GWO,Z2,STD,Z,122718.0
GWO_Z2-STD,GWO,Z2,STD,Z,122913.0
GWO_Z2-STD,GWO,Z2,STD,Z,121917.0
GWO_Z2-STD,GWO,Z2,STD,Z,121614.0
GWO_Z2-STD,GWO,Z2,STD,Z,123619.0
GWO_Z2-STD,GWO,Z2,STD,Z,122713.0
GWO_Z2-STD,GWO,Z2,STD,Z,121813.0
GWO_Z2-STD,GWO,Z2,STD,Z,121617.0
GWO_Z2-STD,GWO,Z2,STD,Z,122616.0
GWO_Z2-STD,GWO,Z2,STD,Z,122915.0
GWO_Z2-STD,GWO,Z2,STD,Z,122414.0
GWO_Z3-STD,GWO,Z3,STD,Z,121119.0
GWO_Z3-STD,GWO,Z3,STD,Z,121618.0
GWO_Z3-STD,GWO,Z3,STD,Z,123519.0
GWO_Z3-STD,GWO,Z3,STD,Z,122812.0
GWO_Z3-STD,GWO,Z3,STD,Z,121619.0
GWO_Z3-STD,GWO,Z3,STD,Z,122018.0
GWO_Z3-STD,GWO,Z3,STD,Z,122615.0
GWO_Z3-STD,GWO,Z3,STD,Z,120616.0
GWO_Z3-STD,GWO,Z3,STD,Z,122612.0
GWO_Z3-STD,GWO,Z3,STD,Z,123216.0
GWO_Z3-STD,GWO,Z3,STD,Z,122319.0
GWO_Z3-STD,GWO,Z3,STD,Z,121516.0
GWO_Z3-STD,GWO,Z3,STD,Z,122719.0
GWO_Z3-STD,GWO,Z3,STD,Z,122618.0
GWO_Z3-STD,GWO,Z3,STD,Z,123215.0
GWO_Z3-STD,GWO,Z3,STD,Z,121918.0
GWO_Z3-STD,GWO,Z3,STD,Z,124717.0
GWO_Z3-STD,GWO,Z3,STD,Z,122016.0
GWO_Z3-STD,GWO,Z3,STD,Z,123012.0
GWO_Z3-STD,GWO,Z3,STD,Z,122419.0
GWO_Z3-STD,GWO,Z3,STD,Z,121112.0
GWO_Z3-STD,GWO,Z3,STD,Z,123914.0
GWO_Z3-STD,GWO,Z3,STD,Z,123017.0
GWO_Z3-STD,GWO,Z3,STD,Z,123319.0
GWO_Z3-STD,GWO,Z3,STD,Z,122718.0
GWO_Z3-STD,GWO,Z3,STD,Z,122218.0
GWO_Z3-STD,GWO,Z3,STD,Z,122713.0
GWO_Z3-STD,GWO,Z3,STD,Z,121314.0
GWO_Z3-STD,GWO,Z3,STD,Z,120814.0
GWO_Z3-STD,GWO,Z3,STD,Z,123518.0
GWO_Z3-STD,GWO,Z3,STD,Z,121918.0
GWO_Z4-STD,GWO,Z4,STD,Z,122419.0
GWO_Z4-STD,GWO,Z4,STD,Z,122812.0
GWO_Z4-STD,GWO,Z4,STD,Z,121116.0
GWO_Z4-STD,GWO,Z4,STD,Z,122217.0
GWO_Z4-STD,GWO,Z4,STD,Z,123715.0
GWO_Z4-STD,GWO,Z4,STD,Z,122916.0
GWO_Z4-STD,GWO,Z4,STD,Z,121917.0
GWO_Z4-STD,GWO,Z4,STD,Z,122014.0
GWO_Z4-STD,GWO,Z4,STD,Z,121919.0
GWO_Z4-STD,GWO,Z4,STD,Z,122618.0
GWO_Z4-STD,GWO,Z4,STD,Z,122717.0
GWO_Z4-STD,GWO,Z4,STD,Z,121017.0
GWO_Z4-STD,GWO,Z4,STD,Z,122315.0
GWO_Z4-STD,GWO,Z4,STD,Z,122919.0
GWO_Z4-STD,GWO,Z4,STD,Z,123318.0
GWO_Z4-STD,GWO,Z4,STD,Z,123116.0
GWO_Z4-STD,GWO,Z4,STD,Z,122419.0
GWO_Z4-STD,GWO,Z4,STD,Z,122818.0
GWO_Z4-STD,GWO,Z4,STD,Z,122616.0
GWO_Z4-STD,GWO,Z4,STD,Z,123413.0
GWO_Z4-STD,GWO,Z4,STD,Z,121719.0
GWO_Z4-STD,GWO,Z4,STD,Z,122917.0
GWO_Z4-STD,GWO,Z4,STD,Z,123313.0
GWO_Z4-STD,GWO,Z4,STD,Z,124213.0
GWO_Z4-STD,GWO,Z4,STD,Z,123714.0
GWO_Z4-STD,GWO,Z4,STD,Z,121717.0
GWO_Z4-STD,GWO,Z4,STD,Z,122919.0
GWO_Z4-STD,GWO,Z4,STD,Z,122719.0
GWO_Z4-STD,GWO,Z4,STD,Z,122318.0
GWO_Z4-STD,GWO,Z4,STD,Z,121619.0
GWO_Z4-STD,GWO,Z4,STD,Z,121817.0
GWO_Z1-COM,GWO,Z1,COM,Z,123414.0
GWO_Z1-COM,GWO,Z1,COM,Z,123514.0
GWO_Z1-COM,GWO,Z1,COM,Z,123419.0
GWO_Z1-COM,GWO,Z1,COM,Z,122716.0
GWO_Z1-COM,GWO,Z1,COM,Z,122718.0
GWO_Z1-COM,GWO,Z1,COM,Z,123717.0
GWO_Z1-COM,GWO,Z1,COM,Z,121716.0
GWO_Z1-COM,GWO,Z1,COM,Z,122819.0
GWO_Z1-COM,GWO,Z1,COM,Z,122416.0
GWO_Z1-COM,GWO,Z1,COM,Z,123515.0
GWO_Z1-COM,GWO,Z1,COM,Z,124118.0
GWO_Z1-COM,GWO,Z1,COM,Z,123314.0
GWO_Z1-COM,GWO,Z1,COM,Z,123018.0
GWO_Z1-COM,GWO,Z1,COM,Z,122617.0
GWO_Z1-COM,GWO,Z1,COM,Z,121219.0
GWO_Z1-COM,GWO,Z1,COM,Z,121816.0
GWO_Z1-COM,GWO,Z1,COM,Z,122317.0
GWO_Z1-COM,GWO,Z1,COM,Z,123017.0
GWO_Z1-COM,GWO,Z1,COM,Z,122214.0
GWO_Z1-COM,GWO,Z1,COM,Z,122919.0
GWO_Z1-COM,GWO,Z1,COM,Z,122819.0
GWO_Z1-COM,GWO,Z1,COM,Z,123114.0
GWO_Z1-COM,GWO,Z1,COM,Z,122318.0
GWO_Z1-COM,GWO,Z1,COM,Z,122313.0
GWO_Z1-COM,GWO,Z1,COM,Z,122916.0
GWO_Z1-COM,GWO,Z1,COM,Z,122914.0
GWO_Z1-COM,GWO,Z1,COM,Z,123319.0
GWO_Z1-COM,GWO,Z1,COM,Z,122216.0
GWO_Z1-COM,GWO,Z1,COM,Z,123219.0
GWO_Z1-COM,GWO,Z1,COM,Z,123316.0
GWO_Z1-COM,GWO,Z1,COM,Z,122217.0
GWO_Z2-COM,GWO,Z2,COM,Z,122217.0
GWO_Z2-COM,GWO,Z2,COM,Z,123018.0
GWO_Z2-COM,GWO,Z2,COM,Z,123017.0
GWO_Z2-COM,GWO,Z2,COM,Z,123016.0
GWO_Z2-COM,GWO,Z2,COM,Z,121218.0
GWO_Z2-COM,GWO,Z2,COM,Z,123014.0
GWO_Z2-COM,GWO,Z2,COM,Z,123819.0
GWO_Z2-COM,GWO,Z2,COM,Z,121913.0
GWO_Z2-COM,GWO,Z2,COM,Z,123313.0
GWO_Z2-COM,GWO,Z2,COM,Z,123413.0
GWO_Z2-COM,GWO,Z2,COM,Z,122317.0
GWO_Z2-COM,GWO,Z2,COM,Z,122314.0
GWO_Z2-COM,GWO,Z2,COM,Z,122413.0
GWO_Z2-COM,GWO,Z2,COM,Z,123218.0
GWO_Z2-COM,GWO,Z2,COM,Z,122219.0
GWO_Z2-COM,GWO,Z2,COM,Z,122516.0
GWO_Z2-COM,GWO,Z2,COM,Z,121718.0
GWO_Z2-COM,GWO,Z2,COM,Z,123015.0
GWO_Z2-COM,GWO,Z2,COM,Z,122315.0
GWO_Z2-COM,GWO,Z2,COM,Z,121513.0
GWO_Z2-COM,GWO,Z2,COM,Z,123116.0
GWO_Z2-COM,GWO,Z2,COM,Z,122313.0
GWO_Z2-COM,GWO,Z2,COM,Z,122916.0
GWO_Z2-COM,GWO,Z2,COM,Z,122719.0
GWO_Z2-COM,GWO,Z2,COM,Z,123218.0
GWO_Z2-COM,GWO,Z2,COM,Z,122915.0
GWO_Z2-COM,GWO,Z2,COM,Z,122615.0
GWO_Z2-COM,GWO,Z2,COM,Z,121816.0
GWO_Z2-COM,GWO,Z2,COM,Z,123017.0
GWO_Z2-COM,GWO,Z2,COM,Z,122417.0
GWO_Z2-COM,GWO,Z2,COM,Z,122618.0
GWO_Z3-COM,GWO,Z3,COM,Z,122415.0
GWO_Z3-COM,GWO,Z3,COM,Z,122619.0
GWO_Z3-COM,GWO,Z3,COM,Z,122916.0
GWO_Z3-COM,GWO,Z3,COM,Z,122518.0
GWO_Z3-COM,GWO,Z3,COM,Z,122019.0
GWO_Z3-COM,GWO,Z3,COM,Z,123612.0
GWO_Z3-COM,GWO,Z3,COM,Z,121419.0
GWO_Z3-COM,GWO,Z3,COM,Z,121817.0
GWO_Z3-COM,GWO,Z3,COM,Z,122716.0
GWO_Z3-COM,GWO,Z3,COM,Z,122914.0
GWO_Z3-COM,GWO,Z3,COM,Z,121218.0
GWO_Z3-COM,GWO,Z3,COM,Z,122617.0
GWO_Z3-COM,GWO,Z3,COM,Z,122519.0
GWO_Z3-COM,GWO,Z3,COM,Z,122418.0
GWO_Z3-COM,GWO,Z3,COM,Z,122519.0
GWO_Z3-COM,GWO,Z3,COM,Z,123017.0
GWO_Z3-COM,GWO,Z3,COM,Z,122419.0
GWO_Z3-COM,GWO,Z3,COM,Z,122615.0
GWO_Z3-COM,GWO,Z3,COM,Z,123115.0
GWO_Z3-COM,GWO,Z3,COM,Z,122519.0
GWO_Z3-COM,GWO,Z3,COM,Z,121615.0
GWO_Z3-COM,GWO,Z3,COM,Z,121918.0
GWO_Z3-COM,GWO,Z3,COM,Z,122815.0
GWO_Z3-COM,GWO,Z3,COM,Z,122016.0
GWO_Z3-COM,GWO,Z3,COM,Z,122516.0
GWO_Z3-COM,GWO,Z3,COM,Z,122814.0
GWO_Z3-COM,GWO,Z3,COM,Z,121819.0
GWO_Z3-COM,GWO,Z3,COM,Z,122216.0
GWO_Z3-COM,GWO,Z3,COM,Z,122713.0
GWO_Z3-COM,GWO,Z3,COM,Z,122319.0
GWO_Z3-COM,GWO,Z3,COM,Z,121514.0
GWO_Z4-COM,GWO,Z4,COM,Z,121814.0
GWO_Z4-COM,GWO,Z4,COM,Z,122417.0
GWO_Z4-COM,GWO,Z4,COM,Z,122117.0
GWO_Z4-COM,GWO,Z4,COM,Z,122816.0
GWO_Z4-COM,GWO,Z4,COM,Z,122214.0
GWO_Z4-COM,GWO,Z4,COM,Z,122019.0
GWO_Z4-COM,GWO,Z4,COM,Z,122819.0
GWO_Z4-COM,GWO,Z4,COM,Z,122013.0
GWO_Z4-COM,GWO,Z4,COM,Z,121518.0
GWO_Z4-COM,GWO,Z4,COM,Z,122316.0
GWO_Z4-COM,GWO,Z4,COM,Z,121519.0
GWO_Z4-COM,GWO,Z4,COM,Z,122816.0
GWO_Z4-COM,GWO,Z4,COM,Z,123313.0
GWO_Z4-COM,GWO,Z4,COM,Z,122613.0
GWO_Z4-COM,GWO,Z4,COM,Z,122616.0
GWO_Z4-COM,GWO,Z4,COM,Z,123218.0
GWO_Z4-COM,GWO,Z4,COM,Z,123516.0
GWO_Z4-COM,GWO,Z4,COM,Z,123018.0
GWO_Z4-COM,GWO,Z4,COM,Z,122618.0
GWO_Z4-COM,GWO,Z4,COM,Z,121513.0
GWO_Z4-COM,GWO,Z4,COM,Z,123914.0
GWO_Z4-COM,GWO,Z4,COM,Z,122515.0
GWO_Z4-COM,GWO,Z4,COM,Z,123819.0
GWO_Z4-COM,GWO,Z4,COM,Z,122614.0
GWO_Z4-COM,GWO,Z4,COM,Z,122316.0
GWO_Z4-COM,GWO,Z4,COM,Z,122216.0
GWO_Z4-COM,GWO,Z4,COM,Z,123518.0
GWO_Z4-COM,GWO,Z4,COM,Z,122514.0
GWO_Z4-COM,GWO,Z4,COM,Z,123719.0
GWO_Z4-COM,GWO,Z4,COM,Z,122415.0
GWO_Z4-COM,GWO,Z4,COM,Z,122312.0
GWO_Z1-ELIT,GWO,Z1,ELIT,Z,123317.0
GWO_Z1-ELIT,GWO,Z1,ELIT,Z,122819.0
GWO_Z1-ELIT,GWO,Z1,ELIT,Z,121717.0
GWO_Z1-ELIT,GWO,Z1,ELIT,Z,122118.0
GWO_Z1-ELIT,GWO,Z1,ELIT,Z,121617.0
GWO_Z1-ELIT,GWO,Z1,ELIT,Z,122816.0
GWO_Z1-ELIT,GWO,Z1,ELIT,Z,121919.0
GWO_Z1-ELIT,GWO,Z1,ELIT,Z,123713.0
GWO_Z1-ELIT,GWO,Z1,ELIT,Z,123512.0
GWO_Z1-ELIT,GWO,Z1,ELIT,Z,121914.0
GWO_Z1-ELIT,GWO,Z1,ELIT,Z,123719.0
GWO_Z1-ELIT,GWO,Z1,ELIT,Z,121918.0
GWO_Z1-ELIT,GWO,Z1,ELIT,Z,121913.0
GWO_Z1-ELIT,GWO,Z1,ELIT,Z,125217.0
GWO_Z1-ELIT,GWO,Z1,ELIT,Z,124019.0
GWO_Z1-ELIT,GWO,Z1,ELIT,Z,122919.0
GWO_Z1-ELIT,GWO,Z1,ELIT,Z,122718.0
GWO_Z1-ELIT,GWO,Z1,ELIT,Z,123419.0
GWO_Z1-ELIT,GWO,Z1,ELIT,Z,121719.0
GWO_Z1-ELIT,GWO,Z1,ELIT,Z,123215.0
GWO_Z1-ELIT,GWO,Z1,ELIT,Z,121919.0
GWO_Z1-ELIT,GWO,Z1,ELIT,Z,122514.0
GWO_Z1-ELIT,GWO,Z1,ELIT,Z,121918.0
GWO_Z1-ELIT,GWO,Z1,ELIT,Z,123911.0
GWO_Z1-ELIT,GWO,Z1,ELIT,Z,123318.0
GWO_Z1-ELIT,GWO,Z1,ELIT,Z,122119.0
GWO_Z1-ELIT,GWO,Z1,ELIT,Z,123415.0
GWO_Z1-ELIT,GWO,Z1,ELIT,Z,122117.0
GWO_Z1-ELIT,GWO,Z1,ELIT,Z,121814.0
GWO_Z1-ELIT,GWO,Z1,ELIT,Z,123315.0
GWO_Z1-ELIT,GWO,Z1,ELIT,Z,123314.0
GWO_Z2-ELIT,GWO,Z2,ELIT,Z,123413.0
GWO_Z2-ELIT,GWO,Z2,ELIT,Z,122318.0
GWO_Z2-ELIT,GWO,Z2,ELIT,Z,123519.0
GWO_Z2-ELIT,GWO,Z2,ELIT,Z,121617.0
GWO_Z2-ELIT,GWO,Z2,ELIT,Z,123515.0
GWO_Z2-ELIT,GWO,Z2,ELIT,Z,123217.0
GWO_Z2-ELIT,GWO,Z2,ELIT,Z,124115.0
GWO_Z2-ELIT,GWO,Z2,ELIT,Z,123719.0
GWO_Z2-ELIT,GWO,Z2,ELIT,Z,123116.0
GWO_Z2-ELIT,GWO,Z2,ELIT,Z,122217.0
GWO_Z2-ELIT,GWO,Z2,ELIT,Z,123217.0
GWO_Z2-ELIT,GWO,Z2,ELIT,Z,123714.0
GWO_Z2-ELIT,GWO,Z2,ELIT,Z,122014.0
GWO_Z2-ELIT,GWO,Z2,ELIT,Z,123216.0
GWO_Z2-ELIT,GWO,Z2,ELIT,Z,122915.0
GWO_Z2-ELIT,GWO,Z2,ELIT,Z,122313.0
GWO_Z2-ELIT,GWO,Z2,ELIT,Z,124414.0
GWO_Z2-ELIT,GWO,Z2,ELIT,Z,122413.0
GWO_Z2-ELIT,GWO,Z2,ELIT,Z,122817.0
GWO_Z2-ELIT,GWO,Z2,ELIT,Z,122119.0
GWO_Z2-ELIT,GWO,Z2,ELIT,Z,122713.0
GWO_Z2-ELIT,GWO,Z2,ELIT,Z,122114.0
GWO_Z2-ELIT,GWO,Z2,ELIT,Z,122217.0
GWO_Z2-ELIT,GWO,Z2,ELIT,Z,123015.0
GWO_Z2-ELIT,GWO,Z2,ELIT,Z,122116.0
GWO_Z2-ELIT,GWO,Z2,ELIT,Z,122719.0
GWO_Z2-ELIT,GWO,Z2,ELIT,Z,122812.0
GWO_Z2-ELIT,GWO,Z2,ELIT,Z,122019.0
GWO_Z2-ELIT,GWO,Z2,ELIT,Z,123417.0
GWO_Z2-ELIT,GWO,Z2,ELIT,Z,121715.0
GWO_Z2-ELIT,GWO,Z2,ELIT,Z,122519.0
GWO_Z3-ELIT,GWO,Z3,ELIT,Z,121918.0
GWO_Z3-ELIT,GWO,Z3,ELIT,Z,123016.0
GWO_Z3-ELIT,GWO,Z3,ELIT,Z,123717.0
GWO_Z3-ELIT,GWO,Z3,ELIT,Z,122216.0
GWO_Z3-ELIT,GWO,Z3,ELIT,Z,123514.0
GWO_Z3-ELIT,GWO,Z3,ELIT,Z,123216.0
GWO_Z3-ELIT,GWO,Z3,ELIT,Z,124318.0
GWO_Z3-ELIT,GWO,Z3,ELIT,Z,124519.0
GWO_Z3-ELIT,GWO,Z3,ELIT,Z,122017.0
GWO_Z3-ELIT,GWO,Z3,ELIT,Z,123018.0
GWO_Z3-ELIT,GWO,Z3,ELIT,Z,123019.0
GWO_Z3-ELIT,GWO,Z3,ELIT,Z,122516.0
GWO_Z3-ELIT,GWO,Z3,ELIT,Z,123819.0
GWO_Z3-ELIT,GWO,Z3,ELIT,Z,121918.0
GWO_Z3-ELIT,GWO,Z3,ELIT,Z,123016.0
GWO_Z3-ELIT,GWO,Z3,ELIT,Z,123014.0
GWO_Z3-ELIT,GWO,Z3,ELIT,Z,123118.0
GWO_Z3-ELIT,GWO,Z3,ELIT,Z,121618.0
GWO_Z3-ELIT,GWO,Z3,ELIT,Z,122713.0
GWO_Z3-ELIT,GWO,Z3,ELIT,Z,123019.0
GWO_Z3-ELIT,GWO,Z3,ELIT,Z,121519.0
GWO_Z3-ELIT,GWO,Z3,ELIT,Z,122615.0
GWO_Z3-ELIT,GWO,Z3,ELIT,Z,121916.0
GWO_Z3-ELIT,GWO,Z3,ELIT,Z,123219.0
GWO_Z3-ELIT,GWO,Z3,ELIT,Z,122718.0
GWO_Z3-ELIT,GWO,Z3,ELIT,Z,123915.0
GWO_Z3-ELIT,GWO,Z3,ELIT,Z,122218.0
GWO_Z3-ELIT,GWO,Z3,ELIT,Z,122418.0
GWO_Z3-ELIT,GWO,Z3,ELIT,Z,121714.0
GWO_Z3-ELIT,GWO,Z3,ELIT,Z,122614.0
GWO_Z3-ELIT,GWO,Z3,ELIT,Z,123015.0
GWO_Z4-ELIT,GWO,Z4,ELIT,Z,122318.0
GWO_Z4-ELIT,GWO,Z4,ELIT,Z,123214.0
GWO_Z4-ELIT,GWO,Z4,ELIT,Z,123319.0
GWO_Z4-ELIT,GWO,Z4,ELIT,Z,122613.0
GWO_Z4-ELIT,GWO,Z4,ELIT,Z,123019.0
GWO_Z4-ELIT,GWO,Z4,ELIT,Z,122017.0
GWO_Z4-ELIT,GWO,Z4,ELIT,Z,122119.0
GWO_Z4-ELIT,GWO,Z4,ELIT,Z,122814.0
GWO_Z4-ELIT,GWO,Z4,ELIT,Z,121416.0
GWO_Z4-ELIT,GWO,Z4,ELIT,Z,123616.0
GWO_Z4-ELIT,GWO,Z4,ELIT,Z,121816.0
GWO_Z4-ELIT,GWO,Z4,ELIT,Z,123018.0
GWO_Z4-ELIT,GWO,Z4,ELIT,Z,122413.0
GWO_Z4-ELIT,GWO,Z4,ELIT,Z,121716.0
GWO_Z4-ELIT,GWO,Z4,ELIT,Z,122715.0
GWO_Z4-ELIT,GWO,Z4,ELIT,Z,123218.0
GWO_Z4-ELIT,GWO,Z4,ELIT,Z,122416.0
GWO_Z4-ELIT,GWO,Z4,ELIT,Z,122614.0
GWO_Z4-ELIT,GWO,Z4,ELIT,Z,122419.0
GWO_Z4-ELIT,GWO,Z4,ELIT,Z,122815.0
GWO_Z4-ELIT,GWO,Z4,ELIT,Z,123816.0
GWO_Z4-ELIT,GWO,Z4,ELIT,Z,122214.0
GWO_Z4-ELIT,GWO,Z4,ELIT,Z,122517.0
GWO_Z4-ELIT,GWO,Z4,ELIT,Z,122216.0
GWO_Z4-ELIT,GWO,Z4,ELIT,Z,123813.0
GWO_Z4-ELIT,GWO,Z4,ELIT,Z,122619.0
GWO_Z4-ELIT,GWO,Z4,ELIT,Z,122317.0
GWO_Z4-ELIT,GWO,Z4,ELIT,Z,122215.0
GWO_Z4-ELIT,GWO,Z4,ELIT,Z,124115.0
GWO_Z4-ELIT,GWO,Z4,ELIT,Z,122117.0
GWO_Z4-ELIT,GWO,Z4,ELIT,Z,122816.0
