Exp,MH,TF,DR,Family,Data
PSO_S1-STD,PSO,S1,STD,S,261275.0
PSO_S1-STD,PSO,S1,STD,S,266399.0
PSO_S1-STD,PSO,S1,STD,S,261619.0
PSO_S1-STD,PSO,S1,STD,S,261017.0
PSO_S1-STD,PSO,S1,STD,S,264103.0
PSO_S1-STD,PSO,S1,STD,S,262154.0
PSO_S1-STD,PSO,S1,STD,S,263307.0
PSO_S1-STD,PSO,S1,STD,S,262244.0
PSO_S1-STD,PSO,S1,STD,S,261369.0
PSO_S1-STD,PSO,S1,STD,S,262085.0
PSO_S1-STD,PSO,S1,STD,S,262735.0
PSO_S1-STD,PSO,S1,STD,S,264359.0
PSO_S1-STD,PSO,S1,STD,S,263933.0
PSO_S1-STD,PSO,S1,STD,S,263463.0
PSO_S1-STD,PSO,S1,STD,S,264502.0
PSO_S1-STD,PSO,S1,STD,S,262974.0
PSO_S1-STD,PSO,S1,STD,S,262914.0
PSO_S1-STD,PSO,S1,STD,S,263070.0
PSO_S1-STD,PSO,S1,STD,S,261822.0
PSO_S1-STD,PSO,S1,STD,S,263027.0
PSO_S1-STD,PSO,S1,STD,S,263420.0
PSO_S1-STD,PSO,S1,STD,S,262298.0
PSO_S1-STD,PSO,S1,STD,S,264126.0
PSO_S1-STD,PSO,S1,STD,S,259788.0
PSO_S1-STD,PSO,S1,STD,S,262713.0
PSO_S1-STD,PSO,S1,STD,S,262331.0
PSO_S1-STD,PSO,S1,STD,S,262618.0
PSO_S1-STD,PSO,S1,STD,S,264530.0
PSO_S1-STD,PSO,S1,STD,S,261813.0
PSO_S1-STD,PSO,S1,STD,S,261240.0
PSO_S1-STD,PSO,S1,STD,S,264798.0
PSO_S2-STD,PSO,S2,STD,S,245927.0
PSO_S2-STD,PSO,S2,STD,S,244926.0
PSO_S2-STD,PSO,S2,STD,S,246119.0
PSO_S2-STD,PSO,S2,STD,S,245034.0
PSO_S2-STD,PSO,S2,STD,S,246972.0
PSO_S2-STD,PSO,S2,STD,S,246457.0
PSO_S2-STD,PSO,S2,STD,S,247892.0
PSO_S2-STD,PSO,S2,STD,S,243784.0
PSO_S2-STD,PSO,S2,STD,S,244960.0
PSO_S2-STD,PSO,S2,STD,S,247041.0
PSO_S2-STD,PSO,S2,STD,S,246100.0
PSO_S2-STD,PSO,S2,STD,S,245224.0
PSO_S2-STD,PSO,S2,STD,S,246197.0
PSO_S2-STD,PSO,S2,STD,S,247124.0
PSO_S2-STD,PSO,S2,STD,S,244709.0
PSO_S2-STD,PSO,S2,STD,S,247968.0
PSO_S2-STD,PSO,S2,STD,S,246958.0
PSO_S2-STD,PSO,S2,STD,S,245761.0
PSO_S2-STD,PSO,S2,STD,S,246618.0
PSO_S2-STD,PSO,S2,STD,S,246967.0
PSO_S2-STD,PSO,S2,STD,S,248033.0
PSO_S2-STD,PSO,S2,STD,S,247481.0
PSO_S2-STD,PSO,S2,STD,S,248387.0
PSO_S2-STD,PSO,S2,STD,S,247505.0
PSO_S2-STD,PSO,S2,STD,S,245294.0
PSO_S2-STD,PSO,S2,STD,S,245418.0
PSO_S2-STD,PSO,S2,STD,S,247055.0
PSO_S2-STD,PSO,S2,STD,S,245645.0
PSO_S2-STD,PSO,S2,STD,S,246301.0
PSO_S2-STD,PSO,S2,STD,S,244778.0
PSO_S2-STD,PSO,S2,STD,S,244841.0
PSO_S3-STD,PSO,S3,STD,S,238673.0
PSO_S3-STD,PSO,S3,STD,S,235689.0
PSO_S3-STD,PSO,S3,STD,S,237784.0
PSO_S3-STD,PSO,S3,STD,S,235808.0
PSO_S3-STD,PSO,S3,STD,S,237957.0
PSO_S3-STD,PSO,S3,STD,S,236204.0
PSO_S3-STD,PSO,S3,STD,S,237146.0
PSO_S3-STD,PSO,S3,STD,S,236714.0
PSO_S3-STD,PSO,S3,STD,S,237521.0
PSO_S3-STD,PSO,S3,STD,S,235296.0
PSO_S3-STD,PSO,S3,STD,S,235830.0
PSO_S3-STD,PSO,S3,STD,S,236886.0
PSO_S3-STD,PSO,S3,STD,S,236822.0
PSO_S3-STD,PSO,S3,STD,S,235930.0
PSO_S3-STD,PSO,S3,STD,S,239444.0
PSO_S3-STD,PSO,S3,STD,S,237503.0
PSO_S3-STD,PSO,S3,STD,S,238850.0
PSO_S3-STD,PSO,S3,STD,S,237340.0
PSO_S3-STD,PSO,S3,STD,S,236167.0
PSO_S3-STD,PSO,S3,STD,S,236123.0
PSO_S3-STD,PSO,S3,STD,S,237009.0
PSO_S3-STD,PSO,S3,STD,S,234715.0
PSO_S3-STD,PSO,S3,STD,S,235275.0
PSO_S3-STD,PSO,S3,STD,S,235912.0
PSO_S3-STD,PSO,S3,STD,S,236046.0
PSO_S3-STD,PSO,S3,STD,S,235531.0
PSO_S3-STD,PSO,S3,STD,S,235968.0
PSO_S3-STD,PSO,S3,STD,S,234663.0
PSO_S3-STD,PSO,S3,STD,S,237555.0
PSO_S3-STD,PSO,S3,STD,S,235831.0
PSO_S3-STD,PSO,S3,STD,S,236478.0
PSO_S4-STD,PSO,S4,STD,S,236376.0
PSO_S4-STD,PSO,S4,STD,S,232420.0
PSO_S4-STD,PSO,S4,STD,S,229811.0
PSO_S4-STD,PSO,S4,STD,S,232370.0
PSO_S4-STD,PSO,S4,STD,S,232632.0
PSO_S4-STD,PSO,S4,STD,S,230078.0
PSO_S4-STD,PSO,S4,STD,S,232488.0
PSO_S4-STD,PSO,S4,STD,S,233053.0
PSO_S4-STD,PSO,S4,STD,S,233508.0
PSO_S4-STD,PSO,S4,STD,S,235452.0
PSO_S4-STD,PSO,S4,STD,S,229884.0
PSO_S4-STD,PSO,S4,STD,S,235108.0
PSO_S4-STD,PSO,S4,STD,S,231682.0
PSO_S4-STD,PSO,S4,STD,S,233451.0
PSO_S4-STD,PSO,S4,STD,S,232141.0
PSO_S4-STD,PSO,S4,STD,S,235489.0
PSO_S4-STD,PSO,S4,STD,S,233638.0
PSO_S4-STD,PSO,S4,STD,S,232383.0
PSO_S4-STD,PSO,S4,STD,S,231451.0
PSO_S4-STD,PSO,S4,STD,S,231942.0
PSO_S4-STD,PSO,S4,STD,S,232299.0
PSO_S4-STD,PSO,S4,STD,S,234389.0
PSO_S4-STD,PSO,S4,STD,S,235835.0
PSO_S4-STD,PSO,S4,STD,S,231777.0
PSO_S4-STD,PSO,S4,STD,S,233545.0
PSO_S4-STD,PSO,S4,STD,S,230317.0
PSO_S4-STD,PSO,S4,STD,S,235441.0
PSO_S4-STD,PSO,S4,STD,S,233943.0
PSO_S4-STD,PSO,S4,STD,S,230803.0
PSO_S4-STD,PSO,S4,STD,S,230759.0
PSO_S4-STD,PSO,S4,STD,S,232752.0
PSO_S1-COM,PSO,S1,COM,S,267665.0
PSO_S1-COM,PSO,S1,COM,S,262528.0
PSO_S1-COM,PSO,S1,COM,S,261456.0
PSO_S1-COM,PSO,S1,COM,S,265220.0
PSO_S1-COM,PSO,S1,COM,S,258952.0
PSO_S1-COM,PSO,S1,COM,S,259933.0
PSO_S1-COM,PSO,S1,COM,S,254655.0
PSO_S1-COM,PSO,S1,COM,S,255689.0
PSO_S1-COM,PSO,S1,COM,S,256951.0
PSO_S1-COM,PSO,S1,COM,S,254684.0
PSO_S1-COM,PSO,S1,COM,S,261012.0
PSO_S1-COM,PSO,S1,COM,S,250269.0
PSO_S1-COM,PSO,S1,COM,S,258498.0
PSO_S1-COM,PSO,S1,COM,S,260627.0
PSO_S1-COM,PSO,S1,COM,S,265020.0
PSO_S1-COM,PSO,S1,COM,S,244435.0
PSO_S1-COM,PSO,S1,COM,S,264601.0
PSO_S1-COM,PSO,S1,COM,S,260460.0
PSO_S1-COM,PSO,S1,COM,S,264508.0
PSO_S1-COM,PSO,S1,COM,S,251799.0
PSO_S1-COM,PSO,S1,COM,S,255816.0
PSO_S1-COM,PSO,S1,COM,S,260781.0
PSO_S1-COM,PSO,S1,COM,S,255515.0
PSO_S1-COM,PSO,S1,COM,S,264193.0
PSO_S1-COM,PSO,S1,COM,S,259952.0
PSO_S1-COM,PSO,S1,COM,S,257673.0
PSO_S1-COM,PSO,S1,COM,S,261360.0
PSO_S1-COM,PSO,S1,COM,S,252604.0
PSO_S1-COM,PSO,S1,COM,S,254705.0
PSO_S1-COM,PSO,S1,COM,S,262366.0
PSO_S1-COM,PSO,S1,COM,S,260836.0
PSO_S2-COM,PSO,S2,COM,S,237913.0
PSO_S2-COM,PSO,S2,COM,S,228418.0
PSO_S2-COM,PSO,S2,COM,S,242242.0
PSO_S2-COM,PSO,S2,COM,S,252520.0
PSO_S2-COM,PSO,S2,COM,S,218950.0
PSO_S2-COM,PSO,S2,COM,S,243501.0
PSO_S2-COM,PSO,S2,COM,S,240299.0
PSO_S2-COM,PSO,S2,COM,S,231991.0
PSO_S2-COM,PSO,S2,COM,S,243321.0
PSO_S2-COM,PSO,S2,COM,S,231941.0
PSO_S2-COM,PSO,S2,COM,S,233383.0
PSO_S2-COM,PSO,S2,COM,S,236390.0
PSO_S2-COM,PSO,S2,COM,S,234757.0
PSO_S2-COM,PSO,S2,COM,S,232701.0
PSO_S2-COM,PSO,S2,COM,S,249671.0
PSO_S2-COM,PSO,S2,COM,S,234491.0
PSO_S2-COM,PSO,S2,COM,S,234235.0
PSO_S2-COM,PSO,S2,COM,S,223345.0
PSO_S2-COM,PSO,S2,COM,S,238656.0
PSO_S2-COM,PSO,S2,COM,S,220749.0
PSO_S2-COM,PSO,S2,COM,S,244795.0
PSO_S2-COM,PSO,S2,COM,S,253382.0
PSO_S2-COM,PSO,S2,COM,S,220808.0
PSO_S2-COM,PSO,S2,COM,S,227012.0
PSO_S2-COM,PSO,S2,COM,S,241095.0
PSO_S2-COM,PSO,S2,COM,S,254138.0
PSO_S2-COM,PSO,S2,COM,S,219325.0
PSO_S2-COM,PSO,S2,COM,S,246408.0
PSO_S2-COM,PSO,S2,COM,S,222538.0
PSO_S2-COM,PSO,S2,COM,S,256482.0
PSO_S2-COM,PSO,S2,COM,S,219937.0
PSO_S3-COM,PSO,S3,COM,S,207917.0
PSO_S3-COM,PSO,S3,COM,S,211864.0
PSO_S3-COM,PSO,S3,COM,S,211988.0
PSO_S3-COM,PSO,S3,COM,S,216668.0
PSO_S3-COM,PSO,S3,COM,S,218582.0
PSO_S3-COM,PSO,S3,COM,S,217555.0
PSO_S3-COM,PSO,S3,COM,S,214520.0
PSO_S3-COM,PSO,S3,COM,S,216666.0
PSO_S3-COM,PSO,S3,COM,S,219031.0
PSO_S3-COM,PSO,S3,COM,S,212988.0
PSO_S3-COM,PSO,S3,COM,S,213878.0
PSO_S3-COM,PSO,S3,COM,S,220671.0
PSO_S3-COM,PSO,S3,COM,S,211361.0
PSO_S3-COM,PSO,S3,COM,S,217788.0
PSO_S3-COM,PSO,S3,COM,S,211591.0
PSO_S3-COM,PSO,S3,COM,S,213904.0
PSO_S3-COM,PSO,S3,COM,S,219435.0
PSO_S3-COM,PSO,S3,COM,S,213148.0
PSO_S3-COM,PSO,S3,COM,S,211788.0
PSO_S3-COM,PSO,S3,COM,S,213350.0
PSO_S3-COM,PSO,S3,COM,S,218874.0
PSO_S3-COM,PSO,S3,COM,S,218308.0
PSO_S3-COM,PSO,S3,COM,S,217535.0
PSO_S3-COM,PSO,S3,COM,S,211793.0
PSO_S3-COM,PSO,S3,COM,S,219039.0
PSO_S3-COM,PSO,S3,COM,S,218295.0
PSO_S3-COM,PSO,S3,COM,S,214090.0
PSO_S3-COM,PSO,S3,COM,S,214967.0
PSO_S3-COM,PSO,S3,COM,S,212272.0
PSO_S3-COM,PSO,S3,COM,S,210495.0
PSO_S3-COM,PSO,S3,COM,S,220636.0
PSO_S4-COM,PSO,S4,COM,S,209398.0
PSO_S4-COM,PSO,S4,COM,S,215330.0
PSO_S4-COM,PSO,S4,COM,S,219804.0
PSO_S4-COM,PSO,S4,COM,S,213833.0
PSO_S4-COM,PSO,S4,COM,S,211544.0
PSO_S4-COM,PSO,S4,COM,S,212677.0
PSO_S4-COM,PSO,S4,COM,S,211858.0
PSO_S4-COM,PSO,S4,COM,S,216109.0
PSO_S4-COM,PSO,S4,COM,S,212544.0
PSO_S4-COM,PSO,S4,COM,S,210618.0
PSO_S4-COM,PSO,S4,COM,S,217895.0
PSO_S4-COM,PSO,S4,COM,S,217013.0
PSO_S4-COM,PSO,S4,COM,S,216532.0
PSO_S4-COM,PSO,S4,COM,S,215420.0
PSO_S4-COM,PSO,S4,COM,S,218808.0
PSO_S4-COM,PSO,S4,COM,S,213621.0
PSO_S4-COM,PSO,S4,COM,S,217279.0
PSO_S4-COM,PSO,S4,COM,S,218635.0
PSO_S4-COM,PSO,S4,COM,S,217939.0
PSO_S4-COM,PSO,S4,COM,S,213609.0
PSO_S4-COM,PSO,S4,COM,S,208982.0
PSO_S4-COM,PSO,S4,COM,S,217028.0
PSO_S4-COM,PSO,S4,COM,S,214402.0
PSO_S4-COM,PSO,S4,COM,S,214769.0
PSO_S4-COM,PSO,S4,COM,S,213170.0
PSO_S4-COM,PSO,S4,COM,S,214827.0
PSO_S4-COM,PSO,S4,COM,S,215757.0
PSO_S4-COM,PSO,S4,COM,S,219269.0
PSO_S4-COM,PSO,S4,COM,S,220190.0
PSO_S4-COM,PSO,S4,COM,S,210525.0
PSO_S4-COM,PSO,S4,COM,S,215972.0
PSO_S1-ELIT,PSO,S1,ELIT,S,215678.0
PSO_S1-ELIT,PSO,S1,ELIT,S,217819.0
PSO_S1-ELIT,PSO,S1,ELIT,S,213758.0
PSO_S1-ELIT,PSO,S1,ELIT,S,211033.0
PSO_S1-ELIT,PSO,S1,ELIT,S,215819.0
PSO_S1-ELIT,PSO,S1,ELIT,S,216466.0
PSO_S1-ELIT,PSO,S1,ELIT,S,214021.0
PSO_S1-ELIT,PSO,S1,ELIT,S,212566.0
PSO_S1-ELIT,PSO,S1,ELIT,S,209314.0
PSO_S1-ELIT,PSO,S1,ELIT,S,216647.0
PSO_S1-ELIT,PSO,S1,ELIT,S,215494.0
PSO_S1-ELIT,PSO,S1,ELIT,S,211155.0
PSO_S1-ELIT,PSO,S1,ELIT,S,212777.0
PSO_S1-ELIT,PSO,S1,ELIT,S,212642.0
PSO_S1-ELIT,PSO,S1,ELIT,S,221947.0
PSO_S1-ELIT,PSO,S1,ELIT,S,212298.0
PSO_S1-ELIT,PSO,S1,ELIT,S,216494.0
PSO_S1-ELIT,PSO,S1,ELIT,S,216183.0
PSO_S1-ELIT,PSO,S1,ELIT,S,214303.0
PSO_S1-ELIT,PSO,S1,ELIT,S,214314.0
PSO_S1-ELIT,PSO,S1,ELIT,S,215714.0
PSO_S1-ELIT,PSO,S1,ELIT,S,218085.0
PSO_S1-ELIT,PSO,S1,ELIT,S,212687.0
PSO_S1-ELIT,PSO,S1,ELIT,S,210547.0
PSO_S1-ELIT,PSO,S1,ELIT,S,215191.0
PSO_S1-ELIT,PSO,S1,ELIT,S,213878.0
PSO_S1-ELIT,PSO,S1,ELIT,S,212584.0
PSO_S1-ELIT,PSO,S1,ELIT,S,216927.0
PSO_S1-ELIT,PSO,S1,ELIT,S,211828.0
PSO_S1-ELIT,PSO,S1,ELIT,S,215997.0
PSO_S1-ELIT,PSO,S1,ELIT,S,216623.0
PSO_S2-ELIT,PSO,S2,ELIT,S,217718.0
PSO_S2-ELIT,PSO,S2,ELIT,S,214061.0
PSO_S2-ELIT,PSO,S2,ELIT,S,214628.0
PSO_S2-ELIT,PSO,S2,ELIT,S,215890.0
PSO_S2-ELIT,PSO,S2,ELIT,S,212887.0
PSO_S2-ELIT,PSO,S2,ELIT,S,217520.0
PSO_S2-ELIT,PSO,S2,ELIT,S,216055.0
PSO_S2-ELIT,PSO,S2,ELIT,S,215095.0
PSO_S2-ELIT,PSO,S2,ELIT,S,214495.0
PSO_S2-ELIT,PSO,S2,ELIT,S,218612.0
PSO_S2-ELIT,PSO,S2,ELIT,S,217916.0
PSO_S2-ELIT,PSO,S2,ELIT,S,211632.0
PSO_S2-ELIT,PSO,S2,ELIT,S,211998.0
PSO_S2-ELIT,PSO,S2,ELIT,S,216299.0
PSO_S2-ELIT,PSO,S2,ELIT,S,211808.0
PSO_S2-ELIT,PSO,S2,ELIT,S,213660.0
PSO_S2-ELIT,PSO,S2,ELIT,S,209447.0
PSO_S2-ELIT,PSO,S2,ELIT,S,215029.0
PSO_S2-ELIT,PSO,S2,ELIT,S,213872.0
PSO_S2-ELIT,PSO,S2,ELIT,S,215121.0
PSO_S2-ELIT,PSO,S2,ELIT,S,214442.0
PSO_S2-ELIT,PSO,S2,ELIT,S,217126.0
PSO_S2-ELIT,PSO,S2,ELIT,S,213715.0
PSO_S2-ELIT,PSO,S2,ELIT,S,214550.0
PSO_S2-ELIT,PSO,S2,ELIT,S,211684.0
PSO_S2-ELIT,PSO,S2,ELIT,S,222034.0
PSO_S2-ELIT,PSO,S2,ELIT,S,211896.0
PSO_S2-ELIT,PSO,S2,ELIT,S,211849.0
PSO_S2-ELIT,PSO,S2,ELIT,S,213394.0
PSO_S2-ELIT,PSO,S2,ELIT,S,216716.0
PSO_S2-ELIT,PSO,S2,ELIT,S,220431.0
PSO_S3-ELIT,PSO,S3,ELIT,S,213609.0
PSO_S3-ELIT,PSO,S3,ELIT,S,222146.0
PSO_S3-ELIT,PSO,S3,ELIT,S,217757.0
PSO_S3-ELIT,PSO,S3,ELIT,S,212967.0
PSO_S3-ELIT,PSO,S3,ELIT,S,214407.0
PSO_S3-ELIT,PSO,S3,ELIT,S,216366.0
PSO_S3-ELIT,PSO,S3,ELIT,S,216409.0
PSO_S3-ELIT,PSO,S3,ELIT,S,209842.0
PSO_S3-ELIT,PSO,S3,ELIT,S,211730.0
PSO_S3-ELIT,PSO,S3,ELIT,S,215832.0
PSO_S3-ELIT,PSO,S3,ELIT,S,218712.0
PSO_S3-ELIT,PSO,S3,ELIT,S,215053.0
PSO_S3-ELIT,PSO,S3,ELIT,S,209126.0
PSO_S3-ELIT,PSO,S3,ELIT,S,211924.0
PSO_S3-ELIT,PSO,S3,ELIT,S,213450.0
PSO_S3-ELIT,PSO,S3,ELIT,S,220803.0
PSO_S3-ELIT,PSO,S3,ELIT,S,211596.0
PSO_S3-ELIT,PSO,S3,ELIT,S,216358.0
PSO_S3-ELIT,PSO,S3,ELIT,S,213504.0
PSO_S3-ELIT,PSO,S3,ELIT,S,216466.0
PSO_S3-ELIT,PSO,S3,ELIT,S,216147.0
PSO_S3-ELIT,PSO,S3,ELIT,S,217936.0
PSO_S3-ELIT,PSO,S3,ELIT,S,217581.0
PSO_S3-ELIT,PSO,S3,ELIT,S,214094.0
PSO_S3-ELIT,PSO,S3,ELIT,S,216586.0
PSO_S3-ELIT,PSO,S3,ELIT,S,215340.0
PSO_S3-ELIT,PSO,S3,ELIT,S,214639.0
PSO_S3-ELIT,PSO,S3,ELIT,S,213898.0
PSO_S3-ELIT,PSO,S3,ELIT,S,214032.0
PSO_S3-ELIT,PSO,S3,ELIT,S,214831.0
PSO_S3-ELIT,PSO,S3,ELIT,S,216959.0
PSO_S4-ELIT,PSO,S4,ELIT,S,214141.0
PSO_S4-ELIT,PSO,S4,ELIT,S,216658.0
PSO_S4-ELIT,PSO,S4,ELIT,S,219121.0
PSO_S4-ELIT,PSO,S4,ELIT,S,211210.0
PSO_S4-ELIT,PSO,S4,ELIT,S,209226.0
PSO_S4-ELIT,PSO,S4,ELIT,S,212152.0
PSO_S4-ELIT,PSO,S4,ELIT,S,211843.0
PSO_S4-ELIT,PSO,S4,ELIT,S,212014.0
PSO_S4-ELIT,PSO,S4,ELIT,S,213700.0
PSO_S4-ELIT,PSO,S4,ELIT,S,212634.0
PSO_S4-ELIT,PSO,S4,ELIT,S,213161.0
PSO_S4-ELIT,PSO,S4,ELIT,S,212806.0
PSO_S4-ELIT,PSO,S4,ELIT,S,214857.0
PSO_S4-ELIT,PSO,S4,ELIT,S,215001.0
PSO_S4-ELIT,PSO,S4,ELIT,S,216922.0
PSO_S4-ELIT,PSO,S4,ELIT,S,215533.0
PSO_S4-ELIT,PSO,S4,ELIT,S,214040.0
PSO_S4-ELIT,PSO,S4,ELIT,S,217396.0
PSO_S4-ELIT,PSO,S4,ELIT,S,214126.0
PSO_S4-ELIT,PSO,S4,ELIT,S,218557.0
PSO_S4-ELIT,PSO,S4,ELIT,S,216667.0
PSO_S4-ELIT,PSO,S4,ELIT,S,214332.0
PSO_S4-ELIT,PSO,S4,ELIT,S,213479.0
PSO_S4-ELIT,PSO,S4,ELIT,S,218603.0
PSO_S4-ELIT,PSO,S4,ELIT,S,208980.0
PSO_S4-ELIT,PSO,S4,ELIT,S,213928.0
PSO_S4-ELIT,PSO,S4,ELIT,S,218737.0
PSO_S4-ELIT,PSO,S4,ELIT,S,219654.0
PSO_S4-ELIT,PSO,S4,ELIT,S,215312.0
PSO_S4-ELIT,PSO,S4,ELIT,S,213658.0
PSO_S4-ELIT,PSO,S4,ELIT,S,213561.0
PSO_V1-STD,PSO,V1,STD,V,221282.0
PSO_V1-STD,PSO,V1,STD,V,215181.0
PSO_V1-STD,PSO,V1,STD,V,213496.0
PSO_V1-STD,PSO,V1,STD,V,221108.0
PSO_V1-STD,PSO,V1,STD,V,215681.0
PSO_V1-STD,PSO,V1,STD,V,213792.0
PSO_V1-STD,PSO,V1,STD,V,211595.0
PSO_V1-STD,PSO,V1,STD,V,217069.0
PSO_V1-STD,PSO,V1,STD,V,213694.0
PSO_V1-STD,PSO,V1,STD,V,216640.0
PSO_V1-STD,PSO,V1,STD,V,221018.0
PSO_V1-STD,PSO,V1,STD,V,217815.0
PSO_V1-STD,PSO,V1,STD,V,219183.0
PSO_V1-STD,PSO,V1,STD,V,220371.0
PSO_V1-STD,PSO,V1,STD,V,215551.0
PSO_V1-STD,PSO,V1,STD,V,214590.0
PSO_V1-STD,PSO,V1,STD,V,215033.0
PSO_V1-STD,PSO,V1,STD,V,213927.0
PSO_V1-STD,PSO,V1,STD,V,209278.0
PSO_V1-STD,PSO,V1,STD,V,215366.0
PSO_V1-STD,PSO,V1,STD,V,213421.0
PSO_V1-STD,PSO,V1,STD,V,219591.0
PSO_V1-STD,PSO,V1,STD,V,217186.0
PSO_V1-STD,PSO,V1,STD,V,216133.0
PSO_V1-STD,PSO,V1,STD,V,222996.0
PSO_V1-STD,PSO,V1,STD,V,217636.0
PSO_V1-STD,PSO,V1,STD,V,211661.0
PSO_V1-STD,PSO,V1,STD,V,218494.0
PSO_V1-STD,PSO,V1,STD,V,220836.0
PSO_V1-STD,PSO,V1,STD,V,218292.0
PSO_V1-STD,PSO,V1,STD,V,220208.0
PSO_V2-STD,PSO,V2,STD,V,213172.0
PSO_V2-STD,PSO,V2,STD,V,222238.0
PSO_V2-STD,PSO,V2,STD,V,217497.0
PSO_V2-STD,PSO,V2,STD,V,218294.0
PSO_V2-STD,PSO,V2,STD,V,219791.0
PSO_V2-STD,PSO,V2,STD,V,216004.0
PSO_V2-STD,PSO,V2,STD,V,213718.0
PSO_V2-STD,PSO,V2,STD,V,214542.0
PSO_V2-STD,PSO,V2,STD,V,211417.0
PSO_V2-STD,PSO,V2,STD,V,213755.0
PSO_V2-STD,PSO,V2,STD,V,215123.0
PSO_V2-STD,PSO,V2,STD,V,219306.0
PSO_V2-STD,PSO,V2,STD,V,211573.0
PSO_V2-STD,PSO,V2,STD,V,218635.0
PSO_V2-STD,PSO,V2,STD,V,220613.0
PSO_V2-STD,PSO,V2,STD,V,212107.0
PSO_V2-STD,PSO,V2,STD,V,213344.0
PSO_V2-STD,PSO,V2,STD,V,216912.0
PSO_V2-STD,PSO,V2,STD,V,220299.0
PSO_V2-STD,PSO,V2,STD,V,216602.0
PSO_V2-STD,PSO,V2,STD,V,216211.0
PSO_V2-STD,PSO,V2,STD,V,214223.0
PSO_V2-STD,PSO,V2,STD,V,213678.0
PSO_V2-STD,PSO,V2,STD,V,217554.0
PSO_V2-STD,PSO,V2,STD,V,210778.0
PSO_V2-STD,PSO,V2,STD,V,217062.0
PSO_V2-STD,PSO,V2,STD,V,216175.0
PSO_V2-STD,PSO,V2,STD,V,221469.0
PSO_V2-STD,PSO,V2,STD,V,213209.0
PSO_V2-STD,PSO,V2,STD,V,212843.0
PSO_V2-STD,PSO,V2,STD,V,214481.0
PSO_V3-STD,PSO,V3,STD,V,212904.0
PSO_V3-STD,PSO,V3,STD,V,212079.0
PSO_V3-STD,PSO,V3,STD,V,213189.0
PSO_V3-STD,PSO,V3,STD,V,212936.0
PSO_V3-STD,PSO,V3,STD,V,207389.0
PSO_V3-STD,PSO,V3,STD,V,212244.0
PSO_V3-STD,PSO,V3,STD,V,212247.0
PSO_V3-STD,PSO,V3,STD,V,209796.0
PSO_V3-STD,PSO,V3,STD,V,210003.0
PSO_V3-STD,PSO,V3,STD,V,212057.0
PSO_V3-STD,PSO,V3,STD,V,215089.0
PSO_V3-STD,PSO,V3,STD,V,213508.0
PSO_V3-STD,PSO,V3,STD,V,212651.0
PSO_V3-STD,PSO,V3,STD,V,214145.0
PSO_V3-STD,PSO,V3,STD,V,214545.0
PSO_V3-STD,PSO,V3,STD,V,211602.0
PSO_V3-STD,PSO,V3,STD,V,212969.0
PSO_V3-STD,PSO,V3,STD,V,217783.0
PSO_V3-STD,PSO,V3,STD,V,210285.0
PSO_V3-STD,PSO,V3,STD,V,211102.0
PSO_V3-STD,PSO,V3,STD,V,219167.0
PSO_V3-STD,PSO,V3,STD,V,218065.0
PSO_V3-STD,PSO,V3,STD,V,222422.0
PSO_V3-STD,PSO,V3,STD,V,217296.0
PSO_V3-STD,PSO,V3,STD,V,213930.0
PSO_V3-STD,PSO,V3,STD,V,211785.0
PSO_V3-STD,PSO,V3,STD,V,211027.0
PSO_V3-STD,PSO,V3,STD,V,216130.0
PSO_V3-STD,PSO,V3,STD,V,217599.0
PSO_V3-STD,PSO,V3,STD,V,212828.0
PSO_V3-STD,PSO,V3,STD,V,214099.0
PSO_V4-STD,PSO,V4,STD,V,206238.0
PSO_V4-STD,PSO,V4,STD,V,215200.0
PSO_V4-STD,PSO,V4,STD,V,216134.0
PSO_V4-STD,PSO,V4,STD,V,209505.0
PSO_V4-STD,PSO,V4,STD,V,214819.0
PSO_V4-STD,PSO,V4,STD,V,219319.0
PSO_V4-STD,PSO,V4,STD,V,211640.0
PSO_V4-STD,PSO,V4,STD,V,215572.0
PSO_V4-STD,PSO,V4,STD,V,213724.0
PSO_V4-STD,PSO,V4,STD,V,213112.0
PSO_V4-STD,PSO,V4,STD,V,217830.0
PSO_V4-STD,PSO,V4,STD,V,215958.0
PSO_V4-STD,PSO,V4,STD,V,214366.0
PSO_V4-STD,PSO,V4,STD,V,214142.0
PSO_V4-STD,PSO,V4,STD,V,214528.0
PSO_V4-STD,PSO,V4,STD,V,217532.0
PSO_V4-STD,PSO,V4,STD,V,216284.0
PSO_V4-STD,PSO,V4,STD,V,216484.0
PSO_V4-STD,PSO,V4,STD,V,213517.0
PSO_V4-STD,PSO,V4,STD,V,218458.0
PSO_V4-STD,PSO,V4,STD,V,212774.0
PSO_V4-STD,PSO,V4,STD,V,212551.0
PSO_V4-STD,PSO,V4,STD,V,213807.0
PSO_V4-STD,PSO,V4,STD,V,213676.0
PSO_V4-STD,PSO,V4,STD,V,207522.0
PSO_V4-STD,PSO,V4,STD,V,219311.0
PSO_V4-STD,PSO,V4,STD,V,215257.0
PSO_V4-STD,PSO,V4,STD,V,211693.0
PSO_V4-STD,PSO,V4,STD,V,209467.0
PSO_V4-STD,PSO,V4,STD,V,220334.0
PSO_V4-STD,PSO,V4,STD,V,216135.0
PSO_V1-COM,PSO,V1,COM,V,213951.0
PSO_V1-COM,PSO,V1,COM,V,214610.0
PSO_V1-COM,PSO,V1,COM,V,216603.0
PSO_V1-COM,PSO,V1,COM,V,219920.0
PSO_V1-COM,PSO,V1,COM,V,208830.0
PSO_V1-COM,PSO,V1,COM,V,209584.0
PSO_V1-COM,PSO,V1,COM,V,213492.0
PSO_V1-COM,PSO,V1,COM,V,211334.0
PSO_V1-COM,PSO,V1,COM,V,217030.0
PSO_V1-COM,PSO,V1,COM,V,220608.0
PSO_V1-COM,PSO,V1,COM,V,212863.0
PSO_V1-COM,PSO,V1,COM,V,214287.0
PSO_V1-COM,PSO,V1,COM,V,211440.0
PSO_V1-COM,PSO,V1,COM,V,219522.0
PSO_V1-COM,PSO,V1,COM,V,213427.0
PSO_V1-COM,PSO,V1,COM,V,213185.0
PSO_V1-COM,PSO,V1,COM,V,216536.0
PSO_V1-COM,PSO,V1,COM,V,215310.0
PSO_V1-COM,PSO,V1,COM,V,211426.0
PSO_V1-COM,PSO,V1,COM,V,212193.0
PSO_V1-COM,PSO,V1,COM,V,219269.0
PSO_V1-COM,PSO,V1,COM,V,217274.0
PSO_V1-COM,PSO,V1,COM,V,216776.0
PSO_V1-COM,PSO,V1,COM,V,214091.0
PSO_V1-COM,PSO,V1,COM,V,219420.0
PSO_V1-COM,PSO,V1,COM,V,217647.0
PSO_V1-COM,PSO,V1,COM,V,211478.0
PSO_V1-COM,PSO,V1,COM,V,212070.0
PSO_V1-COM,PSO,V1,COM,V,219499.0
PSO_V1-COM,PSO,V1,COM,V,213321.0
PSO_V1-COM,PSO,V1,COM,V,213964.0
PSO_V2-COM,PSO,V2,COM,V,215794.0
PSO_V2-COM,PSO,V2,COM,V,216750.0
PSO_V2-COM,PSO,V2,COM,V,213258.0
PSO_V2-COM,PSO,V2,COM,V,212113.0
PSO_V2-COM,PSO,V2,COM,V,213826.0
PSO_V2-COM,PSO,V2,COM,V,214527.0
PSO_V2-COM,PSO,V2,COM,V,214376.0
PSO_V2-COM,PSO,V2,COM,V,217080.0
PSO_V2-COM,PSO,V2,COM,V,219455.0
PSO_V2-COM,PSO,V2,COM,V,220019.0
PSO_V2-COM,PSO,V2,COM,V,211838.0
PSO_V2-COM,PSO,V2,COM,V,213793.0
PSO_V2-COM,PSO,V2,COM,V,213208.0
PSO_V2-COM,PSO,V2,COM,V,212201.0
PSO_V2-COM,PSO,V2,COM,V,214094.0
PSO_V2-COM,PSO,V2,COM,V,211783.0
PSO_V2-COM,PSO,V2,COM,V,209526.0
PSO_V2-COM,PSO,V2,COM,V,209921.0
PSO_V2-COM,PSO,V2,COM,V,213852.0
PSO_V2-COM,PSO,V2,COM,V,213241.0
PSO_V2-COM,PSO,V2,COM,V,217848.0
PSO_V2-COM,PSO,V2,COM,V,215132.0
PSO_V2-COM,PSO,V2,COM,V,210681.0
PSO_V2-COM,PSO,V2,COM,V,214234.0
PSO_V2-COM,PSO,V2,COM,V,213799.0
PSO_V2-COM,PSO,V2,COM,V,210546.0
PSO_V2-COM,PSO,V2,COM,V,211504.0
PSO_V2-COM,PSO,V2,COM,V,210901.0
PSO_V2-COM,PSO,V2,COM,V,216746.0
PSO_V2-COM,PSO,V2,COM,V,216577.0
PSO_V2-COM,PSO,V2,COM,V,215806.0
PSO_V3-COM,PSO,V3,COM,V,220300.0
PSO_V3-COM,PSO,V3,COM,V,215007.0
PSO_V3-COM,PSO,V3,COM,V,215235.0
PSO_V3-COM,PSO,V3,COM,V,214053.0
PSO_V3-COM,PSO,V3,COM,V,222224.0
PSO_V3-COM,PSO,V3,COM,V,216395.0
PSO_V3-COM,PSO,V3,COM,V,214263.0
PSO_V3-COM,PSO,V3,COM,V,213697.0
PSO_V3-COM,PSO,V3,COM,V,212469.0
PSO_V3-COM,PSO,V3,COM,V,214388.0
PSO_V3-COM,PSO,V3,COM,V,216253.0
PSO_V3-COM,PSO,V3,COM,V,218300.0
PSO_V3-COM,PSO,V3,COM,V,216829.0
PSO_V3-COM,PSO,V3,COM,V,218940.0
PSO_V3-COM,PSO,V3,COM,V,213903.0
PSO_V3-COM,PSO,V3,COM,V,216679.0
PSO_V3-COM,PSO,V3,COM,V,212782.0
PSO_V3-COM,PSO,V3,COM,V,211326.0
PSO_V3-COM,PSO,V3,COM,V,217076.0
PSO_V3-COM,PSO,V3,COM,V,209165.0
PSO_V3-COM,PSO,V3,COM,V,218509.0
PSO_V3-COM,PSO,V3,COM,V,208074.0
PSO_V3-COM,PSO,V3,COM,V,212667.0
PSO_V3-COM,PSO,V3,COM,V,214206.0
PSO_V3-COM,PSO,V3,COM,V,211113.0
PSO_V3-COM,PSO,V3,COM,V,214968.0
PSO_V3-COM,PSO,V3,COM,V,219127.0
PSO_V3-COM,PSO,V3,COM,V,216356.0
PSO_V3-COM,PSO,V3,COM,V,209789.0
PSO_V3-COM,PSO,V3,COM,V,214498.0
PSO_V3-COM,PSO,V3,COM,V,218166.0
PSO_V4-COM,PSO,V4,COM,V,213796.0
PSO_V4-COM,PSO,V4,COM,V,214337.0
PSO_V4-COM,PSO,V4,COM,V,215844.0
PSO_V4-COM,PSO,V4,COM,V,217228.0
PSO_V4-COM,PSO,V4,COM,V,215318.0
PSO_V4-COM,PSO,V4,COM,V,218339.0
PSO_V4-COM,PSO,V4,COM,V,211592.0
PSO_V4-COM,PSO,V4,COM,V,214696.0
PSO_V4-COM,PSO,V4,COM,V,214160.0
PSO_V4-COM,PSO,V4,COM,V,210871.0
PSO_V4-COM,PSO,V4,COM,V,210091.0
PSO_V4-COM,PSO,V4,COM,V,211734.0
PSO_V4-COM,PSO,V4,COM,V,211089.0
PSO_V4-COM,PSO,V4,COM,V,214528.0
PSO_V4-COM,PSO,V4,COM,V,209946.0
PSO_V4-COM,PSO,V4,COM,V,210363.0
PSO_V4-COM,PSO,V4,COM,V,213724.0
PSO_V4-COM,PSO,V4,COM,V,213003.0
PSO_V4-COM,PSO,V4,COM,V,211290.0
PSO_V4-COM,PSO,V4,COM,V,210816.0
PSO_V4-COM,PSO,V4,COM,V,218761.0
PSO_V4-COM,PSO,V4,COM,V,209701.0
PSO_V4-COM,PSO,V4,COM,V,212914.0
PSO_V4-COM,PSO,V4,COM,V,218284.0
PSO_V4-COM,PSO,V4,COM,V,217616.0
PSO_V4-COM,PSO,V4,COM,V,210177.0
PSO_V4-COM,PSO,V4,COM,V,214267.0
PSO_V4-COM,PSO,V4,COM,V,214516.0
PSO_V4-COM,PSO,V4,COM,V,208932.0
PSO_V4-COM,PSO,V4,COM,V,216150.0
PSO_V4-COM,PSO,V4,COM,V,210467.0
PSO_V1-ELIT,PSO,V1,ELIT,V,211642.0
PSO_V1-ELIT,PSO,V1,ELIT,V,215464.0
PSO_V1-ELIT,PSO,V1,ELIT,V,213983.0
PSO_V1-ELIT,PSO,V1,ELIT,V,216305.0
PSO_V1-ELIT,PSO,V1,ELIT,V,215914.0
PSO_V1-ELIT,PSO,V1,ELIT,V,216411.0
PSO_V1-ELIT,PSO,V1,ELIT,V,210574.0
PSO_V1-ELIT,PSO,V1,ELIT,V,210435.0
PSO_V1-ELIT,PSO,V1,ELIT,V,213026.0
PSO_V1-ELIT,PSO,V1,ELIT,V,219029.0
PSO_V1-ELIT,PSO,V1,ELIT,V,205833.0
PSO_V1-ELIT,PSO,V1,ELIT,V,217044.0
PSO_V1-ELIT,PSO,V1,ELIT,V,215532.0
PSO_V1-ELIT,PSO,V1,ELIT,V,218332.0
PSO_V1-ELIT,PSO,V1,ELIT,V,217352.0
PSO_V1-ELIT,PSO,V1,ELIT,V,216364.0
PSO_V1-ELIT,PSO,V1,ELIT,V,217225.0
PSO_V1-ELIT,PSO,V1,ELIT,V,211520.0
PSO_V1-ELIT,PSO,V1,ELIT,V,214039.0
PSO_V1-ELIT,PSO,V1,ELIT,V,214802.0
PSO_V1-ELIT,PSO,V1,ELIT,V,216052.0
PSO_V1-ELIT,PSO,V1,ELIT,V,216131.0
PSO_V1-ELIT,PSO,V1,ELIT,V,211104.0
PSO_V1-ELIT,PSO,V1,ELIT,V,214057.0
PSO_V1-ELIT,PSO,V1,ELIT,V,224024.0
PSO_V1-ELIT,PSO,V1,ELIT,V,217601.0
PSO_V1-ELIT,PSO,V1,ELIT,V,212885.0
PSO_V1-ELIT,PSO,V1,ELIT,V,213513.0
PSO_V1-ELIT,PSO,V1,ELIT,V,212012.0
PSO_V1-ELIT,PSO,V1,ELIT,V,210890.0
PSO_V1-ELIT,PSO,V1,ELIT,V,219235.0
PSO_V2-ELIT,PSO,V2,ELIT,V,213667.0
PSO_V2-ELIT,PSO,V2,ELIT,V,220626.0
PSO_V2-ELIT,PSO,V2,ELIT,V,211543.0
PSO_V2-ELIT,PSO,V2,ELIT,V,212148.0
PSO_V2-ELIT,PSO,V2,ELIT,V,216623.0
PSO_V2-ELIT,PSO,V2,ELIT,V,219261.0
PSO_V2-ELIT,PSO,V2,ELIT,V,208542.0
PSO_V2-ELIT,PSO,V2,ELIT,V,216348.0
PSO_V2-ELIT,PSO,V2,ELIT,V,219915.0
PSO_V2-ELIT,PSO,V2,ELIT,V,212145.0
PSO_V2-ELIT,PSO,V2,ELIT,V,213809.0
PSO_V2-ELIT,PSO,V2,ELIT,V,212207.0
PSO_V2-ELIT,PSO,V2,ELIT,V,222546.0
PSO_V2-ELIT,PSO,V2,ELIT,V,216456.0
PSO_V2-ELIT,PSO,V2,ELIT,V,215069.0
PSO_V2-ELIT,PSO,V2,ELIT,V,217756.0
PSO_V2-ELIT,PSO,V2,ELIT,V,216097.0
PSO_V2-ELIT,PSO,V2,ELIT,V,213136.0
PSO_V2-ELIT,PSO,V2,ELIT,V,214131.0
PSO_V2-ELIT,PSO,V2,ELIT,V,211995.0
PSO_V2-ELIT,PSO,V2,ELIT,V,214471.0
PSO_V2-ELIT,PSO,V2,ELIT,V,210653.0
PSO_V2-ELIT,PSO,V2,ELIT,V,214891.0
PSO_V2-ELIT,PSO,V2,ELIT,V,212709.0
PSO_V2-ELIT,PSO,V2,ELIT,V,214842.0
PSO_V2-ELIT,PSO,V2,ELIT,V,218038.0
PSO_V2-ELIT,PSO,V2,ELIT,V,217990.0
PSO_V2-ELIT,PSO,V2,ELIT,V,219641.0
PSO_V2-ELIT,PSO,V2,ELIT,V,213053.0
PSO_V2-ELIT,PSO,V2,ELIT,V,216454.0
PSO_V2-ELIT,PSO,V2,ELIT,V,222599.0
PSO_V3-ELIT,PSO,V3,ELIT,V,213092.0
PSO_V3-ELIT,PSO,V3,ELIT,V,214759.0
PSO_V3-ELIT,PSO,V3,ELIT,V,220323.0
PSO_V3-ELIT,PSO,V3,ELIT,V,212681.0
PSO_V3-ELIT,PSO,V3,ELIT,V,210461.0
PSO_V3-ELIT,PSO,V3,ELIT,V,210526.0
PSO_V3-ELIT,PSO,V3,ELIT,V,211972.0
PSO_V3-ELIT,PSO,V3,ELIT,V,212660.0
PSO_V3-ELIT,PSO,V3,ELIT,V,212679.0
PSO_V3-ELIT,PSO,V3,ELIT,V,210519.0
PSO_V3-ELIT,PSO,V3,ELIT,V,216202.0
PSO_V3-ELIT,PSO,V3,ELIT,V,216641.0
PSO_V3-ELIT,PSO,V3,ELIT,V,215216.0
PSO_V3-ELIT,PSO,V3,ELIT,V,211651.0
PSO_V3-ELIT,PSO,V3,ELIT,V,218584.0
PSO_V3-ELIT,PSO,V3,ELIT,V,212131.0
PSO_V3-ELIT,PSO,V3,ELIT,V,210505.0
PSO_V3-ELIT,PSO,V3,ELIT,V,217410.0
PSO_V3-ELIT,PSO,V3,ELIT,V,215567.0
PSO_V3-ELIT,PSO,V3,ELIT,V,219178.0
PSO_V3-ELIT,PSO,V3,ELIT,V,213396.0
PSO_V3-ELIT,PSO,V3,ELIT,V,213079.0
PSO_V3-ELIT,PSO,V3,ELIT,V,218098.0
PSO_V3-ELIT,PSO,V3,ELIT,V,218681.0
PSO_V3-ELIT,PSO,V3,ELIT,V,215051.0
PSO_V3-ELIT,PSO,V3,ELIT,V,212874.0
PSO_V3-ELIT,PSO,V3,ELIT,V,215608.0
PSO_V3-ELIT,PSO,V3,ELIT,V,215124.0
PSO_V3-ELIT,PSO,V3,ELIT,V,211850.0
PSO_V3-ELIT,PSO,V3,ELIT,V,215398.0
PSO_V3-ELIT,PSO,V3,ELIT,V,215456.0
PSO_V4-ELIT,PSO,V4,ELIT,V,211583.0
PSO_V4-ELIT,PSO,V4,ELIT,V,213935.0
PSO_V4-ELIT,PSO,V4,ELIT,V,219613.0
PSO_V4-ELIT,PSO,V4,ELIT,V,213103.0
PSO_V4-ELIT,PSO,V4,ELIT,V,209404.0
PSO_V4-ELIT,PSO,V4,ELIT,V,225056.0
PSO_V4-ELIT,PSO,V4,ELIT,V,217036.0
PSO_V4-ELIT,PSO,V4,ELIT,V,220526.0
PSO_V4-ELIT,PSO,V4,ELIT,V,214721.0
PSO_V4-ELIT,PSO,V4,ELIT,V,213046.0
PSO_V4-ELIT,PSO,V4,ELIT,V,215753.0
PSO_V4-ELIT,PSO,V4,ELIT,V,212590.0
PSO_V4-ELIT,PSO,V4,ELIT,V,213117.0
PSO_V4-ELIT,PSO,V4,ELIT,V,216539.0
PSO_V4-ELIT,PSO,V4,ELIT,V,214444.0
PSO_V4-ELIT,PSO,V4,ELIT,V,214747.0
PSO_V4-ELIT,PSO,V4,ELIT,V,220957.0
PSO_V4-ELIT,PSO,V4,ELIT,V,213554.0
PSO_V4-ELIT,PSO,V4,ELIT,V,215694.0
PSO_V4-ELIT,PSO,V4,ELIT,V,214156.0
PSO_V4-ELIT,PSO,V4,ELIT,V,215045.0
PSO_V4-ELIT,PSO,V4,ELIT,V,218080.0
PSO_V4-ELIT,PSO,V4,ELIT,V,214633.0
PSO_V4-ELIT,PSO,V4,ELIT,V,216770.0
PSO_V4-ELIT,PSO,V4,ELIT,V,212177.0
PSO_V4-ELIT,PSO,V4,ELIT,V,215400.0
PSO_V4-ELIT,PSO,V4,ELIT,V,208851.0
PSO_V4-ELIT,PSO,V4,ELIT,V,213742.0
PSO_V4-ELIT,PSO,V4,ELIT,V,215595.0
PSO_V4-ELIT,PSO,V4,ELIT,V,218245.0
PSO_V4-ELIT,PSO,V4,ELIT,V,216553.0
PSO_X1-STD,PSO,X1,STD,X,211052.0
PSO_X1-STD,PSO,X1,STD,X,217905.0
PSO_X1-STD,PSO,X1,STD,X,212749.0
PSO_X1-STD,PSO,X1,STD,X,214264.0
PSO_X1-STD,PSO,X1,STD,X,216062.0
PSO_X1-STD,PSO,X1,STD,X,214309.0
PSO_X1-STD,PSO,X1,STD,X,219744.0
PSO_X1-STD,PSO,X1,STD,X,216474.0
PSO_X1-STD,PSO,X1,STD,X,210328.0
PSO_X1-STD,PSO,X1,STD,X,206811.0
PSO_X1-STD,PSO,X1,STD,X,212077.0
PSO_X1-STD,PSO,X1,STD,X,212988.0
PSO_X1-STD,PSO,X1,STD,X,212918.0
PSO_X1-STD,PSO,X1,STD,X,213803.0
PSO_X1-STD,PSO,X1,STD,X,207664.0
PSO_X1-STD,PSO,X1,STD,X,216251.0
PSO_X1-STD,PSO,X1,STD,X,211521.0
PSO_X1-STD,PSO,X1,STD,X,212290.0
PSO_X1-STD,PSO,X1,STD,X,209870.0
PSO_X1-STD,PSO,X1,STD,X,214221.0
PSO_X1-STD,PSO,X1,STD,X,218648.0
PSO_X1-STD,PSO,X1,STD,X,225519.0
PSO_X1-STD,PSO,X1,STD,X,208775.0
PSO_X1-STD,PSO,X1,STD,X,212749.0
PSO_X1-STD,PSO,X1,STD,X,211924.0
PSO_X1-STD,PSO,X1,STD,X,219768.0
PSO_X1-STD,PSO,X1,STD,X,213785.0
PSO_X1-STD,PSO,X1,STD,X,216703.0
PSO_X1-STD,PSO,X1,STD,X,214791.0
PSO_X1-STD,PSO,X1,STD,X,214789.0
PSO_X1-STD,PSO,X1,STD,X,219875.0
PSO_X2-STD,PSO,X2,STD,X,215213.0
PSO_X2-STD,PSO,X2,STD,X,220749.0
PSO_X2-STD,PSO,X2,STD,X,216618.0
PSO_X2-STD,PSO,X2,STD,X,216411.0
PSO_X2-STD,PSO,X2,STD,X,215399.0
PSO_X2-STD,PSO,X2,STD,X,209891.0
PSO_X2-STD,PSO,X2,STD,X,213148.0
PSO_X2-STD,PSO,X2,STD,X,213319.0
PSO_X2-STD,PSO,X2,STD,X,217729.0
PSO_X2-STD,PSO,X2,STD,X,215964.0
PSO_X2-STD,PSO,X2,STD,X,210822.0
PSO_X2-STD,PSO,X2,STD,X,215659.0
PSO_X2-STD,PSO,X2,STD,X,219182.0
PSO_X2-STD,PSO,X2,STD,X,219868.0
PSO_X2-STD,PSO,X2,STD,X,220201.0
PSO_X2-STD,PSO,X2,STD,X,213969.0
PSO_X2-STD,PSO,X2,STD,X,216598.0
PSO_X2-STD,PSO,X2,STD,X,208958.0
PSO_X2-STD,PSO,X2,STD,X,211988.0
PSO_X2-STD,PSO,X2,STD,X,215307.0
PSO_X2-STD,PSO,X2,STD,X,219816.0
PSO_X2-STD,PSO,X2,STD,X,214225.0
PSO_X2-STD,PSO,X2,STD,X,216771.0
PSO_X2-STD,PSO,X2,STD,X,219789.0
PSO_X2-STD,PSO,X2,STD,X,219102.0
PSO_X2-STD,PSO,X2,STD,X,211918.0
PSO_X2-STD,PSO,X2,STD,X,208737.0
PSO_X2-STD,PSO,X2,STD,X,213917.0
PSO_X2-STD,PSO,X2,STD,X,216179.0
PSO_X2-STD,PSO,X2,STD,X,212172.0
PSO_X2-STD,PSO,X2,STD,X,218576.0
PSO_X3-STD,PSO,X3,STD,X,218846.0
PSO_X3-STD,PSO,X3,STD,X,212746.0
PSO_X3-STD,PSO,X3,STD,X,220525.0
PSO_X3-STD,PSO,X3,STD,X,215469.0
PSO_X3-STD,PSO,X3,STD,X,215911.0
PSO_X3-STD,PSO,X3,STD,X,212484.0
PSO_X3-STD,PSO,X3,STD,X,217125.0
PSO_X3-STD,PSO,X3,STD,X,216890.0
PSO_X3-STD,PSO,X3,STD,X,212396.0
PSO_X3-STD,PSO,X3,STD,X,215827.0
PSO_X3-STD,PSO,X3,STD,X,215438.0
PSO_X3-STD,PSO,X3,STD,X,218355.0
PSO_X3-STD,PSO,X3,STD,X,213478.0
PSO_X3-STD,PSO,X3,STD,X,214093.0
PSO_X3-STD,PSO,X3,STD,X,216266.0
PSO_X3-STD,PSO,X3,STD,X,218712.0
PSO_X3-STD,PSO,X3,STD,X,213214.0
PSO_X3-STD,PSO,X3,STD,X,212280.0
PSO_X3-STD,PSO,X3,STD,X,211126.0
PSO_X3-STD,PSO,X3,STD,X,215077.0
PSO_X3-STD,PSO,X3,STD,X,212832.0
PSO_X3-STD,PSO,X3,STD,X,220474.0
PSO_X3-STD,PSO,X3,STD,X,212674.0
PSO_X3-STD,PSO,X3,STD,X,218658.0
PSO_X3-STD,PSO,X3,STD,X,214431.0
PSO_X3-STD,PSO,X3,STD,X,211957.0
PSO_X3-STD,PSO,X3,STD,X,220919.0
PSO_X3-STD,PSO,X3,STD,X,218985.0
PSO_X3-STD,PSO,X3,STD,X,216917.0
PSO_X3-STD,PSO,X3,STD,X,213781.0
PSO_X3-STD,PSO,X3,STD,X,212712.0
PSO_X4-STD,PSO,X4,STD,X,219765.0
PSO_X4-STD,PSO,X4,STD,X,220392.0
PSO_X4-STD,PSO,X4,STD,X,215866.0
PSO_X4-STD,PSO,X4,STD,X,215989.0
PSO_X4-STD,PSO,X4,STD,X,217664.0
PSO_X4-STD,PSO,X4,STD,X,221017.0
PSO_X4-STD,PSO,X4,STD,X,218369.0
PSO_X4-STD,PSO,X4,STD,X,219113.0
PSO_X4-STD,PSO,X4,STD,X,216735.0
PSO_X4-STD,PSO,X4,STD,X,225876.0
PSO_X4-STD,PSO,X4,STD,X,215467.0
PSO_X4-STD,PSO,X4,STD,X,216290.0
PSO_X4-STD,PSO,X4,STD,X,217723.0
PSO_X4-STD,PSO,X4,STD,X,216169.0
PSO_X4-STD,PSO,X4,STD,X,215749.0
PSO_X4-STD,PSO,X4,STD,X,220544.0
PSO_X4-STD,PSO,X4,STD,X,215276.0
PSO_X4-STD,PSO,X4,STD,X,217658.0
PSO_X4-STD,PSO,X4,STD,X,215668.0
PSO_X4-STD,PSO,X4,STD,X,217862.0
PSO_X4-STD,PSO,X4,STD,X,218873.0
PSO_X4-STD,PSO,X4,STD,X,216542.0
PSO_X4-STD,PSO,X4,STD,X,216160.0
PSO_X4-STD,PSO,X4,STD,X,217166.0
PSO_X4-STD,PSO,X4,STD,X,213823.0
PSO_X4-STD,PSO,X4,STD,X,215440.0
PSO_X4-STD,PSO,X4,STD,X,217782.0
PSO_X4-STD,PSO,X4,STD,X,215871.0
PSO_X4-STD,PSO,X4,STD,X,216107.0
PSO_X4-STD,PSO,X4,STD,X,215603.0
PSO_X4-STD,PSO,X4,STD,X,215351.0
PSO_X1-COM,PSO,X1,COM,X,212900.0
PSO_X1-COM,PSO,X1,COM,X,212885.0
PSO_X1-COM,PSO,X1,COM,X,212574.0
PSO_X1-COM,PSO,X1,COM,X,212294.0
PSO_X1-COM,PSO,X1,COM,X,217422.0
PSO_X1-COM,PSO,X1,COM,X,213524.0
PSO_X1-COM,PSO,X1,COM,X,210327.0
PSO_X1-COM,PSO,X1,COM,X,215595.0
PSO_X1-COM,PSO,X1,COM,X,222248.0
PSO_X1-COM,PSO,X1,COM,X,214443.0
PSO_X1-COM,PSO,X1,COM,X,216313.0
PSO_X1-COM,PSO,X1,COM,X,214381.0
PSO_X1-COM,PSO,X1,COM,X,213720.0
PSO_X1-COM,PSO,X1,COM,X,213549.0
PSO_X1-COM,PSO,X1,COM,X,220757.0
PSO_X1-COM,PSO,X1,COM,X,212023.0
PSO_X1-COM,PSO,X1,COM,X,216101.0
PSO_X1-COM,PSO,X1,COM,X,217438.0
PSO_X1-COM,PSO,X1,COM,X,216520.0
PSO_X1-COM,PSO,X1,COM,X,211808.0
PSO_X1-COM,PSO,X1,COM,X,211136.0
PSO_X1-COM,PSO,X1,COM,X,213676.0
PSO_X1-COM,PSO,X1,COM,X,214877.0
PSO_X1-COM,PSO,X1,COM,X,213753.0
PSO_X1-COM,PSO,X1,COM,X,219678.0
PSO_X1-COM,PSO,X1,COM,X,213628.0
PSO_X1-COM,PSO,X1,COM,X,213799.0
PSO_X1-COM,PSO,X1,COM,X,213861.0
PSO_X1-COM,PSO,X1,COM,X,216463.0
PSO_X1-COM,PSO,X1,COM,X,215934.0
PSO_X1-COM,PSO,X1,COM,X,214535.0
PSO_X2-COM,PSO,X2,COM,X,213880.0
PSO_X2-COM,PSO,X2,COM,X,213357.0
PSO_X2-COM,PSO,X2,COM,X,214424.0
PSO_X2-COM,PSO,X2,COM,X,214761.0
PSO_X2-COM,PSO,X2,COM,X,213650.0
PSO_X2-COM,PSO,X2,COM,X,213349.0
PSO_X2-COM,PSO,X2,COM,X,222002.0
PSO_X2-COM,PSO,X2,COM,X,221522.0
PSO_X2-COM,PSO,X2,COM,X,213475.0
PSO_X2-COM,PSO,X2,COM,X,212146.0
PSO_X2-COM,PSO,X2,COM,X,209619.0
PSO_X2-COM,PSO,X2,COM,X,221577.0
PSO_X2-COM,PSO,X2,COM,X,217809.0
PSO_X2-COM,PSO,X2,COM,X,219697.0
PSO_X2-COM,PSO,X2,COM,X,215806.0
PSO_X2-COM,PSO,X2,COM,X,213690.0
PSO_X2-COM,PSO,X2,COM,X,211132.0
PSO_X2-COM,PSO,X2,COM,X,216391.0
PSO_X2-COM,PSO,X2,COM,X,220905.0
PSO_X2-COM,PSO,X2,COM,X,218745.0
PSO_X2-COM,PSO,X2,COM,X,214569.0
PSO_X2-COM,PSO,X2,COM,X,212974.0
PSO_X2-COM,PSO,X2,COM,X,220306.0
PSO_X2-COM,PSO,X2,COM,X,210099.0
PSO_X2-COM,PSO,X2,COM,X,222474.0
PSO_X2-COM,PSO,X2,COM,X,211594.0
PSO_X2-COM,PSO,X2,COM,X,213212.0
PSO_X2-COM,PSO,X2,COM,X,211979.0
PSO_X2-COM,PSO,X2,COM,X,214351.0
PSO_X2-COM,PSO,X2,COM,X,209738.0
PSO_X2-COM,PSO,X2,COM,X,213415.0
PSO_X3-COM,PSO,X3,COM,X,210338.0
PSO_X3-COM,PSO,X3,COM,X,214455.0
PSO_X3-COM,PSO,X3,COM,X,215557.0
PSO_X3-COM,PSO,X3,COM,X,217833.0
PSO_X3-COM,PSO,X3,COM,X,215096.0
PSO_X3-COM,PSO,X3,COM,X,219147.0
PSO_X3-COM,PSO,X3,COM,X,219910.0
PSO_X3-COM,PSO,X3,COM,X,212246.0
PSO_X3-COM,PSO,X3,COM,X,216716.0
PSO_X3-COM,PSO,X3,COM,X,213397.0
PSO_X3-COM,PSO,X3,COM,X,208824.0
PSO_X3-COM,PSO,X3,COM,X,213495.0
PSO_X3-COM,PSO,X3,COM,X,220878.0
PSO_X3-COM,PSO,X3,COM,X,215245.0
PSO_X3-COM,PSO,X3,COM,X,213529.0
PSO_X3-COM,PSO,X3,COM,X,214145.0
PSO_X3-COM,PSO,X3,COM,X,212182.0
PSO_X3-COM,PSO,X3,COM,X,214984.0
PSO_X3-COM,PSO,X3,COM,X,214565.0
PSO_X3-COM,PSO,X3,COM,X,216002.0
PSO_X3-COM,PSO,X3,COM,X,222339.0
PSO_X3-COM,PSO,X3,COM,X,212133.0
PSO_X3-COM,PSO,X3,COM,X,212378.0
PSO_X3-COM,PSO,X3,COM,X,217502.0
PSO_X3-COM,PSO,X3,COM,X,215958.0
PSO_X3-COM,PSO,X3,COM,X,217045.0
PSO_X3-COM,PSO,X3,COM,X,214346.0
PSO_X3-COM,PSO,X3,COM,X,211109.0
PSO_X3-COM,PSO,X3,COM,X,209934.0
PSO_X3-COM,PSO,X3,COM,X,216074.0
PSO_X3-COM,PSO,X3,COM,X,211456.0
PSO_X4-COM,PSO,X4,COM,X,216292.0
PSO_X4-COM,PSO,X4,COM,X,212360.0
PSO_X4-COM,PSO,X4,COM,X,217552.0
PSO_X4-COM,PSO,X4,COM,X,220948.0
PSO_X4-COM,PSO,X4,COM,X,218255.0
PSO_X4-COM,PSO,X4,COM,X,214704.0
PSO_X4-COM,PSO,X4,COM,X,215522.0
PSO_X4-COM,PSO,X4,COM,X,219206.0
PSO_X4-COM,PSO,X4,COM,X,215694.0
PSO_X4-COM,PSO,X4,COM,X,212697.0
PSO_X4-COM,PSO,X4,COM,X,214987.0
PSO_X4-COM,PSO,X4,COM,X,220081.0
PSO_X4-COM,PSO,X4,COM,X,210449.0
PSO_X4-COM,PSO,X4,COM,X,219738.0
PSO_X4-COM,PSO,X4,COM,X,215161.0
PSO_X4-COM,PSO,X4,COM,X,215079.0
PSO_X4-COM,PSO,X4,COM,X,210870.0
PSO_X4-COM,PSO,X4,COM,X,215853.0
PSO_X4-COM,PSO,X4,COM,X,219486.0
PSO_X4-COM,PSO,X4,COM,X,210825.0
PSO_X4-COM,PSO,X4,COM,X,215368.0
PSO_X4-COM,PSO,X4,COM,X,217126.0
PSO_X4-COM,PSO,X4,COM,X,213334.0
PSO_X4-COM,PSO,X4,COM,X,212987.0
PSO_X4-COM,PSO,X4,COM,X,209525.0
PSO_X4-COM,PSO,X4,COM,X,218232.0
PSO_X4-COM,PSO,X4,COM,X,216861.0
PSO_X4-COM,PSO,X4,COM,X,214953.0
PSO_X4-COM,PSO,X4,COM,X,209807.0
PSO_X4-COM,PSO,X4,COM,X,219049.0
PSO_X4-COM,PSO,X4,COM,X,213053.0
PSO_X1-ELIT,PSO,X1,ELIT,X,210086.0
PSO_X1-ELIT,PSO,X1,ELIT,X,219163.0
PSO_X1-ELIT,PSO,X1,ELIT,X,212781.0
PSO_X1-ELIT,PSO,X1,ELIT,X,217918.0
PSO_X1-ELIT,PSO,X1,ELIT,X,215974.0
PSO_X1-ELIT,PSO,X1,ELIT,X,211334.0
PSO_X1-ELIT,PSO,X1,ELIT,X,211006.0
PSO_X1-ELIT,PSO,X1,ELIT,X,216840.0
PSO_X1-ELIT,PSO,X1,ELIT,X,210410.0
PSO_X1-ELIT,PSO,X1,ELIT,X,212994.0
PSO_X1-ELIT,PSO,X1,ELIT,X,217322.0
PSO_X1-ELIT,PSO,X1,ELIT,X,213264.0
PSO_X1-ELIT,PSO,X1,ELIT,X,215296.0
PSO_X1-ELIT,PSO,X1,ELIT,X,216512.0
PSO_X1-ELIT,PSO,X1,ELIT,X,206451.0
PSO_X1-ELIT,PSO,X1,ELIT,X,220464.0
PSO_X1-ELIT,PSO,X1,ELIT,X,216603.0
PSO_X1-ELIT,PSO,X1,ELIT,X,212705.0
PSO_X1-ELIT,PSO,X1,ELIT,X,218064.0
PSO_X1-ELIT,PSO,X1,ELIT,X,216775.0
PSO_X1-ELIT,PSO,X1,ELIT,X,211776.0
PSO_X1-ELIT,PSO,X1,ELIT,X,211341.0
PSO_X1-ELIT,PSO,X1,ELIT,X,211476.0
PSO_X1-ELIT,PSO,X1,ELIT,X,219233.0
PSO_X1-ELIT,PSO,X1,ELIT,X,212390.0
PSO_X1-ELIT,PSO,X1,ELIT,X,214232.0
PSO_X1-ELIT,PSO,X1,ELIT,X,215062.0
PSO_X1-ELIT,PSO,X1,ELIT,X,217914.0
PSO_X1-ELIT,PSO,X1,ELIT,X,218385.0
PSO_X1-ELIT,PSO,X1,ELIT,X,216424.0
PSO_X1-ELIT,PSO,X1,ELIT,X,214864.0
PSO_X2-ELIT,PSO,X2,ELIT,X,214150.0
PSO_X2-ELIT,PSO,X2,ELIT,X,217656.0
PSO_X2-ELIT,PSO,X2,ELIT,X,216798.0
PSO_X2-ELIT,PSO,X2,ELIT,X,217162.0
PSO_X2-ELIT,PSO,X2,ELIT,X,214890.0
PSO_X2-ELIT,PSO,X2,ELIT,X,218084.0
PSO_X2-ELIT,PSO,X2,ELIT,X,215612.0
PSO_X2-ELIT,PSO,X2,ELIT,X,213219.0
PSO_X2-ELIT,PSO,X2,ELIT,X,213403.0
PSO_X2-ELIT,PSO,X2,ELIT,X,213739.0
PSO_X2-ELIT,PSO,X2,ELIT,X,213034.0
PSO_X2-ELIT,PSO,X2,ELIT,X,217431.0
PSO_X2-ELIT,PSO,X2,ELIT,X,216747.0
PSO_X2-ELIT,PSO,X2,ELIT,X,212709.0
PSO_X2-ELIT,PSO,X2,ELIT,X,210426.0
PSO_X2-ELIT,PSO,X2,ELIT,X,215540.0
PSO_X2-ELIT,PSO,X2,ELIT,X,213318.0
PSO_X2-ELIT,PSO,X2,ELIT,X,216690.0
PSO_X2-ELIT,PSO,X2,ELIT,X,218674.0
PSO_X2-ELIT,PSO,X2,ELIT,X,215542.0
PSO_X2-ELIT,PSO,X2,ELIT,X,212897.0
PSO_X2-ELIT,PSO,X2,ELIT,X,218300.0
PSO_X2-ELIT,PSO,X2,ELIT,X,220388.0
PSO_X2-ELIT,PSO,X2,ELIT,X,214917.0
PSO_X2-ELIT,PSO,X2,ELIT,X,212443.0
PSO_X2-ELIT,PSO,X2,ELIT,X,221196.0
PSO_X2-ELIT,PSO,X2,ELIT,X,213519.0
PSO_X2-ELIT,PSO,X2,ELIT,X,212321.0
PSO_X2-ELIT,PSO,X2,ELIT,X,214492.0
PSO_X2-ELIT,PSO,X2,ELIT,X,213149.0
PSO_X2-ELIT,PSO,X2,ELIT,X,216686.0
PSO_X3-ELIT,PSO,X3,ELIT,X,212696.0
PSO_X3-ELIT,PSO,X3,ELIT,X,216901.0
PSO_X3-ELIT,PSO,X3,ELIT,X,212939.0
PSO_X3-ELIT,PSO,X3,ELIT,X,220379.0
PSO_X3-ELIT,PSO,X3,ELIT,X,212143.0
PSO_X3-ELIT,PSO,X3,ELIT,X,217753.0
PSO_X3-ELIT,PSO,X3,ELIT,X,215886.0
PSO_X3-ELIT,PSO,X3,ELIT,X,215817.0
PSO_X3-ELIT,PSO,X3,ELIT,X,219159.0
PSO_X3-ELIT,PSO,X3,ELIT,X,215164.0
PSO_X3-ELIT,PSO,X3,ELIT,X,214603.0
PSO_X3-ELIT,PSO,X3,ELIT,X,214054.0
PSO_X3-ELIT,PSO,X3,ELIT,X,210359.0
PSO_X3-ELIT,PSO,X3,ELIT,X,211236.0
PSO_X3-ELIT,PSO,X3,ELIT,X,213243.0
PSO_X3-ELIT,PSO,X3,ELIT,X,214518.0
PSO_X3-ELIT,PSO,X3,ELIT,X,211526.0
PSO_X3-ELIT,PSO,X3,ELIT,X,209710.0
PSO_X3-ELIT,PSO,X3,ELIT,X,214270.0
PSO_X3-ELIT,PSO,X3,ELIT,X,211635.0
PSO_X3-ELIT,PSO,X3,ELIT,X,215784.0
PSO_X3-ELIT,PSO,X3,ELIT,X,214974.0
PSO_X3-ELIT,PSO,X3,ELIT,X,216028.0
PSO_X3-ELIT,PSO,X3,ELIT,X,214182.0
PSO_X3-ELIT,PSO,X3,ELIT,X,215676.0
PSO_X3-ELIT,PSO,X3,ELIT,X,210221.0
PSO_X3-ELIT,PSO,X3,ELIT,X,212279.0
PSO_X3-ELIT,PSO,X3,ELIT,X,225956.0
PSO_X3-ELIT,PSO,X3,ELIT,X,221890.0
PSO_X3-ELIT,PSO,X3,ELIT,X,224121.0
PSO_X3-ELIT,PSO,X3,ELIT,X,214904.0
PSO_X4-ELIT,PSO,X4,ELIT,X,213929.0
PSO_X4-ELIT,PSO,X4,ELIT,X,218412.0
PSO_X4-ELIT,PSO,X4,ELIT,X,214137.0
PSO_X4-ELIT,PSO,X4,ELIT,X,216119.0
PSO_X4-ELIT,PSO,X4,ELIT,X,218047.0
PSO_X4-ELIT,PSO,X4,ELIT,X,213224.0
PSO_X4-ELIT,PSO,X4,ELIT,X,214916.0
PSO_X4-ELIT,PSO,X4,ELIT,X,215967.0
PSO_X4-ELIT,PSO,X4,ELIT,X,218787.0
PSO_X4-ELIT,PSO,X4,ELIT,X,213059.0
PSO_X4-ELIT,PSO,X4,ELIT,X,219076.0
PSO_X4-ELIT,PSO,X4,ELIT,X,211569.0
PSO_X4-ELIT,PSO,X4,ELIT,X,210934.0
PSO_X4-ELIT,PSO,X4,ELIT,X,212795.0
PSO_X4-ELIT,PSO,X4,ELIT,X,211332.0
PSO_X4-ELIT,PSO,X4,ELIT,X,221724.0
PSO_X4-ELIT,PSO,X4,ELIT,X,217028.0
PSO_X4-ELIT,PSO,X4,ELIT,X,211520.0
PSO_X4-ELIT,PSO,X4,ELIT,X,210950.0
PSO_X4-ELIT,PSO,X4,ELIT,X,212395.0
PSO_X4-ELIT,PSO,X4,ELIT,X,212931.0
PSO_X4-ELIT,PSO,X4,ELIT,X,211909.0
PSO_X4-ELIT,PSO,X4,ELIT,X,213099.0
PSO_X4-ELIT,PSO,X4,ELIT,X,216454.0
PSO_X4-ELIT,PSO,X4,ELIT,X,220471.0
PSO_X4-ELIT,PSO,X4,ELIT,X,213011.0
PSO_X4-ELIT,PSO,X4,ELIT,X,218695.0
PSO_X4-ELIT,PSO,X4,ELIT,X,213774.0
PSO_X4-ELIT,PSO,X4,ELIT,X,209686.0
PSO_X4-ELIT,PSO,X4,ELIT,X,214608.0
PSO_X4-ELIT,PSO,X4,ELIT,X,211514.0
PSO_Z1-STD,PSO,Z1,STD,Z,213729.0
PSO_Z1-STD,PSO,Z1,STD,Z,211446.0
PSO_Z1-STD,PSO,Z1,STD,Z,216832.0
PSO_Z1-STD,PSO,Z1,STD,Z,211811.0
PSO_Z1-STD,PSO,Z1,STD,Z,210086.0
PSO_Z1-STD,PSO,Z1,STD,Z,215695.0
PSO_Z1-STD,PSO,Z1,STD,Z,213851.0
PSO_Z1-STD,PSO,Z1,STD,Z,210245.0
PSO_Z1-STD,PSO,Z1,STD,Z,210675.0
PSO_Z1-STD,PSO,Z1,STD,Z,215194.0
PSO_Z1-STD,PSO,Z1,STD,Z,216405.0
PSO_Z1-STD,PSO,Z1,STD,Z,218864.0
PSO_Z1-STD,PSO,Z1,STD,Z,215818.0
PSO_Z1-STD,PSO,Z1,STD,Z,214574.0
PSO_Z1-STD,PSO,Z1,STD,Z,216698.0
PSO_Z1-STD,PSO,Z1,STD,Z,208387.0
PSO_Z1-STD,PSO,Z1,STD,Z,210373.0
PSO_Z1-STD,PSO,Z1,STD,Z,213264.0
PSO_Z1-STD,PSO,Z1,STD,Z,214016.0
PSO_Z1-STD,PSO,Z1,STD,Z,214771.0
PSO_Z1-STD,PSO,Z1,STD,Z,212051.0
PSO_Z1-STD,PSO,Z1,STD,Z,219624.0
PSO_Z1-STD,PSO,Z1,STD,Z,210566.0
PSO_Z1-STD,PSO,Z1,STD,Z,220105.0
PSO_Z1-STD,PSO,Z1,STD,Z,212725.0
PSO_Z1-STD,PSO,Z1,STD,Z,213971.0
PSO_Z1-STD,PSO,Z1,STD,Z,213948.0
PSO_Z1-STD,PSO,Z1,STD,Z,215854.0
PSO_Z1-STD,PSO,Z1,STD,Z,212079.0
PSO_Z1-STD,PSO,Z1,STD,Z,210191.0
PSO_Z1-STD,PSO,Z1,STD,Z,217250.0
PSO_Z2-STD,PSO,Z2,STD,Z,215314.0
PSO_Z2-STD,PSO,Z2,STD,Z,215343.0
PSO_Z2-STD,PSO,Z2,STD,Z,213754.0
PSO_Z2-STD,PSO,Z2,STD,Z,217128.0
PSO_Z2-STD,PSO,Z2,STD,Z,211109.0
PSO_Z2-STD,PSO,Z2,STD,Z,209440.0
PSO_Z2-STD,PSO,Z2,STD,Z,211060.0
PSO_Z2-STD,PSO,Z2,STD,Z,215223.0
PSO_Z2-STD,PSO,Z2,STD,Z,220950.0
PSO_Z2-STD,PSO,Z2,STD,Z,218466.0
PSO_Z2-STD,PSO,Z2,STD,Z,218769.0
PSO_Z2-STD,PSO,Z2,STD,Z,216869.0
PSO_Z2-STD,PSO,Z2,STD,Z,208026.0
PSO_Z2-STD,PSO,Z2,STD,Z,214267.0
PSO_Z2-STD,PSO,Z2,STD,Z,212484.0
PSO_Z2-STD,PSO,Z2,STD,Z,216373.0
PSO_Z2-STD,PSO,Z2,STD,Z,213963.0
PSO_Z2-STD,PSO,Z2,STD,Z,210770.0
PSO_Z2-STD,PSO,Z2,STD,Z,213331.0
PSO_Z2-STD,PSO,Z2,STD,Z,213398.0
PSO_Z2-STD,PSO,Z2,STD,Z,215354.0
PSO_Z2-STD,PSO,Z2,STD,Z,212244.0
PSO_Z2-STD,PSO,Z2,STD,Z,217349.0
PSO_Z2-STD,PSO,Z2,STD,Z,212896.0
PSO_Z2-STD,PSO,Z2,STD,Z,212631.0
PSO_Z2-STD,PSO,Z2,STD,Z,219004.0
PSO_Z2-STD,PSO,Z2,STD,Z,217625.0
PSO_Z2-STD,PSO,Z2,STD,Z,216992.0
PSO_Z2-STD,PSO,Z2,STD,Z,211027.0
PSO_Z2-STD,PSO,Z2,STD,Z,217070.0
PSO_Z2-STD,PSO,Z2,STD,Z,214288.0
PSO_Z3-STD,PSO,Z3,STD,Z,209891.0
PSO_Z3-STD,PSO,Z3,STD,Z,214145.0
PSO_Z3-STD,PSO,Z3,STD,Z,217870.0
PSO_Z3-STD,PSO,Z3,STD,Z,216698.0
PSO_Z3-STD,PSO,Z3,STD,Z,222103.0
PSO_Z3-STD,PSO,Z3,STD,Z,220449.0
PSO_Z3-STD,PSO,Z3,STD,Z,211847.0
PSO_Z3-STD,PSO,Z3,STD,Z,215841.0
PSO_Z3-STD,PSO,Z3,STD,Z,213912.0
PSO_Z3-STD,PSO,Z3,STD,Z,214165.0
PSO_Z3-STD,PSO,Z3,STD,Z,214286.0
PSO_Z3-STD,PSO,Z3,STD,Z,217285.0
PSO_Z3-STD,PSO,Z3,STD,Z,217061.0
PSO_Z3-STD,PSO,Z3,STD,Z,213641.0
PSO_Z3-STD,PSO,Z3,STD,Z,211549.0
PSO_Z3-STD,PSO,Z3,STD,Z,216555.0
PSO_Z3-STD,PSO,Z3,STD,Z,209354.0
PSO_Z3-STD,PSO,Z3,STD,Z,213568.0
PSO_Z3-STD,PSO,Z3,STD,Z,218781.0
PSO_Z3-STD,PSO,Z3,STD,Z,210678.0
PSO_Z3-STD,PSO,Z3,STD,Z,211777.0
PSO_Z3-STD,PSO,Z3,STD,Z,217232.0
PSO_Z3-STD,PSO,Z3,STD,Z,215742.0
PSO_Z3-STD,PSO,Z3,STD,Z,212756.0
PSO_Z3-STD,PSO,Z3,STD,Z,217621.0
PSO_Z3-STD,PSO,Z3,STD,Z,216981.0
PSO_Z3-STD,PSO,Z3,STD,Z,216461.0
PSO_Z3-STD,PSO,Z3,STD,Z,211903.0
PSO_Z3-STD,PSO,Z3,STD,Z,215314.0
PSO_Z3-STD,PSO,Z3,STD,Z,217212.0
PSO_Z3-STD,PSO,Z3,STD,Z,210224.0
PSO_Z4-STD,PSO,Z4,STD,Z,211030.0
PSO_Z4-STD,PSO,Z4,STD,Z,209808.0
PSO_Z4-STD,PSO,Z4,STD,Z,211769.0
PSO_Z4-STD,PSO,Z4,STD,Z,214198.0
PSO_Z4-STD,PSO,Z4,STD,Z,213671.0
PSO_Z4-STD,PSO,Z4,STD,Z,212287.0
PSO_Z4-STD,PSO,Z4,STD,Z,213430.0
PSO_Z4-STD,PSO,Z4,STD,Z,212183.0
PSO_Z4-STD,PSO,Z4,STD,Z,210559.0
PSO_Z4-STD,PSO,Z4,STD,Z,213191.0
PSO_Z4-STD,PSO,Z4,STD,Z,217059.0
PSO_Z4-STD,PSO,Z4,STD,Z,217117.0
PSO_Z4-STD,PSO,Z4,STD,Z,213024.0
PSO_Z4-STD,PSO,Z4,STD,Z,214814.0
PSO_Z4-STD,PSO,Z4,STD,Z,218399.0
PSO_Z4-STD,PSO,Z4,STD,Z,212568.0
PSO_Z4-STD,PSO,Z4,STD,Z,217637.0
PSO_Z4-STD,PSO,Z4,STD,Z,216119.0
PSO_Z4-STD,PSO,Z4,STD,Z,214252.0
PSO_Z4-STD,PSO,Z4,STD,Z,211543.0
PSO_Z4-STD,PSO,Z4,STD,Z,212513.0
PSO_Z4-STD,PSO,Z4,STD,Z,217162.0
PSO_Z4-STD,PSO,Z4,STD,Z,218871.0
PSO_Z4-STD,PSO,Z4,STD,Z,214912.0
PSO_Z4-STD,PSO,Z4,STD,Z,217903.0
PSO_Z4-STD,PSO,Z4,STD,Z,212060.0
PSO_Z4-STD,PSO,Z4,STD,Z,213051.0
PSO_Z4-STD,PSO,Z4,STD,Z,213814.0
PSO_Z4-STD,PSO,Z4,STD,Z,217090.0
PSO_Z4-STD,PSO,Z4,STD,Z,218410.0
PSO_Z4-STD,PSO,Z4,STD,Z,213530.0
PSO_Z1-COM,PSO,Z1,COM,Z,217541.0
PSO_Z1-COM,PSO,Z1,COM,Z,215490.0
PSO_Z1-COM,PSO,Z1,COM,Z,218538.0
PSO_Z1-COM,PSO,Z1,COM,Z,218294.0
PSO_Z1-COM,PSO,Z1,COM,Z,209639.0
PSO_Z1-COM,PSO,Z1,COM,Z,211475.0
PSO_Z1-COM,PSO,Z1,COM,Z,214652.0
PSO_Z1-COM,PSO,Z1,COM,Z,217012.0
PSO_Z1-COM,PSO,Z1,COM,Z,214749.0
PSO_Z1-COM,PSO,Z1,COM,Z,214455.0
PSO_Z1-COM,PSO,Z1,COM,Z,210875.0
PSO_Z1-COM,PSO,Z1,COM,Z,218464.0
PSO_Z1-COM,PSO,Z1,COM,Z,217796.0
PSO_Z1-COM,PSO,Z1,COM,Z,214876.0
PSO_Z1-COM,PSO,Z1,COM,Z,212317.0
PSO_Z1-COM,PSO,Z1,COM,Z,213142.0
PSO_Z1-COM,PSO,Z1,COM,Z,216425.0
PSO_Z1-COM,PSO,Z1,COM,Z,212872.0
PSO_Z1-COM,PSO,Z1,COM,Z,211542.0
PSO_Z1-COM,PSO,Z1,COM,Z,217980.0
PSO_Z1-COM,PSO,Z1,COM,Z,218421.0
PSO_Z1-COM,PSO,Z1,COM,Z,216077.0
PSO_Z1-COM,PSO,Z1,COM,Z,219002.0
PSO_Z1-COM,PSO,Z1,COM,Z,222907.0
PSO_Z1-COM,PSO,Z1,COM,Z,213373.0
PSO_Z1-COM,PSO,Z1,COM,Z,216072.0
PSO_Z1-COM,PSO,Z1,COM,Z,216549.0
PSO_Z1-COM,PSO,Z1,COM,Z,216315.0
PSO_Z1-COM,PSO,Z1,COM,Z,215725.0
PSO_Z1-COM,PSO,Z1,COM,Z,215812.0
PSO_Z1-COM,PSO,Z1,COM,Z,207872.0
PSO_Z2-COM,PSO,Z2,COM,Z,215903.0
PSO_Z2-COM,PSO,Z2,COM,Z,211497.0
PSO_Z2-COM,PSO,Z2,COM,Z,216868.0
PSO_Z2-COM,PSO,Z2,COM,Z,215353.0
PSO_Z2-COM,PSO,Z2,COM,Z,213798.0
PSO_Z2-COM,PSO,Z2,COM,Z,214338.0
PSO_Z2-COM,PSO,Z2,COM,Z,214187.0
PSO_Z2-COM,PSO,Z2,COM,Z,219605.0
PSO_Z2-COM,PSO,Z2,COM,Z,210803.0
PSO_Z2-COM,PSO,Z2,COM,Z,211547.0
PSO_Z2-COM,PSO,Z2,COM,Z,210205.0
PSO_Z2-COM,PSO,Z2,COM,Z,209267.0
PSO_Z2-COM,PSO,Z2,COM,Z,217616.0
PSO_Z2-COM,PSO,Z2,COM,Z,215387.0
PSO_Z2-COM,PSO,Z2,COM,Z,218752.0
PSO_Z2-COM,PSO,Z2,COM,Z,216062.0
PSO_Z2-COM,PSO,Z2,COM,Z,210515.0
PSO_Z2-COM,PSO,Z2,COM,Z,212003.0
PSO_Z2-COM,PSO,Z2,COM,Z,212198.0
PSO_Z2-COM,PSO,Z2,COM,Z,208769.0
PSO_Z2-COM,PSO,Z2,COM,Z,220712.0
PSO_Z2-COM,PSO,Z2,COM,Z,211991.0
PSO_Z2-COM,PSO,Z2,COM,Z,212237.0
PSO_Z2-COM,PSO,Z2,COM,Z,213900.0
PSO_Z2-COM,PSO,Z2,COM,Z,211349.0
PSO_Z2-COM,PSO,Z2,COM,Z,208122.0
PSO_Z2-COM,PSO,Z2,COM,Z,216738.0
PSO_Z2-COM,PSO,Z2,COM,Z,210551.0
PSO_Z2-COM,PSO,Z2,COM,Z,210518.0
PSO_Z2-COM,PSO,Z2,COM,Z,213708.0
PSO_Z2-COM,PSO,Z2,COM,Z,216453.0
PSO_Z3-COM,PSO,Z3,COM,Z,219039.0
PSO_Z3-COM,PSO,Z3,COM,Z,212492.0
PSO_Z3-COM,PSO,Z3,COM,Z,218628.0
PSO_Z3-COM,PSO,Z3,COM,Z,217943.0
PSO_Z3-COM,PSO,Z3,COM,Z,214059.0
PSO_Z3-COM,PSO,Z3,COM,Z,218590.0
PSO_Z3-COM,PSO,Z3,COM,Z,214935.0
PSO_Z3-COM,PSO,Z3,COM,Z,212833.0
PSO_Z3-COM,PSO,Z3,COM,Z,209617.0
PSO_Z3-COM,PSO,Z3,COM,Z,210869.0
PSO_Z3-COM,PSO,Z3,COM,Z,212890.0
PSO_Z3-COM,PSO,Z3,COM,Z,218347.0
PSO_Z3-COM,PSO,Z3,COM,Z,216937.0
PSO_Z3-COM,PSO,Z3,COM,Z,214109.0
PSO_Z3-COM,PSO,Z3,COM,Z,210227.0
PSO_Z3-COM,PSO,Z3,COM,Z,212377.0
PSO_Z3-COM,PSO,Z3,COM,Z,217503.0
PSO_Z3-COM,PSO,Z3,COM,Z,210886.0
PSO_Z3-COM,PSO,Z3,COM,Z,220558.0
PSO_Z3-COM,PSO,Z3,COM,Z,214302.0
PSO_Z3-COM,PSO,Z3,COM,Z,215824.0
PSO_Z3-COM,PSO,Z3,COM,Z,211777.0
PSO_Z3-COM,PSO,Z3,COM,Z,215722.0
PSO_Z3-COM,PSO,Z3,COM,Z,218816.0
PSO_Z3-COM,PSO,Z3,COM,Z,214396.0
PSO_Z3-COM,PSO,Z3,COM,Z,211861.0
PSO_Z3-COM,PSO,Z3,COM,Z,213667.0
PSO_Z3-COM,PSO,Z3,COM,Z,216326.0
PSO_Z3-COM,PSO,Z3,COM,Z,215690.0
PSO_Z3-COM,PSO,Z3,COM,Z,218241.0
PSO_Z3-COM,PSO,Z3,COM,Z,217613.0
PSO_Z4-COM,PSO,Z4,COM,Z,215458.0
PSO_Z4-COM,PSO,Z4,COM,Z,211512.0
PSO_Z4-COM,PSO,Z4,COM,Z,217505.0
PSO_Z4-COM,PSO,Z4,COM,Z,217628.0
PSO_Z4-COM,PSO,Z4,COM,Z,214035.0
PSO_Z4-COM,PSO,Z4,COM,Z,209212.0
PSO_Z4-COM,PSO,Z4,COM,Z,217048.0
PSO_Z4-COM,PSO,Z4,COM,Z,215052.0
PSO_Z4-COM,PSO,Z4,COM,Z,216528.0
PSO_Z4-COM,PSO,Z4,COM,Z,221847.0
PSO_Z4-COM,PSO,Z4,COM,Z,216047.0
PSO_Z4-COM,PSO,Z4,COM,Z,210791.0
PSO_Z4-COM,PSO,Z4,COM,Z,218041.0
PSO_Z4-COM,PSO,Z4,COM,Z,220884.0
PSO_Z4-COM,PSO,Z4,COM,Z,213110.0
PSO_Z4-COM,PSO,Z4,COM,Z,210471.0
PSO_Z4-COM,PSO,Z4,COM,Z,216574.0
PSO_Z4-COM,PSO,Z4,COM,Z,210233.0
PSO_Z4-COM,PSO,Z4,COM,Z,220667.0
PSO_Z4-COM,PSO,Z4,COM,Z,209290.0
PSO_Z4-COM,PSO,Z4,COM,Z,216221.0
PSO_Z4-COM,PSO,Z4,COM,Z,213150.0
PSO_Z4-COM,PSO,Z4,COM,Z,214196.0
PSO_Z4-COM,PSO,Z4,COM,Z,214905.0
PSO_Z4-COM,PSO,Z4,COM,Z,216869.0
PSO_Z4-COM,PSO,Z4,COM,Z,213875.0
PSO_Z4-COM,PSO,Z4,COM,Z,216201.0
PSO_Z4-COM,PSO,Z4,COM,Z,216212.0
PSO_Z4-COM,PSO,Z4,COM,Z,215550.0
PSO_Z4-COM,PSO,Z4,COM,Z,214990.0
PSO_Z4-COM,PSO,Z4,COM,Z,215682.0
PSO_Z1-ELIT,PSO,Z1,ELIT,Z,210422.0
PSO_Z1-ELIT,PSO,Z1,ELIT,Z,221660.0
PSO_Z1-ELIT,PSO,Z1,ELIT,Z,217384.0
PSO_Z1-ELIT,PSO,Z1,ELIT,Z,212221.0
PSO_Z1-ELIT,PSO,Z1,ELIT,Z,214405.0
PSO_Z1-ELIT,PSO,Z1,ELIT,Z,209788.0
PSO_Z1-ELIT,PSO,Z1,ELIT,Z,214550.0
PSO_Z1-ELIT,PSO,Z1,ELIT,Z,216299.0
PSO_Z1-ELIT,PSO,Z1,ELIT,Z,216111.0
PSO_Z1-ELIT,PSO,Z1,ELIT,Z,211845.0
PSO_Z1-ELIT,PSO,Z1,ELIT,Z,217553.0
PSO_Z1-ELIT,PSO,Z1,ELIT,Z,214004.0
PSO_Z1-ELIT,PSO,Z1,ELIT,Z,211813.0
PSO_Z1-ELIT,PSO,Z1,ELIT,Z,215378.0
PSO_Z1-ELIT,PSO,Z1,ELIT,Z,215674.0
PSO_Z1-ELIT,PSO,Z1,ELIT,Z,215384.0
PSO_Z1-ELIT,PSO,Z1,ELIT,Z,212682.0
PSO_Z1-ELIT,PSO,Z1,ELIT,Z,217812.0
PSO_Z1-ELIT,PSO,Z1,ELIT,Z,210570.0
PSO_Z1-ELIT,PSO,Z1,ELIT,Z,216350.0
PSO_Z1-ELIT,PSO,Z1,ELIT,Z,212599.0
PSO_Z1-ELIT,PSO,Z1,ELIT,Z,209206.0
PSO_Z1-ELIT,PSO,Z1,ELIT,Z,214756.0
PSO_Z1-ELIT,PSO,Z1,ELIT,Z,217719.0
PSO_Z1-ELIT,PSO,Z1,ELIT,Z,220004.0
PSO_Z1-ELIT,PSO,Z1,ELIT,Z,216872.0
PSO_Z1-ELIT,PSO,Z1,ELIT,Z,215216.0
PSO_Z1-ELIT,PSO,Z1,ELIT,Z,220202.0
PSO_Z1-ELIT,PSO,Z1,ELIT,Z,213871.0
PSO_Z1-ELIT,PSO,Z1,ELIT,Z,217927.0
PSO_Z1-ELIT,PSO,Z1,ELIT,Z,212165.0
PSO_Z2-ELIT,PSO,Z2,ELIT,Z,212545.0
PSO_Z2-ELIT,PSO,Z2,ELIT,Z,209795.0
PSO_Z2-ELIT,PSO,Z2,ELIT,Z,220243.0
PSO_Z2-ELIT,PSO,Z2,ELIT,Z,212753.0
PSO_Z2-ELIT,PSO,Z2,ELIT,Z,219352.0
PSO_Z2-ELIT,PSO,Z2,ELIT,Z,215407.0
PSO_Z2-ELIT,PSO,Z2,ELIT,Z,220860.0
PSO_Z2-ELIT,PSO,Z2,ELIT,Z,215619.0
PSO_Z2-ELIT,PSO,Z2,ELIT,Z,214108.0
PSO_Z2-ELIT,PSO,Z2,ELIT,Z,211094.0
PSO_Z2-ELIT,PSO,Z2,ELIT,Z,214446.0
PSO_Z2-ELIT,PSO,Z2,ELIT,Z,209759.0
PSO_Z2-ELIT,PSO,Z2,ELIT,Z,211495.0
PSO_Z2-ELIT,PSO,Z2,ELIT,Z,215365.0
PSO_Z2-ELIT,PSO,Z2,ELIT,Z,208721.0
PSO_Z2-ELIT,PSO,Z2,ELIT,Z,213335.0
PSO_Z2-ELIT,PSO,Z2,ELIT,Z,211252.0
PSO_Z2-ELIT,PSO,Z2,ELIT,Z,217437.0
PSO_Z2-ELIT,PSO,Z2,ELIT,Z,213847.0
PSO_Z2-ELIT,PSO,Z2,ELIT,Z,216655.0
PSO_Z2-ELIT,PSO,Z2,ELIT,Z,218366.0
PSO_Z2-ELIT,PSO,Z2,ELIT,Z,218324.0
PSO_Z2-ELIT,PSO,Z2,ELIT,Z,218618.0
PSO_Z2-ELIT,PSO,Z2,ELIT,Z,217287.0
PSO_Z2-ELIT,PSO,Z2,ELIT,Z,218132.0
PSO_Z2-ELIT,PSO,Z2,ELIT,Z,219932.0
PSO_Z2-ELIT,PSO,Z2,ELIT,Z,216321.0
PSO_Z2-ELIT,PSO,Z2,ELIT,Z,213423.0
PSO_Z2-ELIT,PSO,Z2,ELIT,Z,217073.0
PSO_Z2-ELIT,PSO,Z2,ELIT,Z,212673.0
PSO_Z2-ELIT,PSO,Z2,ELIT,Z,213525.0
PSO_Z3-ELIT,PSO,Z3,ELIT,Z,216078.0
PSO_Z3-ELIT,PSO,Z3,ELIT,Z,212067.0
PSO_Z3-ELIT,PSO,Z3,ELIT,Z,215763.0
PSO_Z3-ELIT,PSO,Z3,ELIT,Z,215429.0
PSO_Z3-ELIT,PSO,Z3,ELIT,Z,217720.0
PSO_Z3-ELIT,PSO,Z3,ELIT,Z,217517.0
PSO_Z3-ELIT,PSO,Z3,ELIT,Z,218985.0
PSO_Z3-ELIT,PSO,Z3,ELIT,Z,215553.0
PSO_Z3-ELIT,PSO,Z3,ELIT,Z,212688.0
PSO_Z3-ELIT,PSO,Z3,ELIT,Z,220608.0
PSO_Z3-ELIT,PSO,Z3,ELIT,Z,209301.0
PSO_Z3-ELIT,PSO,Z3,ELIT,Z,215500.0
PSO_Z3-ELIT,PSO,Z3,ELIT,Z,216461.0
PSO_Z3-ELIT,PSO,Z3,ELIT,Z,216344.0
PSO_Z3-ELIT,PSO,Z3,ELIT,Z,216189.0
PSO_Z3-ELIT,PSO,Z3,ELIT,Z,211313.0
PSO_Z3-ELIT,PSO,Z3,ELIT,Z,215445.0
PSO_Z3-ELIT,PSO,Z3,ELIT,Z,212905.0
PSO_Z3-ELIT,PSO,Z3,ELIT,Z,214590.0
PSO_Z3-ELIT,PSO,Z3,ELIT,Z,216638.0
PSO_Z3-ELIT,PSO,Z3,ELIT,Z,212296.0
PSO_Z3-ELIT,PSO,Z3,ELIT,Z,212943.0
PSO_Z3-ELIT,PSO,Z3,ELIT,Z,210406.0
PSO_Z3-ELIT,PSO,Z3,ELIT,Z,215352.0
PSO_Z3-ELIT,PSO,Z3,ELIT,Z,217094.0
PSO_Z3-ELIT,PSO,Z3,ELIT,Z,217521.0
PSO_Z3-ELIT,PSO,Z3,ELIT,Z,218485.0
PSO_Z3-ELIT,PSO,Z3,ELIT,Z,208963.0
PSO_Z3-ELIT,PSO,Z3,ELIT,Z,211673.0
PSO_Z3-ELIT,PSO,Z3,ELIT,Z,209265.0
PSO_Z3-ELIT,PSO,Z3,ELIT,Z,217319.0
PSO_Z4-ELIT,PSO,Z4,ELIT,Z,218508.0
PSO_Z4-ELIT,PSO,Z4,ELIT,Z,214799.0
PSO_Z4-ELIT,PSO,Z4,ELIT,Z,217341.0
PSO_Z4-ELIT,PSO,Z4,ELIT,Z,217577.0
PSO_Z4-ELIT,PSO,Z4,ELIT,Z,215616.0
PSO_Z4-ELIT,PSO,Z4,ELIT,Z,218206.0
PSO_Z4-ELIT,PSO,Z4,ELIT,Z,220967.0
PSO_Z4-ELIT,PSO,Z4,ELIT,Z,220799.0
PSO_Z4-ELIT,PSO,Z4,ELIT,Z,214130.0
PSO_Z4-ELIT,PSO,Z4,ELIT,Z,214546.0
PSO_Z4-ELIT,PSO,Z4,ELIT,Z,210050.0
PSO_Z4-ELIT,PSO,Z4,ELIT,Z,213184.0
PSO_Z4-ELIT,PSO,Z4,ELIT,Z,216319.0
PSO_Z4-ELIT,PSO,Z4,ELIT,Z,212722.0
PSO_Z4-ELIT,PSO,Z4,ELIT,Z,217586.0
PSO_Z4-ELIT,PSO,Z4,ELIT,Z,214592.0
PSO_Z4-ELIT,PSO,Z4,ELIT,Z,213147.0
PSO_Z4-ELIT,PSO,Z4,ELIT,Z,217288.0
PSO_Z4-ELIT,PSO,Z4,ELIT,Z,210838.0
PSO_Z4-ELIT,PSO,Z4,ELIT,Z,210330.0
PSO_Z4-ELIT,PSO,Z4,ELIT,Z,219255.0
PSO_Z4-ELIT,PSO,Z4,ELIT,Z,215679.0
PSO_Z4-ELIT,PSO,Z4,ELIT,Z,213400.0
PSO_Z4-ELIT,PSO,Z4,ELIT,Z,215641.0
PSO_Z4-ELIT,PSO,Z4,ELIT,Z,214453.0
PSO_Z4-ELIT,PSO,Z4,ELIT,Z,212253.0
PSO_Z4-ELIT,PSO,Z4,ELIT,Z,219470.0
PSO_Z4-ELIT,PSO,Z4,ELIT,Z,213632.0
PSO_Z4-ELIT,PSO,Z4,ELIT,Z,217916.0
PSO_Z4-ELIT,PSO,Z4,ELIT,Z,213642.0
PSO_Z4-ELIT,PSO,Z4,ELIT,Z,214840.0
GWO_S1-STD,GWO,S1,STD,S,264321.0
GWO_S1-STD,GWO,S1,STD,S,263868.0
GWO_S1-STD,GWO,S1,STD,S,264899.0
GWO_S1-STD,GWO,S1,STD,S,266892.0
GWO_S1-STD,GWO,S1,STD,S,265821.0
GWO_S1-STD,GWO,S1,STD,S,265095.0
GWO_S1-STD,GWO,S1,STD,S,264886.0
GWO_S1-STD,GWO,S1,STD,S,265940.0
GWO_S1-STD,GWO,S1,STD,S,265198.0
GWO_S1-STD,GWO,S1,STD,S,264048.0
GWO_S1-STD,GWO,S1,STD,S,263809.0
GWO_S1-STD,GWO,S1,STD,S,264209.0
GWO_S1-STD,GWO,S1,STD,S,263605.0
GWO_S1-STD,GWO,S1,STD,S,263514.0
GWO_S1-STD,GWO,S1,STD,S,264562.0
GWO_S1-STD,GWO,S1,STD,S,265481.0
GWO_S1-STD,GWO,S1,STD,S,265530.0
GWO_S1-STD,GWO,S1,STD,S,265151.0
GWO_S1-STD,GWO,S1,STD,S,264299.0
GWO_S1-STD,GWO,S1,STD,S,263933.0
GWO_S1-STD,GWO,S1,STD,S,264706.0
GWO_S1-STD,GWO,S1,STD,S,265315.0
GWO_S1-STD,GWO,S1,STD,S,263535.0
GWO_S1-STD,GWO,S1,STD,S,265637.0
GWO_S1-STD,GWO,S1,STD,S,265441.0
GWO_S1-STD,GWO,S1,STD,S,264918.0
GWO_S1-STD,GWO,S1,STD,S,263659.0
GWO_S1-STD,GWO,S1,STD,S,263702.0
GWO_S1-STD,GWO,S1,STD,S,263728.0
GWO_S1-STD,GWO,S1,STD,S,264361.0
GWO_S1-STD,GWO,S1,STD,S,265733.0
GWO_S2-STD,GWO,S2,STD,S,244321.0
GWO_S2-STD,GWO,S2,STD,S,246011.0
GWO_S2-STD,GWO,S2,STD,S,247014.0
GWO_S2-STD,GWO,S2,STD,S,245201.0
GWO_S2-STD,GWO,S2,STD,S,243339.0
GWO_S2-STD,GWO,S2,STD,S,244284.0
GWO_S2-STD,GWO,S2,STD,S,245661.0
GWO_S2-STD,GWO,S2,STD,S,245382.0
GWO_S2-STD,GWO,S2,STD,S,243925.0
GWO_S2-STD,GWO,S2,STD,S,245978.0
GWO_S2-STD,GWO,S2,STD,S,246226.0
GWO_S2-STD,GWO,S2,STD,S,244519.0
GWO_S2-STD,GWO,S2,STD,S,246602.0
GWO_S2-STD,GWO,S2,STD,S,244466.0
GWO_S2-STD,GWO,S2,STD,S,244898.0
GWO_S2-STD,GWO,S2,STD,S,246092.0
GWO_S2-STD,GWO,S2,STD,S,243670.0
GWO_S2-STD,GWO,S2,STD,S,244954.0
GWO_S2-STD,GWO,S2,STD,S,245613.0
GWO_S2-STD,GWO,S2,STD,S,246302.0
GWO_S2-STD,GWO,S2,STD,S,245689.0
GWO_S2-STD,GWO,S2,STD,S,245507.0
GWO_S2-STD,GWO,S2,STD,S,247137.0
GWO_S2-STD,GWO,S2,STD,S,244895.0
GWO_S2-STD,GWO,S2,STD,S,244457.0
GWO_S2-STD,GWO,S2,STD,S,245498.0
GWO_S2-STD,GWO,S2,STD,S,244263.0
GWO_S2-STD,GWO,S2,STD,S,245860.0
GWO_S2-STD,GWO,S2,STD,S,245050.0
GWO_S2-STD,GWO,S2,STD,S,244846.0
GWO_S2-STD,GWO,S2,STD,S,244080.0
GWO_S3-STD,GWO,S3,STD,S,233375.0
GWO_S3-STD,GWO,S3,STD,S,233143.0
GWO_S3-STD,GWO,S3,STD,S,232502.0
GWO_S3-STD,GWO,S3,STD,S,240390.0
GWO_S3-STD,GWO,S3,STD,S,232206.0
GWO_S3-STD,GWO,S3,STD,S,233296.0
GWO_S3-STD,GWO,S3,STD,S,232957.0
GWO_S3-STD,GWO,S3,STD,S,235907.0
GWO_S3-STD,GWO,S3,STD,S,233618.0
GWO_S3-STD,GWO,S3,STD,S,232525.0
GWO_S3-STD,GWO,S3,STD,S,232972.0
GWO_S3-STD,GWO,S3,STD,S,232781.0
GWO_S3-STD,GWO,S3,STD,S,234035.0
GWO_S3-STD,GWO,S3,STD,S,232638.0
GWO_S3-STD,GWO,S3,STD,S,237843.0
GWO_S3-STD,GWO,S3,STD,S,233085.0
GWO_S3-STD,GWO,S3,STD,S,233424.0
GWO_S3-STD,GWO,S3,STD,S,232040.0
GWO_S3-STD,GWO,S3,STD,S,232507.0
GWO_S3-STD,GWO,S3,STD,S,231616.0
GWO_S3-STD,GWO,S3,STD,S,233231.0
GWO_S3-STD,GWO,S3,STD,S,232085.0
GWO_S3-STD,GWO,S3,STD,S,234688.0
GWO_S3-STD,GWO,S3,STD,S,232130.0
GWO_S3-STD,GWO,S3,STD,S,235485.0
GWO_S3-STD,GWO,S3,STD,S,235573.0
GWO_S3-STD,GWO,S3,STD,S,233705.0
GWO_S3-STD,GWO,S3,STD,S,234198.0
GWO_S3-STD,GWO,S3,STD,S,235320.0
GWO_S3-STD,GWO,S3,STD,S,235412.0
GWO_S3-STD,GWO,S3,STD,S,233972.0
GWO_S4-STD,GWO,S4,STD,S,231095.0
GWO_S4-STD,GWO,S4,STD,S,232432.0
GWO_S4-STD,GWO,S4,STD,S,231692.0
GWO_S4-STD,GWO,S4,STD,S,230320.0
GWO_S4-STD,GWO,S4,STD,S,228672.0
GWO_S4-STD,GWO,S4,STD,S,229370.0
GWO_S4-STD,GWO,S4,STD,S,230061.0
GWO_S4-STD,GWO,S4,STD,S,229068.0
GWO_S4-STD,GWO,S4,STD,S,232474.0
GWO_S4-STD,GWO,S4,STD,S,228433.0
GWO_S4-STD,GWO,S4,STD,S,229965.0
GWO_S4-STD,GWO,S4,STD,S,229436.0
GWO_S4-STD,GWO,S4,STD,S,229767.0
GWO_S4-STD,GWO,S4,STD,S,228140.0
GWO_S4-STD,GWO,S4,STD,S,232876.0
GWO_S4-STD,GWO,S4,STD,S,231463.0
GWO_S4-STD,GWO,S4,STD,S,228005.0
GWO_S4-STD,GWO,S4,STD,S,229574.0
GWO_S4-STD,GWO,S4,STD,S,231713.0
GWO_S4-STD,GWO,S4,STD,S,230347.0
GWO_S4-STD,GWO,S4,STD,S,229911.0
GWO_S4-STD,GWO,S4,STD,S,231444.0
GWO_S4-STD,GWO,S4,STD,S,230507.0
GWO_S4-STD,GWO,S4,STD,S,234160.0
GWO_S4-STD,GWO,S4,STD,S,230126.0
GWO_S4-STD,GWO,S4,STD,S,229062.0
GWO_S4-STD,GWO,S4,STD,S,229054.0
GWO_S4-STD,GWO,S4,STD,S,231833.0
GWO_S4-STD,GWO,S4,STD,S,229045.0
GWO_S4-STD,GWO,S4,STD,S,229206.0
GWO_S4-STD,GWO,S4,STD,S,230111.0
GWO_S1-COM,GWO,S1,COM,S,212617.0
GWO_S1-COM,GWO,S1,COM,S,211664.0
GWO_S1-COM,GWO,S1,COM,S,213197.0
GWO_S1-COM,GWO,S1,COM,S,221161.0
GWO_S1-COM,GWO,S1,COM,S,212612.0
GWO_S1-COM,GWO,S1,COM,S,217182.0
GWO_S1-COM,GWO,S1,COM,S,212602.0
GWO_S1-COM,GWO,S1,COM,S,218002.0
GWO_S1-COM,GWO,S1,COM,S,214007.0
GWO_S1-COM,GWO,S1,COM,S,215796.0
GWO_S1-COM,GWO,S1,COM,S,215357.0
GWO_S1-COM,GWO,S1,COM,S,213777.0
GWO_S1-COM,GWO,S1,COM,S,216140.0
GWO_S1-COM,GWO,S1,COM,S,216554.0
GWO_S1-COM,GWO,S1,COM,S,216948.0
GWO_S1-COM,GWO,S1,COM,S,212771.0
GWO_S1-COM,GWO,S1,COM,S,209592.0
GWO_S1-COM,GWO,S1,COM,S,217973.0
GWO_S1-COM,GWO,S1,COM,S,217291.0
GWO_S1-COM,GWO,S1,COM,S,218052.0
GWO_S1-COM,GWO,S1,COM,S,211342.0
GWO_S1-COM,GWO,S1,COM,S,210335.0
GWO_S1-COM,GWO,S1,COM,S,212973.0
GWO_S1-COM,GWO,S1,COM,S,211109.0
GWO_S1-COM,GWO,S1,COM,S,213540.0
GWO_S1-COM,GWO,S1,COM,S,213565.0
GWO_S1-COM,GWO,S1,COM,S,212391.0
GWO_S1-COM,GWO,S1,COM,S,210538.0
GWO_S1-COM,GWO,S1,COM,S,212448.0
GWO_S1-COM,GWO,S1,COM,S,213373.0
GWO_S1-COM,GWO,S1,COM,S,214624.0
GWO_S2-COM,GWO,S2,COM,S,213400.0
GWO_S2-COM,GWO,S2,COM,S,212154.0
GWO_S2-COM,GWO,S2,COM,S,214302.0
GWO_S2-COM,GWO,S2,COM,S,214475.0
GWO_S2-COM,GWO,S2,COM,S,211046.0
GWO_S2-COM,GWO,S2,COM,S,217054.0
GWO_S2-COM,GWO,S2,COM,S,216470.0
GWO_S2-COM,GWO,S2,COM,S,216020.0
GWO_S2-COM,GWO,S2,COM,S,215005.0
GWO_S2-COM,GWO,S2,COM,S,216972.0
GWO_S2-COM,GWO,S2,COM,S,216825.0
GWO_S2-COM,GWO,S2,COM,S,210948.0
GWO_S2-COM,GWO,S2,COM,S,214226.0
GWO_S2-COM,GWO,S2,COM,S,212538.0
GWO_S2-COM,GWO,S2,COM,S,214303.0
GWO_S2-COM,GWO,S2,COM,S,212269.0
GWO_S2-COM,GWO,S2,COM,S,216341.0
GWO_S2-COM,GWO,S2,COM,S,213357.0
GWO_S2-COM,GWO,S2,COM,S,212129.0
GWO_S2-COM,GWO,S2,COM,S,217656.0
GWO_S2-COM,GWO,S2,COM,S,213435.0
GWO_S2-COM,GWO,S2,COM,S,220393.0
GWO_S2-COM,GWO,S2,COM,S,213225.0
GWO_S2-COM,GWO,S2,COM,S,216346.0
GWO_S2-COM,GWO,S2,COM,S,214654.0
GWO_S2-COM,GWO,S2,COM,S,213109.0
GWO_S2-COM,GWO,S2,COM,S,212353.0
GWO_S2-COM,GWO,S2,COM,S,214831.0
GWO_S2-COM,GWO,S2,COM,S,213453.0
GWO_S2-COM,GWO,S2,COM,S,217913.0
GWO_S2-COM,GWO,S2,COM,S,214274.0
GWO_S3-COM,GWO,S3,COM,S,209238.0
GWO_S3-COM,GWO,S3,COM,S,214461.0
GWO_S3-COM,GWO,S3,COM,S,209812.0
GWO_S3-COM,GWO,S3,COM,S,219528.0
GWO_S3-COM,GWO,S3,COM,S,218882.0
GWO_S3-COM,GWO,S3,COM,S,213256.0
GWO_S3-COM,GWO,S3,COM,S,219740.0
GWO_S3-COM,GWO,S3,COM,S,219506.0
GWO_S3-COM,GWO,S3,COM,S,216199.0
GWO_S3-COM,GWO,S3,COM,S,215822.0
GWO_S3-COM,GWO,S3,COM,S,210207.0
GWO_S3-COM,GWO,S3,COM,S,212406.0
GWO_S3-COM,GWO,S3,COM,S,221171.0
GWO_S3-COM,GWO,S3,COM,S,218309.0
GWO_S3-COM,GWO,S3,COM,S,221249.0
GWO_S3-COM,GWO,S3,COM,S,215817.0
GWO_S3-COM,GWO,S3,COM,S,210605.0
GWO_S3-COM,GWO,S3,COM,S,222046.0
GWO_S3-COM,GWO,S3,COM,S,207985.0
GWO_S3-COM,GWO,S3,COM,S,210599.0
GWO_S3-COM,GWO,S3,COM,S,213665.0
GWO_S3-COM,GWO,S3,COM,S,214712.0
GWO_S3-COM,GWO,S3,COM,S,216597.0
GWO_S3-COM,GWO,S3,COM,S,213685.0
GWO_S3-COM,GWO,S3,COM,S,214865.0
GWO_S3-COM,GWO,S3,COM,S,215533.0
GWO_S3-COM,GWO,S3,COM,S,214703.0
GWO_S3-COM,GWO,S3,COM,S,218300.0
GWO_S3-COM,GWO,S3,COM,S,215952.0
GWO_S3-COM,GWO,S3,COM,S,208059.0
GWO_S3-COM,GWO,S3,COM,S,217450.0
GWO_S4-COM,GWO,S4,COM,S,210889.0
GWO_S4-COM,GWO,S4,COM,S,214918.0
GWO_S4-COM,GWO,S4,COM,S,214536.0
GWO_S4-COM,GWO,S4,COM,S,213897.0
GWO_S4-COM,GWO,S4,COM,S,216096.0
GWO_S4-COM,GWO,S4,COM,S,205343.0
GWO_S4-COM,GWO,S4,COM,S,215872.0
GWO_S4-COM,GWO,S4,COM,S,219440.0
GWO_S4-COM,GWO,S4,COM,S,217106.0
GWO_S4-COM,GWO,S4,COM,S,210536.0
GWO_S4-COM,GWO,S4,COM,S,211458.0
GWO_S4-COM,GWO,S4,COM,S,211759.0
GWO_S4-COM,GWO,S4,COM,S,209694.0
GWO_S4-COM,GWO,S4,COM,S,217848.0
GWO_S4-COM,GWO,S4,COM,S,215354.0
GWO_S4-COM,GWO,S4,COM,S,213549.0
GWO_S4-COM,GWO,S4,COM,S,212474.0
GWO_S4-COM,GWO,S4,COM,S,213199.0
GWO_S4-COM,GWO,S4,COM,S,209141.0
GWO_S4-COM,GWO,S4,COM,S,217065.0
GWO_S4-COM,GWO,S4,COM,S,219136.0
GWO_S4-COM,GWO,S4,COM,S,218705.0
GWO_S4-COM,GWO,S4,COM,S,217116.0
GWO_S4-COM,GWO,S4,COM,S,215159.0
GWO_S4-COM,GWO,S4,COM,S,215887.0
GWO_S4-COM,GWO,S4,COM,S,219702.0
GWO_S4-COM,GWO,S4,COM,S,210604.0
GWO_S4-COM,GWO,S4,COM,S,216678.0
GWO_S4-COM,GWO,S4,COM,S,220134.0
GWO_S4-COM,GWO,S4,COM,S,216931.0
GWO_S4-COM,GWO,S4,COM,S,216918.0
GWO_S1-ELIT,GWO,S1,ELIT,S,222368.0
GWO_S1-ELIT,GWO,S1,ELIT,S,219739.0
GWO_S1-ELIT,GWO,S1,ELIT,S,212141.0
GWO_S1-ELIT,GWO,S1,ELIT,S,214895.0
GWO_S1-ELIT,GWO,S1,ELIT,S,218189.0
GWO_S1-ELIT,GWO,S1,ELIT,S,218110.0
GWO_S1-ELIT,GWO,S1,ELIT,S,214606.0
GWO_S1-ELIT,GWO,S1,ELIT,S,213302.0
GWO_S1-ELIT,GWO,S1,ELIT,S,209358.0
GWO_S1-ELIT,GWO,S1,ELIT,S,210569.0
GWO_S1-ELIT,GWO,S1,ELIT,S,212774.0
GWO_S1-ELIT,GWO,S1,ELIT,S,214421.0
GWO_S1-ELIT,GWO,S1,ELIT,S,213728.0
GWO_S1-ELIT,GWO,S1,ELIT,S,212895.0
GWO_S1-ELIT,GWO,S1,ELIT,S,209144.0
GWO_S1-ELIT,GWO,S1,ELIT,S,213623.0
GWO_S1-ELIT,GWO,S1,ELIT,S,215515.0
GWO_S1-ELIT,GWO,S1,ELIT,S,217434.0
GWO_S1-ELIT,GWO,S1,ELIT,S,217026.0
GWO_S1-ELIT,GWO,S1,ELIT,S,214259.0
GWO_S1-ELIT,GWO,S1,ELIT,S,223004.0
GWO_S1-ELIT,GWO,S1,ELIT,S,226638.0
GWO_S1-ELIT,GWO,S1,ELIT,S,217584.0
GWO_S1-ELIT,GWO,S1,ELIT,S,211928.0
GWO_S1-ELIT,GWO,S1,ELIT,S,211924.0
GWO_S1-ELIT,GWO,S1,ELIT,S,210329.0
GWO_S1-ELIT,GWO,S1,ELIT,S,218975.0
GWO_S1-ELIT,GWO,S1,ELIT,S,216216.0
GWO_S1-ELIT,GWO,S1,ELIT,S,214454.0
GWO_S1-ELIT,GWO,S1,ELIT,S,213154.0
GWO_S1-ELIT,GWO,S1,ELIT,S,216893.0
GWO_S2-ELIT,GWO,S2,ELIT,S,222394.0
GWO_S2-ELIT,GWO,S2,ELIT,S,212837.0
GWO_S2-ELIT,GWO,S2,ELIT,S,211601.0
GWO_S2-ELIT,GWO,S2,ELIT,S,216796.0
GWO_S2-ELIT,GWO,S2,ELIT,S,217877.0
GWO_S2-ELIT,GWO,S2,ELIT,S,218528.0
GWO_S2-ELIT,GWO,S2,ELIT,S,212415.0
GWO_S2-ELIT,GWO,S2,ELIT,S,210961.0
GWO_S2-ELIT,GWO,S2,ELIT,S,209993.0
GWO_S2-ELIT,GWO,S2,ELIT,S,214434.0
GWO_S2-ELIT,GWO,S2,ELIT,S,217334.0
GWO_S2-ELIT,GWO,S2,ELIT,S,212876.0
GWO_S2-ELIT,GWO,S2,ELIT,S,213486.0
GWO_S2-ELIT,GWO,S2,ELIT,S,213696.0
GWO_S2-ELIT,GWO,S2,ELIT,S,219794.0
GWO_S2-ELIT,GWO,S2,ELIT,S,213039.0
GWO_S2-ELIT,GWO,S2,ELIT,S,219692.0
GWO_S2-ELIT,GWO,S2,ELIT,S,211686.0
GWO_S2-ELIT,GWO,S2,ELIT,S,212518.0
GWO_S2-ELIT,GWO,S2,ELIT,S,213295.0
GWO_S2-ELIT,GWO,S2,ELIT,S,214895.0
GWO_S2-ELIT,GWO,S2,ELIT,S,216375.0
GWO_S2-ELIT,GWO,S2,ELIT,S,212213.0
GWO_S2-ELIT,GWO,S2,ELIT,S,215992.0
GWO_S2-ELIT,GWO,S2,ELIT,S,224674.0
GWO_S2-ELIT,GWO,S2,ELIT,S,213411.0
GWO_S2-ELIT,GWO,S2,ELIT,S,215012.0
GWO_S2-ELIT,GWO,S2,ELIT,S,218181.0
GWO_S2-ELIT,GWO,S2,ELIT,S,211257.0
GWO_S2-ELIT,GWO,S2,ELIT,S,219470.0
GWO_S2-ELIT,GWO,S2,ELIT,S,216551.0
GWO_S3-ELIT,GWO,S3,ELIT,S,213455.0
GWO_S3-ELIT,GWO,S3,ELIT,S,213955.0
GWO_S3-ELIT,GWO,S3,ELIT,S,214757.0
GWO_S3-ELIT,GWO,S3,ELIT,S,215974.0
GWO_S3-ELIT,GWO,S3,ELIT,S,213720.0
GWO_S3-ELIT,GWO,S3,ELIT,S,218665.0
GWO_S3-ELIT,GWO,S3,ELIT,S,214532.0
GWO_S3-ELIT,GWO,S3,ELIT,S,213369.0
GWO_S3-ELIT,GWO,S3,ELIT,S,217470.0
GWO_S3-ELIT,GWO,S3,ELIT,S,219967.0
GWO_S3-ELIT,GWO,S3,ELIT,S,212555.0
GWO_S3-ELIT,GWO,S3,ELIT,S,211908.0
GWO_S3-ELIT,GWO,S3,ELIT,S,213938.0
GWO_S3-ELIT,GWO,S3,ELIT,S,211160.0
GWO_S3-ELIT,GWO,S3,ELIT,S,215745.0
GWO_S3-ELIT,GWO,S3,ELIT,S,215937.0
GWO_S3-ELIT,GWO,S3,ELIT,S,213376.0
GWO_S3-ELIT,GWO,S3,ELIT,S,210414.0
GWO_S3-ELIT,GWO,S3,ELIT,S,211331.0
GWO_S3-ELIT,GWO,S3,ELIT,S,217898.0
GWO_S3-ELIT,GWO,S3,ELIT,S,212626.0
GWO_S3-ELIT,GWO,S3,ELIT,S,221003.0
GWO_S3-ELIT,GWO,S3,ELIT,S,212000.0
GWO_S3-ELIT,GWO,S3,ELIT,S,214922.0
GWO_S3-ELIT,GWO,S3,ELIT,S,217387.0
GWO_S3-ELIT,GWO,S3,ELIT,S,214922.0
GWO_S3-ELIT,GWO,S3,ELIT,S,212302.0
GWO_S3-ELIT,GWO,S3,ELIT,S,213371.0
GWO_S3-ELIT,GWO,S3,ELIT,S,214977.0
GWO_S3-ELIT,GWO,S3,ELIT,S,211421.0
GWO_S3-ELIT,GWO,S3,ELIT,S,211372.0
GWO_S4-ELIT,GWO,S4,ELIT,S,214174.0
GWO_S4-ELIT,GWO,S4,ELIT,S,213966.0
GWO_S4-ELIT,GWO,S4,ELIT,S,216225.0
GWO_S4-ELIT,GWO,S4,ELIT,S,214641.0
GWO_S4-ELIT,GWO,S4,ELIT,S,210102.0
GWO_S4-ELIT,GWO,S4,ELIT,S,215783.0
GWO_S4-ELIT,GWO,S4,ELIT,S,214201.0
GWO_S4-ELIT,GWO,S4,ELIT,S,220331.0
GWO_S4-ELIT,GWO,S4,ELIT,S,213325.0
GWO_S4-ELIT,GWO,S4,ELIT,S,213632.0
GWO_S4-ELIT,GWO,S4,ELIT,S,212899.0
GWO_S4-ELIT,GWO,S4,ELIT,S,212169.0
GWO_S4-ELIT,GWO,S4,ELIT,S,215861.0
GWO_S4-ELIT,GWO,S4,ELIT,S,210889.0
GWO_S4-ELIT,GWO,S4,ELIT,S,211840.0
GWO_S4-ELIT,GWO,S4,ELIT,S,209040.0
GWO_S4-ELIT,GWO,S4,ELIT,S,212542.0
GWO_S4-ELIT,GWO,S4,ELIT,S,218199.0
GWO_S4-ELIT,GWO,S4,ELIT,S,214863.0
GWO_S4-ELIT,GWO,S4,ELIT,S,214254.0
GWO_S4-ELIT,GWO,S4,ELIT,S,217076.0
GWO_S4-ELIT,GWO,S4,ELIT,S,212697.0
GWO_S4-ELIT,GWO,S4,ELIT,S,220779.0
GWO_S4-ELIT,GWO,S4,ELIT,S,216382.0
GWO_S4-ELIT,GWO,S4,ELIT,S,211750.0
GWO_S4-ELIT,GWO,S4,ELIT,S,212914.0
GWO_S4-ELIT,GWO,S4,ELIT,S,212629.0
GWO_S4-ELIT,GWO,S4,ELIT,S,221989.0
GWO_S4-ELIT,GWO,S4,ELIT,S,212977.0
GWO_S4-ELIT,GWO,S4,ELIT,S,211583.0
GWO_S4-ELIT,GWO,S4,ELIT,S,209453.0
GWO_V1-STD,GWO,V1,STD,V,218704.0
GWO_V1-STD,GWO,V1,STD,V,214391.0
GWO_V1-STD,GWO,V1,STD,V,219654.0
GWO_V1-STD,GWO,V1,STD,V,218157.0
GWO_V1-STD,GWO,V1,STD,V,214823.0
GWO_V1-STD,GWO,V1,STD,V,213719.0
GWO_V1-STD,GWO,V1,STD,V,216751.0
GWO_V1-STD,GWO,V1,STD,V,214992.0
GWO_V1-STD,GWO,V1,STD,V,219124.0
GWO_V1-STD,GWO,V1,STD,V,209038.0
GWO_V1-STD,GWO,V1,STD,V,215074.0
GWO_V1-STD,GWO,V1,STD,V,211055.0
GWO_V1-STD,GWO,V1,STD,V,214479.0
GWO_V1-STD,GWO,V1,STD,V,216580.0
GWO_V1-STD,GWO,V1,STD,V,213854.0
GWO_V1-STD,GWO,V1,STD,V,214265.0
GWO_V1-STD,GWO,V1,STD,V,214150.0
GWO_V1-STD,GWO,V1,STD,V,217225.0
GWO_V1-STD,GWO,V1,STD,V,218334.0
GWO_V1-STD,GWO,V1,STD,V,212606.0
GWO_V1-STD,GWO,V1,STD,V,216658.0
GWO_V1-STD,GWO,V1,STD,V,211731.0
GWO_V1-STD,GWO,V1,STD,V,212351.0
GWO_V1-STD,GWO,V1,STD,V,212527.0
GWO_V1-STD,GWO,V1,STD,V,212256.0
GWO_V1-STD,GWO,V1,STD,V,213703.0
GWO_V1-STD,GWO,V1,STD,V,217885.0
GWO_V1-STD,GWO,V1,STD,V,215956.0
GWO_V1-STD,GWO,V1,STD,V,218537.0
GWO_V1-STD,GWO,V1,STD,V,212397.0
GWO_V1-STD,GWO,V1,STD,V,212089.0
GWO_V2-STD,GWO,V2,STD,V,211600.0
GWO_V2-STD,GWO,V2,STD,V,216192.0
GWO_V2-STD,GWO,V2,STD,V,212534.0
GWO_V2-STD,GWO,V2,STD,V,215724.0
GWO_V2-STD,GWO,V2,STD,V,215212.0
GWO_V2-STD,GWO,V2,STD,V,214166.0
GWO_V2-STD,GWO,V2,STD,V,212128.0
GWO_V2-STD,GWO,V2,STD,V,215459.0
GWO_V2-STD,GWO,V2,STD,V,216199.0
GWO_V2-STD,GWO,V2,STD,V,213032.0
GWO_V2-STD,GWO,V2,STD,V,215424.0
GWO_V2-STD,GWO,V2,STD,V,214954.0
GWO_V2-STD,GWO,V2,STD,V,215712.0
GWO_V2-STD,GWO,V2,STD,V,215193.0
GWO_V2-STD,GWO,V2,STD,V,214410.0
GWO_V2-STD,GWO,V2,STD,V,212266.0
GWO_V2-STD,GWO,V2,STD,V,211179.0
GWO_V2-STD,GWO,V2,STD,V,213636.0
GWO_V2-STD,GWO,V2,STD,V,213095.0
GWO_V2-STD,GWO,V2,STD,V,212818.0
GWO_V2-STD,GWO,V2,STD,V,215950.0
GWO_V2-STD,GWO,V2,STD,V,213839.0
GWO_V2-STD,GWO,V2,STD,V,225673.0
GWO_V2-STD,GWO,V2,STD,V,212596.0
GWO_V2-STD,GWO,V2,STD,V,213214.0
GWO_V2-STD,GWO,V2,STD,V,211667.0
GWO_V2-STD,GWO,V2,STD,V,215985.0
GWO_V2-STD,GWO,V2,STD,V,208466.0
GWO_V2-STD,GWO,V2,STD,V,219194.0
GWO_V2-STD,GWO,V2,STD,V,215452.0
GWO_V2-STD,GWO,V2,STD,V,213903.0
GWO_V3-STD,GWO,V3,STD,V,211660.0
GWO_V3-STD,GWO,V3,STD,V,214035.0
GWO_V3-STD,GWO,V3,STD,V,214100.0
GWO_V3-STD,GWO,V3,STD,V,216013.0
GWO_V3-STD,GWO,V3,STD,V,217433.0
GWO_V3-STD,GWO,V3,STD,V,213689.0
GWO_V3-STD,GWO,V3,STD,V,211707.0
GWO_V3-STD,GWO,V3,STD,V,211982.0
GWO_V3-STD,GWO,V3,STD,V,208058.0
GWO_V3-STD,GWO,V3,STD,V,212315.0
GWO_V3-STD,GWO,V3,STD,V,210464.0
GWO_V3-STD,GWO,V3,STD,V,218926.0
GWO_V3-STD,GWO,V3,STD,V,211738.0
GWO_V3-STD,GWO,V3,STD,V,213671.0
GWO_V3-STD,GWO,V3,STD,V,211032.0
GWO_V3-STD,GWO,V3,STD,V,209461.0
GWO_V3-STD,GWO,V3,STD,V,209662.0
GWO_V3-STD,GWO,V3,STD,V,214656.0
GWO_V3-STD,GWO,V3,STD,V,218912.0
GWO_V3-STD,GWO,V3,STD,V,214523.0
GWO_V3-STD,GWO,V3,STD,V,214321.0
GWO_V3-STD,GWO,V3,STD,V,215241.0
GWO_V3-STD,GWO,V3,STD,V,211505.0
GWO_V3-STD,GWO,V3,STD,V,216856.0
GWO_V3-STD,GWO,V3,STD,V,215128.0
GWO_V3-STD,GWO,V3,STD,V,209293.0
GWO_V3-STD,GWO,V3,STD,V,213027.0
GWO_V3-STD,GWO,V3,STD,V,211819.0
GWO_V3-STD,GWO,V3,STD,V,214032.0
GWO_V3-STD,GWO,V3,STD,V,212832.0
GWO_V3-STD,GWO,V3,STD,V,213987.0
GWO_V4-STD,GWO,V4,STD,V,214560.0
GWO_V4-STD,GWO,V4,STD,V,218075.0
GWO_V4-STD,GWO,V4,STD,V,213428.0
GWO_V4-STD,GWO,V4,STD,V,219424.0
GWO_V4-STD,GWO,V4,STD,V,211905.0
GWO_V4-STD,GWO,V4,STD,V,215775.0
GWO_V4-STD,GWO,V4,STD,V,216406.0
GWO_V4-STD,GWO,V4,STD,V,218373.0
GWO_V4-STD,GWO,V4,STD,V,213660.0
GWO_V4-STD,GWO,V4,STD,V,215117.0
GWO_V4-STD,GWO,V4,STD,V,211707.0
GWO_V4-STD,GWO,V4,STD,V,216730.0
GWO_V4-STD,GWO,V4,STD,V,220755.0
GWO_V4-STD,GWO,V4,STD,V,213875.0
GWO_V4-STD,GWO,V4,STD,V,210474.0
GWO_V4-STD,GWO,V4,STD,V,210472.0
GWO_V4-STD,GWO,V4,STD,V,215909.0
GWO_V4-STD,GWO,V4,STD,V,211418.0
GWO_V4-STD,GWO,V4,STD,V,216480.0
GWO_V4-STD,GWO,V4,STD,V,214878.0
GWO_V4-STD,GWO,V4,STD,V,215892.0
GWO_V4-STD,GWO,V4,STD,V,219545.0
GWO_V4-STD,GWO,V4,STD,V,214895.0
GWO_V4-STD,GWO,V4,STD,V,210516.0
GWO_V4-STD,GWO,V4,STD,V,211122.0
GWO_V4-STD,GWO,V4,STD,V,216651.0
GWO_V4-STD,GWO,V4,STD,V,219032.0
GWO_V4-STD,GWO,V4,STD,V,218605.0
GWO_V4-STD,GWO,V4,STD,V,215591.0
GWO_V4-STD,GWO,V4,STD,V,218029.0
GWO_V4-STD,GWO,V4,STD,V,217245.0
GWO_V1-COM,GWO,V1,COM,V,216532.0
GWO_V1-COM,GWO,V1,COM,V,218241.0
GWO_V1-COM,GWO,V1,COM,V,208238.0
GWO_V1-COM,GWO,V1,COM,V,214477.0
GWO_V1-COM,GWO,V1,COM,V,214141.0
GWO_V1-COM,GWO,V1,COM,V,213751.0
GWO_V1-COM,GWO,V1,COM,V,215895.0
GWO_V1-COM,GWO,V1,COM,V,208042.0
GWO_V1-COM,GWO,V1,COM,V,212430.0
GWO_V1-COM,GWO,V1,COM,V,214730.0
GWO_V1-COM,GWO,V1,COM,V,211603.0
GWO_V1-COM,GWO,V1,COM,V,210156.0
GWO_V1-COM,GWO,V1,COM,V,213908.0
GWO_V1-COM,GWO,V1,COM,V,215520.0
GWO_V1-COM,GWO,V1,COM,V,214559.0
GWO_V1-COM,GWO,V1,COM,V,209998.0
GWO_V1-COM,GWO,V1,COM,V,215057.0
GWO_V1-COM,GWO,V1,COM,V,210940.0
GWO_V1-COM,GWO,V1,COM,V,218440.0
GWO_V1-COM,GWO,V1,COM,V,213773.0
GWO_V1-COM,GWO,V1,COM,V,211111.0
GWO_V1-COM,GWO,V1,COM,V,211595.0
GWO_V1-COM,GWO,V1,COM,V,216789.0
GWO_V1-COM,GWO,V1,COM,V,219088.0
GWO_V1-COM,GWO,V1,COM,V,210414.0
GWO_V1-COM,GWO,V1,COM,V,211561.0
GWO_V1-COM,GWO,V1,COM,V,216899.0
GWO_V1-COM,GWO,V1,COM,V,221170.0
GWO_V1-COM,GWO,V1,COM,V,206614.0
GWO_V1-COM,GWO,V1,COM,V,218844.0
GWO_V1-COM,GWO,V1,COM,V,216773.0
GWO_V2-COM,GWO,V2,COM,V,210130.0
GWO_V2-COM,GWO,V2,COM,V,216070.0
GWO_V2-COM,GWO,V2,COM,V,211217.0
GWO_V2-COM,GWO,V2,COM,V,213826.0
GWO_V2-COM,GWO,V2,COM,V,217013.0
GWO_V2-COM,GWO,V2,COM,V,215863.0
GWO_V2-COM,GWO,V2,COM,V,212303.0
GWO_V2-COM,GWO,V2,COM,V,214662.0
GWO_V2-COM,GWO,V2,COM,V,217519.0
GWO_V2-COM,GWO,V2,COM,V,210958.0
GWO_V2-COM,GWO,V2,COM,V,215078.0
GWO_V2-COM,GWO,V2,COM,V,213054.0
GWO_V2-COM,GWO,V2,COM,V,217804.0
GWO_V2-COM,GWO,V2,COM,V,220595.0
GWO_V2-COM,GWO,V2,COM,V,216656.0
GWO_V2-COM,GWO,V2,COM,V,217445.0
GWO_V2-COM,GWO,V2,COM,V,214677.0
GWO_V2-COM,GWO,V2,COM,V,221757.0
GWO_V2-COM,GWO,V2,COM,V,214120.0
GWO_V2-COM,GWO,V2,COM,V,207328.0
GWO_V2-COM,GWO,V2,COM,V,212454.0
GWO_V2-COM,GWO,V2,COM,V,224379.0
GWO_V2-COM,GWO,V2,COM,V,219770.0
GWO_V2-COM,GWO,V2,COM,V,220624.0
GWO_V2-COM,GWO,V2,COM,V,212836.0
GWO_V2-COM,GWO,V2,COM,V,217853.0
GWO_V2-COM,GWO,V2,COM,V,215867.0
GWO_V2-COM,GWO,V2,COM,V,211179.0
GWO_V2-COM,GWO,V2,COM,V,211101.0
GWO_V2-COM,GWO,V2,COM,V,211713.0
GWO_V2-COM,GWO,V2,COM,V,211197.0
GWO_V3-COM,GWO,V3,COM,V,215697.0
GWO_V3-COM,GWO,V3,COM,V,214647.0
GWO_V3-COM,GWO,V3,COM,V,210565.0
GWO_V3-COM,GWO,V3,COM,V,212234.0
GWO_V3-COM,GWO,V3,COM,V,212488.0
GWO_V3-COM,GWO,V3,COM,V,212052.0
GWO_V3-COM,GWO,V3,COM,V,213555.0
GWO_V3-COM,GWO,V3,COM,V,216931.0
GWO_V3-COM,GWO,V3,COM,V,218716.0
GWO_V3-COM,GWO,V3,COM,V,215907.0
GWO_V3-COM,GWO,V3,COM,V,219127.0
GWO_V3-COM,GWO,V3,COM,V,213703.0
GWO_V3-COM,GWO,V3,COM,V,217615.0
GWO_V3-COM,GWO,V3,COM,V,213923.0
GWO_V3-COM,GWO,V3,COM,V,209981.0
GWO_V3-COM,GWO,V3,COM,V,214802.0
GWO_V3-COM,GWO,V3,COM,V,212174.0
GWO_V3-COM,GWO,V3,COM,V,215235.0
GWO_V3-COM,GWO,V3,COM,V,211155.0
GWO_V3-COM,GWO,V3,COM,V,209493.0
GWO_V3-COM,GWO,V3,COM,V,220980.0
GWO_V3-COM,GWO,V3,COM,V,215398.0
GWO_V3-COM,GWO,V3,COM,V,211288.0
GWO_V3-COM,GWO,V3,COM,V,216009.0
GWO_V3-COM,GWO,V3,COM,V,217369.0
GWO_V3-COM,GWO,V3,COM,V,216718.0
GWO_V3-COM,GWO,V3,COM,V,215400.0
GWO_V3-COM,GWO,V3,COM,V,214423.0
GWO_V3-COM,GWO,V3,COM,V,217088.0
GWO_V3-COM,GWO,V3,COM,V,209443.0
GWO_V3-COM,GWO,V3,COM,V,215776.0
GWO_V4-COM,GWO,V4,COM,V,213212.0
GWO_V4-COM,GWO,V4,COM,V,216007.0
GWO_V4-COM,GWO,V4,COM,V,216748.0
GWO_V4-COM,GWO,V4,COM,V,215926.0
GWO_V4-COM,GWO,V4,COM,V,212532.0
GWO_V4-COM,GWO,V4,COM,V,215294.0
GWO_V4-COM,GWO,V4,COM,V,216207.0
GWO_V4-COM,GWO,V4,COM,V,215676.0
GWO_V4-COM,GWO,V4,COM,V,210872.0
GWO_V4-COM,GWO,V4,COM,V,214693.0
GWO_V4-COM,GWO,V4,COM,V,213841.0
GWO_V4-COM,GWO,V4,COM,V,214490.0
GWO_V4-COM,GWO,V4,COM,V,215857.0
GWO_V4-COM,GWO,V4,COM,V,218618.0
GWO_V4-COM,GWO,V4,COM,V,213632.0
GWO_V4-COM,GWO,V4,COM,V,212948.0
GWO_V4-COM,GWO,V4,COM,V,213589.0
GWO_V4-COM,GWO,V4,COM,V,212762.0
GWO_V4-COM,GWO,V4,COM,V,216848.0
GWO_V4-COM,GWO,V4,COM,V,217599.0
GWO_V4-COM,GWO,V4,COM,V,219890.0
GWO_V4-COM,GWO,V4,COM,V,214594.0
GWO_V4-COM,GWO,V4,COM,V,219981.0
GWO_V4-COM,GWO,V4,COM,V,212521.0
GWO_V4-COM,GWO,V4,COM,V,211079.0
GWO_V4-COM,GWO,V4,COM,V,216302.0
GWO_V4-COM,GWO,V4,COM,V,217188.0
GWO_V4-COM,GWO,V4,COM,V,213486.0
GWO_V4-COM,GWO,V4,COM,V,217985.0
GWO_V4-COM,GWO,V4,COM,V,210324.0
GWO_V4-COM,GWO,V4,COM,V,216406.0
GWO_V1-ELIT,GWO,V1,ELIT,V,217607.0
GWO_V1-ELIT,GWO,V1,ELIT,V,221123.0
GWO_V1-ELIT,GWO,V1,ELIT,V,214088.0
GWO_V1-ELIT,GWO,V1,ELIT,V,222330.0
GWO_V1-ELIT,GWO,V1,ELIT,V,214733.0
GWO_V1-ELIT,GWO,V1,ELIT,V,216362.0
GWO_V1-ELIT,GWO,V1,ELIT,V,214141.0
GWO_V1-ELIT,GWO,V1,ELIT,V,215589.0
GWO_V1-ELIT,GWO,V1,ELIT,V,214655.0
GWO_V1-ELIT,GWO,V1,ELIT,V,216432.0
GWO_V1-ELIT,GWO,V1,ELIT,V,218515.0
GWO_V1-ELIT,GWO,V1,ELIT,V,214482.0
GWO_V1-ELIT,GWO,V1,ELIT,V,212533.0
GWO_V1-ELIT,GWO,V1,ELIT,V,215435.0
GWO_V1-ELIT,GWO,V1,ELIT,V,217098.0
GWO_V1-ELIT,GWO,V1,ELIT,V,212640.0
GWO_V1-ELIT,GWO,V1,ELIT,V,216704.0
GWO_V1-ELIT,GWO,V1,ELIT,V,211958.0
GWO_V1-ELIT,GWO,V1,ELIT,V,215447.0
GWO_V1-ELIT,GWO,V1,ELIT,V,210591.0
GWO_V1-ELIT,GWO,V1,ELIT,V,212521.0
GWO_V1-ELIT,GWO,V1,ELIT,V,216759.0
GWO_V1-ELIT,GWO,V1,ELIT,V,219184.0
GWO_V1-ELIT,GWO,V1,ELIT,V,209219.0
GWO_V1-ELIT,GWO,V1,ELIT,V,216862.0
GWO_V1-ELIT,GWO,V1,ELIT,V,217579.0
GWO_V1-ELIT,GWO,V1,ELIT,V,216052.0
GWO_V1-ELIT,GWO,V1,ELIT,V,212952.0
GWO_V1-ELIT,GWO,V1,ELIT,V,218723.0
GWO_V1-ELIT,GWO,V1,ELIT,V,210862.0
GWO_V1-ELIT,GWO,V1,ELIT,V,210069.0
GWO_V2-ELIT,GWO,V2,ELIT,V,214411.0
GWO_V2-ELIT,GWO,V2,ELIT,V,214536.0
GWO_V2-ELIT,GWO,V2,ELIT,V,218651.0
GWO_V2-ELIT,GWO,V2,ELIT,V,217317.0
GWO_V2-ELIT,GWO,V2,ELIT,V,216906.0
GWO_V2-ELIT,GWO,V2,ELIT,V,208954.0
GWO_V2-ELIT,GWO,V2,ELIT,V,210271.0
GWO_V2-ELIT,GWO,V2,ELIT,V,213224.0
GWO_V2-ELIT,GWO,V2,ELIT,V,218688.0
GWO_V2-ELIT,GWO,V2,ELIT,V,212864.0
GWO_V2-ELIT,GWO,V2,ELIT,V,213899.0
GWO_V2-ELIT,GWO,V2,ELIT,V,217190.0
GWO_V2-ELIT,GWO,V2,ELIT,V,217091.0
GWO_V2-ELIT,GWO,V2,ELIT,V,213972.0
GWO_V2-ELIT,GWO,V2,ELIT,V,213563.0
GWO_V2-ELIT,GWO,V2,ELIT,V,214412.0
GWO_V2-ELIT,GWO,V2,ELIT,V,215176.0
GWO_V2-ELIT,GWO,V2,ELIT,V,210349.0
GWO_V2-ELIT,GWO,V2,ELIT,V,214676.0
GWO_V2-ELIT,GWO,V2,ELIT,V,214026.0
GWO_V2-ELIT,GWO,V2,ELIT,V,210814.0
GWO_V2-ELIT,GWO,V2,ELIT,V,215462.0
GWO_V2-ELIT,GWO,V2,ELIT,V,212534.0
GWO_V2-ELIT,GWO,V2,ELIT,V,216026.0
GWO_V2-ELIT,GWO,V2,ELIT,V,211472.0
GWO_V2-ELIT,GWO,V2,ELIT,V,211117.0
GWO_V2-ELIT,GWO,V2,ELIT,V,215929.0
GWO_V2-ELIT,GWO,V2,ELIT,V,219431.0
GWO_V2-ELIT,GWO,V2,ELIT,V,212334.0
GWO_V2-ELIT,GWO,V2,ELIT,V,213549.0
GWO_V2-ELIT,GWO,V2,ELIT,V,214969.0
GWO_V3-ELIT,GWO,V3,ELIT,V,212175.0
GWO_V3-ELIT,GWO,V3,ELIT,V,211675.0
GWO_V3-ELIT,GWO,V3,ELIT,V,221922.0
GWO_V3-ELIT,GWO,V3,ELIT,V,209426.0
GWO_V3-ELIT,GWO,V3,ELIT,V,210943.0
GWO_V3-ELIT,GWO,V3,ELIT,V,214115.0
GWO_V3-ELIT,GWO,V3,ELIT,V,223856.0
GWO_V3-ELIT,GWO,V3,ELIT,V,213970.0
GWO_V3-ELIT,GWO,V3,ELIT,V,210288.0
GWO_V3-ELIT,GWO,V3,ELIT,V,218277.0
GWO_V3-ELIT,GWO,V3,ELIT,V,214606.0
GWO_V3-ELIT,GWO,V3,ELIT,V,217093.0
GWO_V3-ELIT,GWO,V3,ELIT,V,216562.0
GWO_V3-ELIT,GWO,V3,ELIT,V,219814.0
GWO_V3-ELIT,GWO,V3,ELIT,V,213086.0
GWO_V3-ELIT,GWO,V3,ELIT,V,210406.0
GWO_V3-ELIT,GWO,V3,ELIT,V,215267.0
GWO_V3-ELIT,GWO,V3,ELIT,V,218868.0
GWO_V3-ELIT,GWO,V3,ELIT,V,216657.0
GWO_V3-ELIT,GWO,V3,ELIT,V,209374.0
GWO_V3-ELIT,GWO,V3,ELIT,V,218461.0
GWO_V3-ELIT,GWO,V3,ELIT,V,214387.0
GWO_V3-ELIT,GWO,V3,ELIT,V,215372.0
GWO_V3-ELIT,GWO,V3,ELIT,V,219770.0
GWO_V3-ELIT,GWO,V3,ELIT,V,213488.0
GWO_V3-ELIT,GWO,V3,ELIT,V,216782.0
GWO_V3-ELIT,GWO,V3,ELIT,V,219233.0
GWO_V3-ELIT,GWO,V3,ELIT,V,218432.0
GWO_V3-ELIT,GWO,V3,ELIT,V,212740.0
GWO_V3-ELIT,GWO,V3,ELIT,V,214460.0
GWO_V3-ELIT,GWO,V3,ELIT,V,215851.0
GWO_V4-ELIT,GWO,V4,ELIT,V,210023.0
GWO_V4-ELIT,GWO,V4,ELIT,V,210378.0
GWO_V4-ELIT,GWO,V4,ELIT,V,212089.0
GWO_V4-ELIT,GWO,V4,ELIT,V,216240.0
GWO_V4-ELIT,GWO,V4,ELIT,V,213409.0
GWO_V4-ELIT,GWO,V4,ELIT,V,211154.0
GWO_V4-ELIT,GWO,V4,ELIT,V,216007.0
GWO_V4-ELIT,GWO,V4,ELIT,V,211445.0
GWO_V4-ELIT,GWO,V4,ELIT,V,211907.0
GWO_V4-ELIT,GWO,V4,ELIT,V,215267.0
GWO_V4-ELIT,GWO,V4,ELIT,V,211849.0
GWO_V4-ELIT,GWO,V4,ELIT,V,215043.0
GWO_V4-ELIT,GWO,V4,ELIT,V,208333.0
GWO_V4-ELIT,GWO,V4,ELIT,V,215118.0
GWO_V4-ELIT,GWO,V4,ELIT,V,212320.0
GWO_V4-ELIT,GWO,V4,ELIT,V,220622.0
GWO_V4-ELIT,GWO,V4,ELIT,V,214500.0
GWO_V4-ELIT,GWO,V4,ELIT,V,216794.0
GWO_V4-ELIT,GWO,V4,ELIT,V,212989.0
GWO_V4-ELIT,GWO,V4,ELIT,V,207060.0
GWO_V4-ELIT,GWO,V4,ELIT,V,224409.0
GWO_V4-ELIT,GWO,V4,ELIT,V,220936.0
GWO_V4-ELIT,GWO,V4,ELIT,V,214351.0
GWO_V4-ELIT,GWO,V4,ELIT,V,215227.0
GWO_V4-ELIT,GWO,V4,ELIT,V,212598.0
GWO_V4-ELIT,GWO,V4,ELIT,V,211887.0
GWO_V4-ELIT,GWO,V4,ELIT,V,218373.0
GWO_V4-ELIT,GWO,V4,ELIT,V,216139.0
GWO_V4-ELIT,GWO,V4,ELIT,V,221919.0
GWO_V4-ELIT,GWO,V4,ELIT,V,213265.0
GWO_V4-ELIT,GWO,V4,ELIT,V,210623.0
GWO_X1-STD,GWO,X1,STD,X,213609.0
GWO_X1-STD,GWO,X1,STD,X,219230.0
GWO_X1-STD,GWO,X1,STD,X,215539.0
GWO_X1-STD,GWO,X1,STD,X,216166.0
GWO_X1-STD,GWO,X1,STD,X,221772.0
GWO_X1-STD,GWO,X1,STD,X,211089.0
GWO_X1-STD,GWO,X1,STD,X,223309.0
GWO_X1-STD,GWO,X1,STD,X,213994.0
GWO_X1-STD,GWO,X1,STD,X,211653.0
GWO_X1-STD,GWO,X1,STD,X,211710.0
GWO_X1-STD,GWO,X1,STD,X,207425.0
GWO_X1-STD,GWO,X1,STD,X,213541.0
GWO_X1-STD,GWO,X1,STD,X,206425.0
GWO_X1-STD,GWO,X1,STD,X,214047.0
GWO_X1-STD,GWO,X1,STD,X,216637.0
GWO_X1-STD,GWO,X1,STD,X,211269.0
GWO_X1-STD,GWO,X1,STD,X,215792.0
GWO_X1-STD,GWO,X1,STD,X,207839.0
GWO_X1-STD,GWO,X1,STD,X,217618.0
GWO_X1-STD,GWO,X1,STD,X,214803.0
GWO_X1-STD,GWO,X1,STD,X,213953.0
GWO_X1-STD,GWO,X1,STD,X,216702.0
GWO_X1-STD,GWO,X1,STD,X,215188.0
GWO_X1-STD,GWO,X1,STD,X,212587.0
GWO_X1-STD,GWO,X1,STD,X,222635.0
GWO_X1-STD,GWO,X1,STD,X,211510.0
GWO_X1-STD,GWO,X1,STD,X,214105.0
GWO_X1-STD,GWO,X1,STD,X,210699.0
GWO_X1-STD,GWO,X1,STD,X,208494.0
GWO_X1-STD,GWO,X1,STD,X,214902.0
GWO_X1-STD,GWO,X1,STD,X,215008.0
GWO_X2-STD,GWO,X2,STD,X,211557.0
GWO_X2-STD,GWO,X2,STD,X,216662.0
GWO_X2-STD,GWO,X2,STD,X,214600.0
GWO_X2-STD,GWO,X2,STD,X,213437.0
GWO_X2-STD,GWO,X2,STD,X,211529.0
GWO_X2-STD,GWO,X2,STD,X,215433.0
GWO_X2-STD,GWO,X2,STD,X,217970.0
GWO_X2-STD,GWO,X2,STD,X,213208.0
GWO_X2-STD,GWO,X2,STD,X,211558.0
GWO_X2-STD,GWO,X2,STD,X,215342.0
GWO_X2-STD,GWO,X2,STD,X,214269.0
GWO_X2-STD,GWO,X2,STD,X,216772.0
GWO_X2-STD,GWO,X2,STD,X,210204.0
GWO_X2-STD,GWO,X2,STD,X,214813.0
GWO_X2-STD,GWO,X2,STD,X,210152.0
GWO_X2-STD,GWO,X2,STD,X,215175.0
GWO_X2-STD,GWO,X2,STD,X,217129.0
GWO_X2-STD,GWO,X2,STD,X,213937.0
GWO_X2-STD,GWO,X2,STD,X,214732.0
GWO_X2-STD,GWO,X2,STD,X,215524.0
GWO_X2-STD,GWO,X2,STD,X,214743.0
GWO_X2-STD,GWO,X2,STD,X,213049.0
GWO_X2-STD,GWO,X2,STD,X,210754.0
GWO_X2-STD,GWO,X2,STD,X,212673.0
GWO_X2-STD,GWO,X2,STD,X,212338.0
GWO_X2-STD,GWO,X2,STD,X,210760.0
GWO_X2-STD,GWO,X2,STD,X,215514.0
GWO_X2-STD,GWO,X2,STD,X,215640.0
GWO_X2-STD,GWO,X2,STD,X,215485.0
GWO_X2-STD,GWO,X2,STD,X,213120.0
GWO_X2-STD,GWO,X2,STD,X,210484.0
GWO_X3-STD,GWO,X3,STD,X,215859.0
GWO_X3-STD,GWO,X3,STD,X,215148.0
GWO_X3-STD,GWO,X3,STD,X,215802.0
GWO_X3-STD,GWO,X3,STD,X,214987.0
GWO_X3-STD,GWO,X3,STD,X,212749.0
GWO_X3-STD,GWO,X3,STD,X,213620.0
GWO_X3-STD,GWO,X3,STD,X,216597.0
GWO_X3-STD,GWO,X3,STD,X,215636.0
GWO_X3-STD,GWO,X3,STD,X,213909.0
GWO_X3-STD,GWO,X3,STD,X,222125.0
GWO_X3-STD,GWO,X3,STD,X,213827.0
GWO_X3-STD,GWO,X3,STD,X,219798.0
GWO_X3-STD,GWO,X3,STD,X,215525.0
GWO_X3-STD,GWO,X3,STD,X,214456.0
GWO_X3-STD,GWO,X3,STD,X,217871.0
GWO_X3-STD,GWO,X3,STD,X,216895.0
GWO_X3-STD,GWO,X3,STD,X,214165.0
GWO_X3-STD,GWO,X3,STD,X,218722.0
GWO_X3-STD,GWO,X3,STD,X,216789.0
GWO_X3-STD,GWO,X3,STD,X,213537.0
GWO_X3-STD,GWO,X3,STD,X,219306.0
GWO_X3-STD,GWO,X3,STD,X,217945.0
GWO_X3-STD,GWO,X3,STD,X,216546.0
GWO_X3-STD,GWO,X3,STD,X,215322.0
GWO_X3-STD,GWO,X3,STD,X,215010.0
GWO_X3-STD,GWO,X3,STD,X,214076.0
GWO_X3-STD,GWO,X3,STD,X,218789.0
GWO_X3-STD,GWO,X3,STD,X,216684.0
GWO_X3-STD,GWO,X3,STD,X,217287.0
GWO_X3-STD,GWO,X3,STD,X,217491.0
GWO_X3-STD,GWO,X3,STD,X,213924.0
GWO_X4-STD,GWO,X4,STD,X,218271.0
GWO_X4-STD,GWO,X4,STD,X,215713.0
GWO_X4-STD,GWO,X4,STD,X,218204.0
GWO_X4-STD,GWO,X4,STD,X,219617.0
GWO_X4-STD,GWO,X4,STD,X,219499.0
GWO_X4-STD,GWO,X4,STD,X,223765.0
GWO_X4-STD,GWO,X4,STD,X,218629.0
GWO_X4-STD,GWO,X4,STD,X,216633.0
GWO_X4-STD,GWO,X4,STD,X,219356.0
GWO_X4-STD,GWO,X4,STD,X,216055.0
GWO_X4-STD,GWO,X4,STD,X,222917.0
GWO_X4-STD,GWO,X4,STD,X,216948.0
GWO_X4-STD,GWO,X4,STD,X,216125.0
GWO_X4-STD,GWO,X4,STD,X,219078.0
GWO_X4-STD,GWO,X4,STD,X,218560.0
GWO_X4-STD,GWO,X4,STD,X,215454.0
GWO_X4-STD,GWO,X4,STD,X,217306.0
GWO_X4-STD,GWO,X4,STD,X,216685.0
GWO_X4-STD,GWO,X4,STD,X,216536.0
GWO_X4-STD,GWO,X4,STD,X,221707.0
GWO_X4-STD,GWO,X4,STD,X,219965.0
GWO_X4-STD,GWO,X4,STD,X,217741.0
GWO_X4-STD,GWO,X4,STD,X,220129.0
GWO_X4-STD,GWO,X4,STD,X,215601.0
GWO_X4-STD,GWO,X4,STD,X,219731.0
GWO_X4-STD,GWO,X4,STD,X,218971.0
GWO_X4-STD,GWO,X4,STD,X,227645.0
GWO_X4-STD,GWO,X4,STD,X,216251.0
GWO_X4-STD,GWO,X4,STD,X,216218.0
GWO_X4-STD,GWO,X4,STD,X,222837.0
GWO_X4-STD,GWO,X4,STD,X,217504.0
GWO_X1-COM,GWO,X1,COM,X,214321.0
GWO_X1-COM,GWO,X1,COM,X,212550.0
GWO_X1-COM,GWO,X1,COM,X,212411.0
GWO_X1-COM,GWO,X1,COM,X,212591.0
GWO_X1-COM,GWO,X1,COM,X,211479.0
GWO_X1-COM,GWO,X1,COM,X,213517.0
GWO_X1-COM,GWO,X1,COM,X,215341.0
GWO_X1-COM,GWO,X1,COM,X,212583.0
GWO_X1-COM,GWO,X1,COM,X,215265.0
GWO_X1-COM,GWO,X1,COM,X,212315.0
GWO_X1-COM,GWO,X1,COM,X,213502.0
GWO_X1-COM,GWO,X1,COM,X,213626.0
GWO_X1-COM,GWO,X1,COM,X,214020.0
GWO_X1-COM,GWO,X1,COM,X,215431.0
GWO_X1-COM,GWO,X1,COM,X,223235.0
GWO_X1-COM,GWO,X1,COM,X,214786.0
GWO_X1-COM,GWO,X1,COM,X,212308.0
GWO_X1-COM,GWO,X1,COM,X,217716.0
GWO_X1-COM,GWO,X1,COM,X,217951.0
GWO_X1-COM,GWO,X1,COM,X,212799.0
GWO_X1-COM,GWO,X1,COM,X,210490.0
GWO_X1-COM,GWO,X1,COM,X,219155.0
GWO_X1-COM,GWO,X1,COM,X,215941.0
GWO_X1-COM,GWO,X1,COM,X,218631.0
GWO_X1-COM,GWO,X1,COM,X,214822.0
GWO_X1-COM,GWO,X1,COM,X,217484.0
GWO_X1-COM,GWO,X1,COM,X,216754.0
GWO_X1-COM,GWO,X1,COM,X,210305.0
GWO_X1-COM,GWO,X1,COM,X,213971.0
GWO_X1-COM,GWO,X1,COM,X,210038.0
GWO_X1-COM,GWO,X1,COM,X,213702.0
GWO_X2-COM,GWO,X2,COM,X,215474.0
GWO_X2-COM,GWO,X2,COM,X,213752.0
GWO_X2-COM,GWO,X2,COM,X,212156.0
GWO_X2-COM,GWO,X2,COM,X,214061.0
GWO_X2-COM,GWO,X2,COM,X,213765.0
GWO_X2-COM,GWO,X2,COM,X,215506.0
GWO_X2-COM,GWO,X2,COM,X,214505.0
GWO_X2-COM,GWO,X2,COM,X,215635.0
GWO_X2-COM,GWO,X2,COM,X,212380.0
GWO_X2-COM,GWO,X2,COM,X,216211.0
GWO_X2-COM,GWO,X2,COM,X,215286.0
GWO_X2-COM,GWO,X2,COM,X,211176.0
GWO_X2-COM,GWO,X2,COM,X,215574.0
GWO_X2-COM,GWO,X2,COM,X,218072.0
GWO_X2-COM,GWO,X2,COM,X,217976.0
GWO_X2-COM,GWO,X2,COM,X,211145.0
GWO_X2-COM,GWO,X2,COM,X,215103.0
GWO_X2-COM,GWO,X2,COM,X,211424.0
GWO_X2-COM,GWO,X2,COM,X,213847.0
GWO_X2-COM,GWO,X2,COM,X,216218.0
GWO_X2-COM,GWO,X2,COM,X,212089.0
GWO_X2-COM,GWO,X2,COM,X,211672.0
GWO_X2-COM,GWO,X2,COM,X,214008.0
GWO_X2-COM,GWO,X2,COM,X,218200.0
GWO_X2-COM,GWO,X2,COM,X,214681.0
GWO_X2-COM,GWO,X2,COM,X,217445.0
GWO_X2-COM,GWO,X2,COM,X,217750.0
GWO_X2-COM,GWO,X2,COM,X,215203.0
GWO_X2-COM,GWO,X2,COM,X,216930.0
GWO_X2-COM,GWO,X2,COM,X,221271.0
GWO_X2-COM,GWO,X2,COM,X,212178.0
GWO_X3-COM,GWO,X3,COM,X,216313.0
GWO_X3-COM,GWO,X3,COM,X,212451.0
GWO_X3-COM,GWO,X3,COM,X,218241.0
GWO_X3-COM,GWO,X3,COM,X,215440.0
GWO_X3-COM,GWO,X3,COM,X,216034.0
GWO_X3-COM,GWO,X3,COM,X,211351.0
GWO_X3-COM,GWO,X3,COM,X,215684.0
GWO_X3-COM,GWO,X3,COM,X,215830.0
GWO_X3-COM,GWO,X3,COM,X,213038.0
GWO_X3-COM,GWO,X3,COM,X,213282.0
GWO_X3-COM,GWO,X3,COM,X,213834.0
GWO_X3-COM,GWO,X3,COM,X,214666.0
GWO_X3-COM,GWO,X3,COM,X,216540.0
GWO_X3-COM,GWO,X3,COM,X,210856.0
GWO_X3-COM,GWO,X3,COM,X,213836.0
GWO_X3-COM,GWO,X3,COM,X,211220.0
GWO_X3-COM,GWO,X3,COM,X,212524.0
GWO_X3-COM,GWO,X3,COM,X,210988.0
GWO_X3-COM,GWO,X3,COM,X,214082.0
GWO_X3-COM,GWO,X3,COM,X,217107.0
GWO_X3-COM,GWO,X3,COM,X,212245.0
GWO_X3-COM,GWO,X3,COM,X,211876.0
GWO_X3-COM,GWO,X3,COM,X,217228.0
GWO_X3-COM,GWO,X3,COM,X,215480.0
GWO_X3-COM,GWO,X3,COM,X,210697.0
GWO_X3-COM,GWO,X3,COM,X,215339.0
GWO_X3-COM,GWO,X3,COM,X,214860.0
GWO_X3-COM,GWO,X3,COM,X,214809.0
GWO_X3-COM,GWO,X3,COM,X,212587.0
GWO_X3-COM,GWO,X3,COM,X,212379.0
GWO_X3-COM,GWO,X3,COM,X,213834.0
GWO_X4-COM,GWO,X4,COM,X,217744.0
GWO_X4-COM,GWO,X4,COM,X,211577.0
GWO_X4-COM,GWO,X4,COM,X,209384.0
GWO_X4-COM,GWO,X4,COM,X,212718.0
GWO_X4-COM,GWO,X4,COM,X,216736.0
GWO_X4-COM,GWO,X4,COM,X,211305.0
GWO_X4-COM,GWO,X4,COM,X,215526.0
GWO_X4-COM,GWO,X4,COM,X,214173.0
GWO_X4-COM,GWO,X4,COM,X,211916.0
GWO_X4-COM,GWO,X4,COM,X,215916.0
GWO_X4-COM,GWO,X4,COM,X,210052.0
GWO_X4-COM,GWO,X4,COM,X,210611.0
GWO_X4-COM,GWO,X4,COM,X,210581.0
GWO_X4-COM,GWO,X4,COM,X,215802.0
GWO_X4-COM,GWO,X4,COM,X,215728.0
GWO_X4-COM,GWO,X4,COM,X,211487.0
GWO_X4-COM,GWO,X4,COM,X,211417.0
GWO_X4-COM,GWO,X4,COM,X,215188.0
GWO_X4-COM,GWO,X4,COM,X,205388.0
GWO_X4-COM,GWO,X4,COM,X,212487.0
GWO_X4-COM,GWO,X4,COM,X,215944.0
GWO_X4-COM,GWO,X4,COM,X,216252.0
GWO_X4-COM,GWO,X4,COM,X,212741.0
GWO_X4-COM,GWO,X4,COM,X,216743.0
GWO_X4-COM,GWO,X4,COM,X,214742.0
GWO_X4-COM,GWO,X4,COM,X,216399.0
GWO_X4-COM,GWO,X4,COM,X,208628.0
GWO_X4-COM,GWO,X4,COM,X,211376.0
GWO_X4-COM,GWO,X4,COM,X,218266.0
GWO_X4-COM,GWO,X4,COM,X,215458.0
GWO_X4-COM,GWO,X4,COM,X,216892.0
GWO_X1-ELIT,GWO,X1,ELIT,X,215898.0
GWO_X1-ELIT,GWO,X1,ELIT,X,214344.0
GWO_X1-ELIT,GWO,X1,ELIT,X,213458.0
GWO_X1-ELIT,GWO,X1,ELIT,X,219381.0
GWO_X1-ELIT,GWO,X1,ELIT,X,211583.0
GWO_X1-ELIT,GWO,X1,ELIT,X,214912.0
GWO_X1-ELIT,GWO,X1,ELIT,X,215222.0
GWO_X1-ELIT,GWO,X1,ELIT,X,215604.0
GWO_X1-ELIT,GWO,X1,ELIT,X,215162.0
GWO_X1-ELIT,GWO,X1,ELIT,X,213898.0
GWO_X1-ELIT,GWO,X1,ELIT,X,216035.0
GWO_X1-ELIT,GWO,X1,ELIT,X,217790.0
GWO_X1-ELIT,GWO,X1,ELIT,X,221746.0
GWO_X1-ELIT,GWO,X1,ELIT,X,227768.0
GWO_X1-ELIT,GWO,X1,ELIT,X,217803.0
GWO_X1-ELIT,GWO,X1,ELIT,X,217573.0
GWO_X1-ELIT,GWO,X1,ELIT,X,219252.0
GWO_X1-ELIT,GWO,X1,ELIT,X,214493.0
GWO_X1-ELIT,GWO,X1,ELIT,X,213026.0
GWO_X1-ELIT,GWO,X1,ELIT,X,216008.0
GWO_X1-ELIT,GWO,X1,ELIT,X,215731.0
GWO_X1-ELIT,GWO,X1,ELIT,X,210867.0
GWO_X1-ELIT,GWO,X1,ELIT,X,211744.0
GWO_X1-ELIT,GWO,X1,ELIT,X,217653.0
GWO_X1-ELIT,GWO,X1,ELIT,X,212008.0
GWO_X1-ELIT,GWO,X1,ELIT,X,219456.0
GWO_X1-ELIT,GWO,X1,ELIT,X,215142.0
GWO_X1-ELIT,GWO,X1,ELIT,X,213414.0
GWO_X1-ELIT,GWO,X1,ELIT,X,209686.0
GWO_X1-ELIT,GWO,X1,ELIT,X,214937.0
GWO_X1-ELIT,GWO,X1,ELIT,X,211218.0
GWO_X2-ELIT,GWO,X2,ELIT,X,216743.0
GWO_X2-ELIT,GWO,X2,ELIT,X,212419.0
GWO_X2-ELIT,GWO,X2,ELIT,X,214451.0
GWO_X2-ELIT,GWO,X2,ELIT,X,211608.0
GWO_X2-ELIT,GWO,X2,ELIT,X,212336.0
GWO_X2-ELIT,GWO,X2,ELIT,X,209360.0
GWO_X2-ELIT,GWO,X2,ELIT,X,216570.0
GWO_X2-ELIT,GWO,X2,ELIT,X,214544.0
GWO_X2-ELIT,GWO,X2,ELIT,X,212613.0
GWO_X2-ELIT,GWO,X2,ELIT,X,211941.0
GWO_X2-ELIT,GWO,X2,ELIT,X,216749.0
GWO_X2-ELIT,GWO,X2,ELIT,X,221669.0
GWO_X2-ELIT,GWO,X2,ELIT,X,219914.0
GWO_X2-ELIT,GWO,X2,ELIT,X,218954.0
GWO_X2-ELIT,GWO,X2,ELIT,X,215162.0
GWO_X2-ELIT,GWO,X2,ELIT,X,214757.0
GWO_X2-ELIT,GWO,X2,ELIT,X,211100.0
GWO_X2-ELIT,GWO,X2,ELIT,X,215206.0
GWO_X2-ELIT,GWO,X2,ELIT,X,215006.0
GWO_X2-ELIT,GWO,X2,ELIT,X,214245.0
GWO_X2-ELIT,GWO,X2,ELIT,X,211213.0
GWO_X2-ELIT,GWO,X2,ELIT,X,211803.0
GWO_X2-ELIT,GWO,X2,ELIT,X,215243.0
GWO_X2-ELIT,GWO,X2,ELIT,X,213403.0
GWO_X2-ELIT,GWO,X2,ELIT,X,212297.0
GWO_X2-ELIT,GWO,X2,ELIT,X,213189.0
GWO_X2-ELIT,GWO,X2,ELIT,X,214761.0
GWO_X2-ELIT,GWO,X2,ELIT,X,216025.0
GWO_X2-ELIT,GWO,X2,ELIT,X,211201.0
GWO_X2-ELIT,GWO,X2,ELIT,X,212719.0
GWO_X2-ELIT,GWO,X2,ELIT,X,219681.0
GWO_X3-ELIT,GWO,X3,ELIT,X,210488.0
GWO_X3-ELIT,GWO,X3,ELIT,X,218086.0
GWO_X3-ELIT,GWO,X3,ELIT,X,219768.0
GWO_X3-ELIT,GWO,X3,ELIT,X,213054.0
GWO_X3-ELIT,GWO,X3,ELIT,X,220123.0
GWO_X3-ELIT,GWO,X3,ELIT,X,214744.0
GWO_X3-ELIT,GWO,X3,ELIT,X,212154.0
GWO_X3-ELIT,GWO,X3,ELIT,X,215485.0
GWO_X3-ELIT,GWO,X3,ELIT,X,207352.0
GWO_X3-ELIT,GWO,X3,ELIT,X,211520.0
GWO_X3-ELIT,GWO,X3,ELIT,X,211122.0
GWO_X3-ELIT,GWO,X3,ELIT,X,214155.0
GWO_X3-ELIT,GWO,X3,ELIT,X,216792.0
GWO_X3-ELIT,GWO,X3,ELIT,X,213024.0
GWO_X3-ELIT,GWO,X3,ELIT,X,215803.0
GWO_X3-ELIT,GWO,X3,ELIT,X,216188.0
GWO_X3-ELIT,GWO,X3,ELIT,X,213070.0
GWO_X3-ELIT,GWO,X3,ELIT,X,219144.0
GWO_X3-ELIT,GWO,X3,ELIT,X,214139.0
GWO_X3-ELIT,GWO,X3,ELIT,X,217036.0
GWO_X3-ELIT,GWO,X3,ELIT,X,218044.0
GWO_X3-ELIT,GWO,X3,ELIT,X,219152.0
GWO_X3-ELIT,GWO,X3,ELIT,X,213685.0
GWO_X3-ELIT,GWO,X3,ELIT,X,216362.0
GWO_X3-ELIT,GWO,X3,ELIT,X,217173.0
GWO_X3-ELIT,GWO,X3,ELIT,X,212834.0
GWO_X3-ELIT,GWO,X3,ELIT,X,215146.0
GWO_X3-ELIT,GWO,X3,ELIT,X,213175.0
GWO_X3-ELIT,GWO,X3,ELIT,X,217815.0
GWO_X3-ELIT,GWO,X3,ELIT,X,215048.0
GWO_X3-ELIT,GWO,X3,ELIT,X,214980.0
GWO_X4-ELIT,GWO,X4,ELIT,X,216255.0
GWO_X4-ELIT,GWO,X4,ELIT,X,215369.0
GWO_X4-ELIT,GWO,X4,ELIT,X,214250.0
GWO_X4-ELIT,GWO,X4,ELIT,X,219607.0
GWO_X4-ELIT,GWO,X4,ELIT,X,211509.0
GWO_X4-ELIT,GWO,X4,ELIT,X,216231.0
GWO_X4-ELIT,GWO,X4,ELIT,X,222893.0
GWO_X4-ELIT,GWO,X4,ELIT,X,216051.0
GWO_X4-ELIT,GWO,X4,ELIT,X,220661.0
GWO_X4-ELIT,GWO,X4,ELIT,X,213215.0
GWO_X4-ELIT,GWO,X4,ELIT,X,216344.0
GWO_X4-ELIT,GWO,X4,ELIT,X,217935.0
GWO_X4-ELIT,GWO,X4,ELIT,X,221096.0
GWO_X4-ELIT,GWO,X4,ELIT,X,210916.0
GWO_X4-ELIT,GWO,X4,ELIT,X,217412.0
GWO_X4-ELIT,GWO,X4,ELIT,X,218637.0
GWO_X4-ELIT,GWO,X4,ELIT,X,216496.0
GWO_X4-ELIT,GWO,X4,ELIT,X,214336.0
GWO_X4-ELIT,GWO,X4,ELIT,X,216422.0
GWO_X4-ELIT,GWO,X4,ELIT,X,212424.0
GWO_X4-ELIT,GWO,X4,ELIT,X,216842.0
GWO_X4-ELIT,GWO,X4,ELIT,X,211166.0
GWO_X4-ELIT,GWO,X4,ELIT,X,209667.0
GWO_X4-ELIT,GWO,X4,ELIT,X,214696.0
GWO_X4-ELIT,GWO,X4,ELIT,X,215168.0
GWO_X4-ELIT,GWO,X4,ELIT,X,214291.0
GWO_X4-ELIT,GWO,X4,ELIT,X,214747.0
GWO_X4-ELIT,GWO,X4,ELIT,X,215723.0
GWO_X4-ELIT,GWO,X4,ELIT,X,214191.0
GWO_X4-ELIT,GWO,X4,ELIT,X,213661.0
GWO_X4-ELIT,GWO,X4,ELIT,X,220098.0
GWO_Z1-STD,GWO,Z1,STD,Z,216518.0
GWO_Z1-STD,GWO,Z1,STD,Z,213082.0
GWO_Z1-STD,GWO,Z1,STD,Z,214923.0
GWO_Z1-STD,GWO,Z1,STD,Z,211753.0
GWO_Z1-STD,GWO,Z1,STD,Z,213416.0
GWO_Z1-STD,GWO,Z1,STD,Z,214836.0
GWO_Z1-STD,GWO,Z1,STD,Z,212621.0
GWO_Z1-STD,GWO,Z1,STD,Z,212373.0
GWO_Z1-STD,GWO,Z1,STD,Z,216647.0
GWO_Z1-STD,GWO,Z1,STD,Z,210820.0
GWO_Z1-STD,GWO,Z1,STD,Z,208168.0
GWO_Z1-STD,GWO,Z1,STD,Z,213688.0
GWO_Z1-STD,GWO,Z1,STD,Z,222721.0
GWO_Z1-STD,GWO,Z1,STD,Z,217236.0
GWO_Z1-STD,GWO,Z1,STD,Z,215856.0
GWO_Z1-STD,GWO,Z1,STD,Z,215365.0
GWO_Z1-STD,GWO,Z1,STD,Z,216771.0
GWO_Z1-STD,GWO,Z1,STD,Z,216272.0
GWO_Z1-STD,GWO,Z1,STD,Z,214834.0
GWO_Z1-STD,GWO,Z1,STD,Z,217479.0
GWO_Z1-STD,GWO,Z1,STD,Z,214992.0
GWO_Z1-STD,GWO,Z1,STD,Z,212652.0
GWO_Z1-STD,GWO,Z1,STD,Z,213940.0
GWO_Z1-STD,GWO,Z1,STD,Z,211794.0
GWO_Z1-STD,GWO,Z1,STD,Z,215634.0
GWO_Z1-STD,GWO,Z1,STD,Z,219245.0
GWO_Z1-STD,GWO,Z1,STD,Z,213266.0
GWO_Z1-STD,GWO,Z1,STD,Z,217977.0
GWO_Z1-STD,GWO,Z1,STD,Z,214984.0
GWO_Z1-STD,GWO,Z1,STD,Z,219449.0
GWO_Z1-STD,GWO,Z1,STD,Z,213031.0
GWO_Z2-STD,GWO,Z2,STD,Z,214880.0
GWO_Z2-STD,GWO,Z2,STD,Z,217606.0
GWO_Z2-STD,GWO,Z2,STD,Z,216363.0
GWO_Z2-STD,GWO,Z2,STD,Z,214924.0
GWO_Z2-STD,GWO,Z2,STD,Z,217579.0
GWO_Z2-STD,GWO,Z2,STD,Z,212843.0
GWO_Z2-STD,GWO,Z2,STD,Z,216829.0
GWO_Z2-STD,GWO,Z2,STD,Z,221507.0
GWO_Z2-STD,GWO,Z2,STD,Z,214225.0
GWO_Z2-STD,GWO,Z2,STD,Z,213784.0
GWO_Z2-STD,GWO,Z2,STD,Z,214794.0
GWO_Z2-STD,GWO,Z2,STD,Z,207936.0
GWO_Z2-STD,GWO,Z2,STD,Z,213202.0
GWO_Z2-STD,GWO,Z2,STD,Z,215073.0
GWO_Z2-STD,GWO,Z2,STD,Z,212661.0
GWO_Z2-STD,GWO,Z2,STD,Z,211992.0
GWO_Z2-STD,GWO,Z2,STD,Z,216800.0
GWO_Z2-STD,GWO,Z2,STD,Z,217468.0
GWO_Z2-STD,GWO,Z2,STD,Z,219356.0
GWO_Z2-STD,GWO,Z2,STD,Z,220622.0
GWO_Z2-STD,GWO,Z2,STD,Z,207599.0
GWO_Z2-STD,GWO,Z2,STD,Z,217197.0
GWO_Z2-STD,GWO,Z2,STD,Z,216571.0
GWO_Z2-STD,GWO,Z2,STD,Z,214447.0
GWO_Z2-STD,GWO,Z2,STD,Z,214424.0
GWO_Z2-STD,GWO,Z2,STD,Z,216141.0
GWO_Z2-STD,GWO,Z2,STD,Z,211871.0
GWO_Z2-STD,GWO,Z2,STD,Z,212664.0
GWO_Z2-STD,GWO,Z2,STD,Z,210393.0
GWO_Z2-STD,GWO,Z2,STD,Z,211706.0
GWO_Z2-STD,GWO,Z2,STD,Z,221438.0
GWO_Z3-STD,GWO,Z3,STD,Z,213596.0
GWO_Z3-STD,GWO,Z3,STD,Z,216720.0
GWO_Z3-STD,GWO,Z3,STD,Z,213770.0
GWO_Z3-STD,GWO,Z3,STD,Z,217309.0
GWO_Z3-STD,GWO,Z3,STD,Z,214711.0
GWO_Z3-STD,GWO,Z3,STD,Z,222680.0
GWO_Z3-STD,GWO,Z3,STD,Z,215684.0
GWO_Z3-STD,GWO,Z3,STD,Z,211046.0
GWO_Z3-STD,GWO,Z3,STD,Z,216946.0
GWO_Z3-STD,GWO,Z3,STD,Z,219553.0
GWO_Z3-STD,GWO,Z3,STD,Z,215877.0
GWO_Z3-STD,GWO,Z3,STD,Z,213858.0
GWO_Z3-STD,GWO,Z3,STD,Z,214816.0
GWO_Z3-STD,GWO,Z3,STD,Z,215843.0
GWO_Z3-STD,GWO,Z3,STD,Z,214156.0
GWO_Z3-STD,GWO,Z3,STD,Z,217104.0
GWO_Z3-STD,GWO,Z3,STD,Z,217599.0
GWO_Z3-STD,GWO,Z3,STD,Z,214644.0
GWO_Z3-STD,GWO,Z3,STD,Z,219996.0
GWO_Z3-STD,GWO,Z3,STD,Z,217246.0
GWO_Z3-STD,GWO,Z3,STD,Z,218648.0
GWO_Z3-STD,GWO,Z3,STD,Z,220190.0
GWO_Z3-STD,GWO,Z3,STD,Z,214327.0
GWO_Z3-STD,GWO,Z3,STD,Z,220218.0
GWO_Z3-STD,GWO,Z3,STD,Z,217239.0
GWO_Z3-STD,GWO,Z3,STD,Z,220138.0
GWO_Z3-STD,GWO,Z3,STD,Z,217871.0
GWO_Z3-STD,GWO,Z3,STD,Z,218032.0
GWO_Z3-STD,GWO,Z3,STD,Z,216848.0
GWO_Z3-STD,GWO,Z3,STD,Z,217250.0
GWO_Z3-STD,GWO,Z3,STD,Z,211715.0
GWO_Z4-STD,GWO,Z4,STD,Z,214057.0
GWO_Z4-STD,GWO,Z4,STD,Z,214913.0
GWO_Z4-STD,GWO,Z4,STD,Z,212826.0
GWO_Z4-STD,GWO,Z4,STD,Z,215915.0
GWO_Z4-STD,GWO,Z4,STD,Z,216678.0
GWO_Z4-STD,GWO,Z4,STD,Z,210605.0
GWO_Z4-STD,GWO,Z4,STD,Z,214977.0
GWO_Z4-STD,GWO,Z4,STD,Z,213461.0
GWO_Z4-STD,GWO,Z4,STD,Z,216727.0
GWO_Z4-STD,GWO,Z4,STD,Z,214673.0
GWO_Z4-STD,GWO,Z4,STD,Z,210753.0
GWO_Z4-STD,GWO,Z4,STD,Z,217933.0
GWO_Z4-STD,GWO,Z4,STD,Z,212302.0
GWO_Z4-STD,GWO,Z4,STD,Z,218400.0
GWO_Z4-STD,GWO,Z4,STD,Z,214351.0
GWO_Z4-STD,GWO,Z4,STD,Z,210291.0
GWO_Z4-STD,GWO,Z4,STD,Z,219286.0
GWO_Z4-STD,GWO,Z4,STD,Z,216127.0
GWO_Z4-STD,GWO,Z4,STD,Z,220292.0
GWO_Z4-STD,GWO,Z4,STD,Z,212595.0
GWO_Z4-STD,GWO,Z4,STD,Z,212913.0
GWO_Z4-STD,GWO,Z4,STD,Z,218923.0
GWO_Z4-STD,GWO,Z4,STD,Z,216911.0
GWO_Z4-STD,GWO,Z4,STD,Z,211283.0
GWO_Z4-STD,GWO,Z4,STD,Z,219074.0
GWO_Z4-STD,GWO,Z4,STD,Z,212675.0
GWO_Z4-STD,GWO,Z4,STD,Z,217067.0
GWO_Z4-STD,GWO,Z4,STD,Z,214787.0
GWO_Z4-STD,GWO,Z4,STD,Z,218634.0
GWO_Z4-STD,GWO,Z4,STD,Z,209146.0
GWO_Z4-STD,GWO,Z4,STD,Z,219785.0
GWO_Z1-COM,GWO,Z1,COM,Z,215557.0
GWO_Z1-COM,GWO,Z1,COM,Z,209377.0
GWO_Z1-COM,GWO,Z1,COM,Z,214823.0
GWO_Z1-COM,GWO,Z1,COM,Z,215645.0
GWO_Z1-COM,GWO,Z1,COM,Z,219340.0
GWO_Z1-COM,GWO,Z1,COM,Z,213178.0
GWO_Z1-COM,GWO,Z1,COM,Z,216578.0
GWO_Z1-COM,GWO,Z1,COM,Z,217337.0
GWO_Z1-COM,GWO,Z1,COM,Z,221474.0
GWO_Z1-COM,GWO,Z1,COM,Z,212193.0
GWO_Z1-COM,GWO,Z1,COM,Z,207373.0
GWO_Z1-COM,GWO,Z1,COM,Z,213675.0
GWO_Z1-COM,GWO,Z1,COM,Z,214391.0
GWO_Z1-COM,GWO,Z1,COM,Z,217678.0
GWO_Z1-COM,GWO,Z1,COM,Z,216687.0
GWO_Z1-COM,GWO,Z1,COM,Z,208966.0
GWO_Z1-COM,GWO,Z1,COM,Z,214256.0
GWO_Z1-COM,GWO,Z1,COM,Z,214006.0
GWO_Z1-COM,GWO,Z1,COM,Z,216569.0
GWO_Z1-COM,GWO,Z1,COM,Z,218739.0
GWO_Z1-COM,GWO,Z1,COM,Z,210010.0
GWO_Z1-COM,GWO,Z1,COM,Z,223992.0
GWO_Z1-COM,GWO,Z1,COM,Z,211949.0
GWO_Z1-COM,GWO,Z1,COM,Z,218331.0
GWO_Z1-COM,GWO,Z1,COM,Z,216948.0
GWO_Z1-COM,GWO,Z1,COM,Z,217748.0
GWO_Z1-COM,GWO,Z1,COM,Z,216835.0
GWO_Z1-COM,GWO,Z1,COM,Z,211369.0
GWO_Z1-COM,GWO,Z1,COM,Z,212740.0
GWO_Z1-COM,GWO,Z1,COM,Z,218452.0
GWO_Z1-COM,GWO,Z1,COM,Z,218123.0
GWO_Z2-COM,GWO,Z2,COM,Z,218536.0
GWO_Z2-COM,GWO,Z2,COM,Z,212825.0
GWO_Z2-COM,GWO,Z2,COM,Z,207958.0
GWO_Z2-COM,GWO,Z2,COM,Z,218790.0
GWO_Z2-COM,GWO,Z2,COM,Z,215854.0
GWO_Z2-COM,GWO,Z2,COM,Z,213697.0
GWO_Z2-COM,GWO,Z2,COM,Z,210416.0
GWO_Z2-COM,GWO,Z2,COM,Z,214076.0
GWO_Z2-COM,GWO,Z2,COM,Z,223319.0
GWO_Z2-COM,GWO,Z2,COM,Z,214142.0
GWO_Z2-COM,GWO,Z2,COM,Z,221116.0
GWO_Z2-COM,GWO,Z2,COM,Z,213590.0
GWO_Z2-COM,GWO,Z2,COM,Z,212865.0
GWO_Z2-COM,GWO,Z2,COM,Z,212095.0
GWO_Z2-COM,GWO,Z2,COM,Z,212257.0
GWO_Z2-COM,GWO,Z2,COM,Z,217513.0
GWO_Z2-COM,GWO,Z2,COM,Z,213337.0
GWO_Z2-COM,GWO,Z2,COM,Z,213959.0
GWO_Z2-COM,GWO,Z2,COM,Z,215120.0
GWO_Z2-COM,GWO,Z2,COM,Z,217986.0
GWO_Z2-COM,GWO,Z2,COM,Z,220261.0
GWO_Z2-COM,GWO,Z2,COM,Z,213619.0
GWO_Z2-COM,GWO,Z2,COM,Z,221688.0
GWO_Z2-COM,GWO,Z2,COM,Z,217021.0
GWO_Z2-COM,GWO,Z2,COM,Z,219550.0
GWO_Z2-COM,GWO,Z2,COM,Z,214403.0
GWO_Z2-COM,GWO,Z2,COM,Z,209386.0
GWO_Z2-COM,GWO,Z2,COM,Z,210550.0
GWO_Z2-COM,GWO,Z2,COM,Z,214439.0
GWO_Z2-COM,GWO,Z2,COM,Z,217013.0
GWO_Z2-COM,GWO,Z2,COM,Z,213874.0
GWO_Z3-COM,GWO,Z3,COM,Z,207592.0
GWO_Z3-COM,GWO,Z3,COM,Z,214825.0
GWO_Z3-COM,GWO,Z3,COM,Z,212564.0
GWO_Z3-COM,GWO,Z3,COM,Z,209373.0
GWO_Z3-COM,GWO,Z3,COM,Z,214198.0
GWO_Z3-COM,GWO,Z3,COM,Z,211721.0
GWO_Z3-COM,GWO,Z3,COM,Z,213917.0
GWO_Z3-COM,GWO,Z3,COM,Z,216288.0
GWO_Z3-COM,GWO,Z3,COM,Z,213655.0
GWO_Z3-COM,GWO,Z3,COM,Z,218511.0
GWO_Z3-COM,GWO,Z3,COM,Z,211639.0
GWO_Z3-COM,GWO,Z3,COM,Z,219866.0
GWO_Z3-COM,GWO,Z3,COM,Z,210897.0
GWO_Z3-COM,GWO,Z3,COM,Z,210039.0
GWO_Z3-COM,GWO,Z3,COM,Z,210326.0
GWO_Z3-COM,GWO,Z3,COM,Z,214513.0
GWO_Z3-COM,GWO,Z3,COM,Z,216528.0
GWO_Z3-COM,GWO,Z3,COM,Z,213480.0
GWO_Z3-COM,GWO,Z3,COM,Z,214391.0
GWO_Z3-COM,GWO,Z3,COM,Z,214038.0
GWO_Z3-COM,GWO,Z3,COM,Z,214497.0
GWO_Z3-COM,GWO,Z3,COM,Z,211443.0
GWO_Z3-COM,GWO,Z3,COM,Z,217700.0
GWO_Z3-COM,GWO,Z3,COM,Z,214068.0
GWO_Z3-COM,GWO,Z3,COM,Z,216708.0
GWO_Z3-COM,GWO,Z3,COM,Z,212556.0
GWO_Z3-COM,GWO,Z3,COM,Z,219165.0
GWO_Z3-COM,GWO,Z3,COM,Z,218657.0
GWO_Z3-COM,GWO,Z3,COM,Z,223176.0
GWO_Z3-COM,GWO,Z3,COM,Z,217511.0
GWO_Z3-COM,GWO,Z3,COM,Z,210786.0
GWO_Z4-COM,GWO,Z4,COM,Z,219783.0
GWO_Z4-COM,GWO,Z4,COM,Z,215867.0
GWO_Z4-COM,GWO,Z4,COM,Z,214010.0
GWO_Z4-COM,GWO,Z4,COM,Z,219532.0
GWO_Z4-COM,GWO,Z4,COM,Z,211587.0
GWO_Z4-COM,GWO,Z4,COM,Z,213186.0
GWO_Z4-COM,GWO,Z4,COM,Z,211366.0
GWO_Z4-COM,GWO,Z4,COM,Z,219389.0
GWO_Z4-COM,GWO,Z4,COM,Z,220205.0
GWO_Z4-COM,GWO,Z4,COM,Z,210294.0
GWO_Z4-COM,GWO,Z4,COM,Z,214389.0
GWO_Z4-COM,GWO,Z4,COM,Z,214407.0
GWO_Z4-COM,GWO,Z4,COM,Z,216916.0
GWO_Z4-COM,GWO,Z4,COM,Z,218698.0
GWO_Z4-COM,GWO,Z4,COM,Z,212145.0
GWO_Z4-COM,GWO,Z4,COM,Z,214055.0
GWO_Z4-COM,GWO,Z4,COM,Z,208401.0
GWO_Z4-COM,GWO,Z4,COM,Z,208760.0
GWO_Z4-COM,GWO,Z4,COM,Z,215451.0
GWO_Z4-COM,GWO,Z4,COM,Z,211092.0
GWO_Z4-COM,GWO,Z4,COM,Z,215134.0
GWO_Z4-COM,GWO,Z4,COM,Z,209683.0
GWO_Z4-COM,GWO,Z4,COM,Z,215953.0
GWO_Z4-COM,GWO,Z4,COM,Z,216133.0
GWO_Z4-COM,GWO,Z4,COM,Z,214671.0
GWO_Z4-COM,GWO,Z4,COM,Z,216587.0
GWO_Z4-COM,GWO,Z4,COM,Z,211149.0
GWO_Z4-COM,GWO,Z4,COM,Z,214257.0
GWO_Z4-COM,GWO,Z4,COM,Z,214759.0
GWO_Z4-COM,GWO,Z4,COM,Z,216527.0
GWO_Z4-COM,GWO,Z4,COM,Z,214595.0
GWO_Z1-ELIT,GWO,Z1,ELIT,Z,216188.0
GWO_Z1-ELIT,GWO,Z1,ELIT,Z,216173.0
GWO_Z1-ELIT,GWO,Z1,ELIT,Z,212547.0
GWO_Z1-ELIT,GWO,Z1,ELIT,Z,216807.0
GWO_Z1-ELIT,GWO,Z1,ELIT,Z,215106.0
GWO_Z1-ELIT,GWO,Z1,ELIT,Z,208400.0
GWO_Z1-ELIT,GWO,Z1,ELIT,Z,214216.0
GWO_Z1-ELIT,GWO,Z1,ELIT,Z,214638.0
GWO_Z1-ELIT,GWO,Z1,ELIT,Z,216485.0
GWO_Z1-ELIT,GWO,Z1,ELIT,Z,212267.0
GWO_Z1-ELIT,GWO,Z1,ELIT,Z,222004.0
GWO_Z1-ELIT,GWO,Z1,ELIT,Z,214168.0
GWO_Z1-ELIT,GWO,Z1,ELIT,Z,213656.0
GWO_Z1-ELIT,GWO,Z1,ELIT,Z,210711.0
GWO_Z1-ELIT,GWO,Z1,ELIT,Z,215862.0
GWO_Z1-ELIT,GWO,Z1,ELIT,Z,219217.0
GWO_Z1-ELIT,GWO,Z1,ELIT,Z,216505.0
GWO_Z1-ELIT,GWO,Z1,ELIT,Z,213874.0
GWO_Z1-ELIT,GWO,Z1,ELIT,Z,217812.0
GWO_Z1-ELIT,GWO,Z1,ELIT,Z,218028.0
GWO_Z1-ELIT,GWO,Z1,ELIT,Z,208236.0
GWO_Z1-ELIT,GWO,Z1,ELIT,Z,215493.0
GWO_Z1-ELIT,GWO,Z1,ELIT,Z,216451.0
GWO_Z1-ELIT,GWO,Z1,ELIT,Z,217547.0
GWO_Z1-ELIT,GWO,Z1,ELIT,Z,212622.0
GWO_Z1-ELIT,GWO,Z1,ELIT,Z,214649.0
GWO_Z1-ELIT,GWO,Z1,ELIT,Z,209216.0
GWO_Z1-ELIT,GWO,Z1,ELIT,Z,214484.0
GWO_Z1-ELIT,GWO,Z1,ELIT,Z,222368.0
GWO_Z1-ELIT,GWO,Z1,ELIT,Z,213258.0
GWO_Z1-ELIT,GWO,Z1,ELIT,Z,215007.0
GWO_Z2-ELIT,GWO,Z2,ELIT,Z,212615.0
GWO_Z2-ELIT,GWO,Z2,ELIT,Z,210069.0
GWO_Z2-ELIT,GWO,Z2,ELIT,Z,212932.0
GWO_Z2-ELIT,GWO,Z2,ELIT,Z,213159.0
GWO_Z2-ELIT,GWO,Z2,ELIT,Z,218398.0
GWO_Z2-ELIT,GWO,Z2,ELIT,Z,214480.0
GWO_Z2-ELIT,GWO,Z2,ELIT,Z,220382.0
GWO_Z2-ELIT,GWO,Z2,ELIT,Z,209578.0
GWO_Z2-ELIT,GWO,Z2,ELIT,Z,214968.0
GWO_Z2-ELIT,GWO,Z2,ELIT,Z,215704.0
GWO_Z2-ELIT,GWO,Z2,ELIT,Z,213832.0
GWO_Z2-ELIT,GWO,Z2,ELIT,Z,215098.0
GWO_Z2-ELIT,GWO,Z2,ELIT,Z,213113.0
GWO_Z2-ELIT,GWO,Z2,ELIT,Z,217675.0
GWO_Z2-ELIT,GWO,Z2,ELIT,Z,212160.0
GWO_Z2-ELIT,GWO,Z2,ELIT,Z,219796.0
GWO_Z2-ELIT,GWO,Z2,ELIT,Z,212484.0
GWO_Z2-ELIT,GWO,Z2,ELIT,Z,214718.0
GWO_Z2-ELIT,GWO,Z2,ELIT,Z,220029.0
GWO_Z2-ELIT,GWO,Z2,ELIT,Z,211124.0
GWO_Z2-ELIT,GWO,Z2,ELIT,Z,217514.0
GWO_Z2-ELIT,GWO,Z2,ELIT,Z,215917.0
GWO_Z2-ELIT,GWO,Z2,ELIT,Z,214973.0
GWO_Z2-ELIT,GWO,Z2,ELIT,Z,212666.0
GWO_Z2-ELIT,GWO,Z2,ELIT,Z,216510.0
GWO_Z2-ELIT,GWO,Z2,ELIT,Z,215993.0
GWO_Z2-ELIT,GWO,Z2,ELIT,Z,209237.0
GWO_Z2-ELIT,GWO,Z2,ELIT,Z,212918.0
GWO_Z2-ELIT,GWO,Z2,ELIT,Z,216977.0
GWO_Z2-ELIT,GWO,Z2,ELIT,Z,213341.0
GWO_Z2-ELIT,GWO,Z2,ELIT,Z,219183.0
GWO_Z3-ELIT,GWO,Z3,ELIT,Z,213486.0
GWO_Z3-ELIT,GWO,Z3,ELIT,Z,216546.0
GWO_Z3-ELIT,GWO,Z3,ELIT,Z,214486.0
GWO_Z3-ELIT,GWO,Z3,ELIT,Z,217243.0
GWO_Z3-ELIT,GWO,Z3,ELIT,Z,219407.0
GWO_Z3-ELIT,GWO,Z3,ELIT,Z,209939.0
GWO_Z3-ELIT,GWO,Z3,ELIT,Z,217135.0
GWO_Z3-ELIT,GWO,Z3,ELIT,Z,214919.0
GWO_Z3-ELIT,GWO,Z3,ELIT,Z,216153.0
GWO_Z3-ELIT,GWO,Z3,ELIT,Z,209804.0
GWO_Z3-ELIT,GWO,Z3,ELIT,Z,214828.0
GWO_Z3-ELIT,GWO,Z3,ELIT,Z,213706.0
GWO_Z3-ELIT,GWO,Z3,ELIT,Z,215102.0
GWO_Z3-ELIT,GWO,Z3,ELIT,Z,213294.0
GWO_Z3-ELIT,GWO,Z3,ELIT,Z,220922.0
GWO_Z3-ELIT,GWO,Z3,ELIT,Z,209844.0
GWO_Z3-ELIT,GWO,Z3,ELIT,Z,215250.0
GWO_Z3-ELIT,GWO,Z3,ELIT,Z,214776.0
GWO_Z3-ELIT,GWO,Z3,ELIT,Z,216674.0
GWO_Z3-ELIT,GWO,Z3,ELIT,Z,215471.0
GWO_Z3-ELIT,GWO,Z3,ELIT,Z,213889.0
GWO_Z3-ELIT,GWO,Z3,ELIT,Z,213946.0
GWO_Z3-ELIT,GWO,Z3,ELIT,Z,219259.0
GWO_Z3-ELIT,GWO,Z3,ELIT,Z,215424.0
GWO_Z3-ELIT,GWO,Z3,ELIT,Z,218658.0
GWO_Z3-ELIT,GWO,Z3,ELIT,Z,214695.0
GWO_Z3-ELIT,GWO,Z3,ELIT,Z,214448.0
GWO_Z3-ELIT,GWO,Z3,ELIT,Z,217726.0
GWO_Z3-ELIT,GWO,Z3,ELIT,Z,217912.0
GWO_Z3-ELIT,GWO,Z3,ELIT,Z,220346.0
GWO_Z3-ELIT,GWO,Z3,ELIT,Z,215234.0
GWO_Z4-ELIT,GWO,Z4,ELIT,Z,209161.0
GWO_Z4-ELIT,GWO,Z4,ELIT,Z,215678.0
GWO_Z4-ELIT,GWO,Z4,ELIT,Z,215116.0
GWO_Z4-ELIT,GWO,Z4,ELIT,Z,216220.0
GWO_Z4-ELIT,GWO,Z4,ELIT,Z,212784.0
GWO_Z4-ELIT,GWO,Z4,ELIT,Z,212947.0
GWO_Z4-ELIT,GWO,Z4,ELIT,Z,220577.0
GWO_Z4-ELIT,GWO,Z4,ELIT,Z,219149.0
GWO_Z4-ELIT,GWO,Z4,ELIT,Z,214444.0
GWO_Z4-ELIT,GWO,Z4,ELIT,Z,212863.0
GWO_Z4-ELIT,GWO,Z4,ELIT,Z,221760.0
GWO_Z4-ELIT,GWO,Z4,ELIT,Z,209927.0
GWO_Z4-ELIT,GWO,Z4,ELIT,Z,219108.0
GWO_Z4-ELIT,GWO,Z4,ELIT,Z,213938.0
GWO_Z4-ELIT,GWO,Z4,ELIT,Z,213988.0
GWO_Z4-ELIT,GWO,Z4,ELIT,Z,214904.0
GWO_Z4-ELIT,GWO,Z4,ELIT,Z,212941.0
GWO_Z4-ELIT,GWO,Z4,ELIT,Z,215447.0
GWO_Z4-ELIT,GWO,Z4,ELIT,Z,219051.0
GWO_Z4-ELIT,GWO,Z4,ELIT,Z,216680.0
GWO_Z4-ELIT,GWO,Z4,ELIT,Z,210142.0
GWO_Z4-ELIT,GWO,Z4,ELIT,Z,213716.0
GWO_Z4-ELIT,GWO,Z4,ELIT,Z,218361.0
GWO_Z4-ELIT,GWO,Z4,ELIT,Z,215592.0
GWO_Z4-ELIT,GWO,Z4,ELIT,Z,213490.0
GWO_Z4-ELIT,GWO,Z4,ELIT,Z,213491.0
GWO_Z4-ELIT,GWO,Z4,ELIT,Z,220816.0
GWO_Z4-ELIT,GWO,Z4,ELIT,Z,219419.0
GWO_Z4-ELIT,GWO,Z4,ELIT,Z,214785.0
GWO_Z4-ELIT,GWO,Z4,ELIT,Z,211498.0
GWO_Z4-ELIT,GWO,Z4,ELIT,Z,218475.0
